id_documento,id_siniestro,tipo_documento,entregado,legible,fecha_emision,inconsistencia_detectada,adulteracion_confirmada,observacion
DOC000001,SIN00001,denuncia,True,True,2026-01-08,False,False,
DOC000002,SIN00001,factura_taller,True,True,2026-01-08,False,False,
DOC000003,SIN00001,fotos,True,True,2026-01-08,False,False,
DOC000004,SIN00001,informe_perito,True,True,2026-01-08,False,False,
DOC000005,SIN00002,denuncia,True,True,2025-05-14,False,False,
DOC000006,SIN00002,factura_taller,True,True,2025-05-14,False,False,
DOC000007,SIN00002,fotos,True,True,2025-05-14,False,False,
DOC000008,SIN00002,informe_perito,True,True,2025-05-14,False,False,
DOC000009,SIN00003,denuncia,False,True,2025-01-23,False,False,
DOC000010,SIN00003,factura_taller,False,True,2025-01-23,True,True,Alteracion simulada para demo
DOC000011,SIN00003,fotos,True,True,2025-01-23,True,False,
DOC000012,SIN00003,informe_perito,True,True,2025-01-23,False,False,
DOC000013,SIN00004,denuncia,True,True,2025-09-01,False,False,
DOC000014,SIN00004,factura_taller,True,True,2025-09-01,False,False,
DOC000015,SIN00004,fotos,True,True,2025-09-01,False,False,
DOC000016,SIN00004,informe_perito,True,True,2025-09-01,False,False,
DOC000017,SIN00005,denuncia,True,True,2025-11-13,False,False,
DOC000018,SIN00005,factura_taller,True,True,2025-11-13,False,False,
DOC000019,SIN00005,fotos,True,True,2025-11-13,False,False,
DOC000020,SIN00005,informe_perito,True,True,2025-11-13,False,False,
DOC000021,SIN00006,denuncia,True,True,2025-06-26,False,False,
DOC000022,SIN00006,factura_taller,True,True,2025-06-26,False,False,
DOC000023,SIN00006,fotos,True,True,2025-06-26,False,False,
DOC000024,SIN00006,informe_perito,True,True,2025-06-26,False,False,
DOC000025,SIN00007,denuncia,True,True,2024-07-31,False,False,
DOC000026,SIN00007,factura_taller,True,True,2024-07-31,False,False,
DOC000027,SIN00007,fotos,True,True,2024-07-31,False,False,
DOC000028,SIN00007,informe_perito,True,True,2024-07-31,False,False,
DOC000029,SIN00008,denuncia,True,True,2025-02-22,False,False,
DOC000030,SIN00008,factura_taller,False,True,2025-02-22,True,False,
DOC000031,SIN00008,fotos,True,True,2025-02-22,False,False,
DOC000032,SIN00008,informe_perito,True,True,2025-02-22,False,False,
DOC000033,SIN00009,denuncia,True,True,2025-08-11,False,False,
DOC000034,SIN00009,factura_taller,True,True,2025-08-11,False,False,
DOC000035,SIN00009,fotos,True,True,2025-08-11,False,False,
DOC000036,SIN00009,informe_perito,True,True,2025-08-11,False,False,
DOC000037,SIN00010,denuncia,True,True,2025-05-13,False,False,
DOC000038,SIN00010,factura_taller,True,True,2025-05-13,False,False,
DOC000039,SIN00010,fotos,True,True,2025-05-13,False,False,
DOC000040,SIN00010,informe_perito,True,True,2025-05-13,False,False,
DOC000041,SIN00011,denuncia,True,True,2024-10-13,False,False,
DOC000042,SIN00011,factura_taller,True,True,2024-10-13,False,False,
DOC000043,SIN00011,fotos,True,True,2024-10-13,True,False,
DOC000044,SIN00011,informe_perito,True,True,2024-10-13,False,False,
DOC000045,SIN00012,denuncia,True,True,2025-10-27,False,False,
DOC000046,SIN00012,factura_taller,True,True,2025-10-27,False,False,
DOC000047,SIN00012,fotos,True,True,2025-10-27,False,False,
DOC000048,SIN00012,informe_perito,True,True,2025-10-27,False,False,
DOC000049,SIN00013,denuncia,True,True,2026-04-15,False,False,
DOC000050,SIN00013,factura_taller,True,True,2026-04-15,False,False,
DOC000051,SIN00013,fotos,True,True,2026-04-15,False,False,
DOC000052,SIN00013,informe_perito,True,True,2026-04-15,False,False,
DOC000053,SIN00014,denuncia,True,True,2025-11-27,False,False,
DOC000054,SIN00014,factura_taller,True,True,2025-11-27,False,False,
DOC000055,SIN00014,fotos,True,True,2025-11-27,False,False,
DOC000056,SIN00014,informe_perito,True,True,2025-11-27,False,False,
DOC000057,SIN00015,denuncia,True,True,2025-08-18,False,False,
DOC000058,SIN00015,factura_taller,True,True,2025-08-18,False,False,
DOC000059,SIN00015,fotos,True,True,2025-08-18,False,False,
DOC000060,SIN00015,informe_perito,True,True,2025-08-18,False,False,
DOC000061,SIN00016,denuncia,True,True,2025-03-11,False,False,
DOC000062,SIN00016,factura_taller,True,True,2025-03-11,False,False,
DOC000063,SIN00016,fotos,True,True,2025-03-11,False,False,
DOC000064,SIN00016,informe_perito,True,True,2025-03-11,True,False,
DOC000065,SIN00017,denuncia,True,True,2024-07-04,False,False,
DOC000066,SIN00017,factura_taller,True,True,2024-07-04,False,False,
DOC000067,SIN00017,fotos,True,True,2024-07-04,False,False,
DOC000068,SIN00017,informe_perito,True,True,2024-07-04,False,False,
DOC000069,SIN00018,denuncia,True,True,2026-01-02,False,False,
DOC000070,SIN00018,factura_taller,True,True,2026-01-02,False,False,
DOC000071,SIN00018,fotos,True,True,2026-01-02,False,False,
DOC000072,SIN00018,informe_perito,True,True,2026-01-02,False,False,
DOC000073,SIN00019,denuncia,True,True,2025-07-26,False,False,
DOC000074,SIN00019,factura_taller,True,True,2025-07-26,False,False,
DOC000075,SIN00019,fotos,False,True,2025-07-26,False,False,
DOC000076,SIN00019,informe_perito,True,True,2025-07-26,False,False,
DOC000077,SIN00020,denuncia,True,True,2025-06-09,True,False,
DOC000078,SIN00020,factura_taller,True,True,2025-06-09,False,False,
DOC000079,SIN00020,fotos,True,True,2025-06-09,False,False,
DOC000080,SIN00020,informe_perito,True,True,2025-06-09,False,False,
DOC000081,SIN00021,denuncia,True,True,2024-03-28,False,False,
DOC000082,SIN00021,factura_taller,True,True,2024-03-28,False,False,
DOC000083,SIN00021,fotos,True,True,2024-03-28,False,False,
DOC000084,SIN00021,informe_perito,True,True,2024-03-28,False,False,
DOC000085,SIN00022,denuncia,True,True,2025-01-17,False,False,
DOC000086,SIN00022,factura_taller,True,True,2025-01-17,False,False,
DOC000087,SIN00022,fotos,True,True,2025-01-17,False,False,
DOC000088,SIN00022,informe_perito,True,True,2025-01-17,False,False,
DOC000089,SIN00023,denuncia,True,True,2025-07-27,False,False,
DOC000090,SIN00023,factura_taller,True,True,2025-07-27,False,False,
DOC000091,SIN00023,fotos,True,True,2025-07-27,False,False,
DOC000092,SIN00023,informe_perito,True,True,2025-07-27,False,False,
DOC000093,SIN00024,denuncia,True,True,2025-09-10,False,False,
DOC000094,SIN00024,factura_taller,True,True,2025-09-10,False,False,
DOC000095,SIN00024,fotos,True,True,2025-09-10,False,False,
DOC000096,SIN00024,informe_perito,True,True,2025-09-10,False,False,
DOC000097,SIN00025,denuncia,True,True,2024-12-09,False,False,
DOC000098,SIN00025,factura_taller,True,True,2024-12-09,False,False,
DOC000099,SIN00025,fotos,True,True,2024-12-09,False,False,
DOC000100,SIN00025,informe_perito,True,True,2024-12-09,True,False,
DOC000101,SIN00026,denuncia,False,True,2025-02-12,False,False,
DOC000102,SIN00026,factura_taller,True,True,2025-02-12,False,False,
DOC000103,SIN00026,fotos,True,True,2025-02-12,False,False,
DOC000104,SIN00026,informe_perito,True,True,2025-02-12,False,False,
DOC000105,SIN00027,denuncia,True,True,2024-06-23,False,False,
DOC000106,SIN00027,factura_taller,True,True,2024-06-23,False,False,
DOC000107,SIN00027,fotos,True,True,2024-06-23,False,False,
DOC000108,SIN00027,informe_perito,True,True,2024-06-23,False,False,
DOC000109,SIN00028,denuncia,True,True,2025-04-04,False,False,
DOC000110,SIN00028,factura_taller,True,True,2025-04-04,False,False,
DOC000111,SIN00028,fotos,True,True,2025-04-04,False,False,
DOC000112,SIN00028,informe_perito,True,True,2025-04-04,False,False,
DOC000113,SIN00029,denuncia,True,True,2026-03-16,False,False,
DOC000114,SIN00029,factura_taller,True,True,2026-03-16,False,False,
DOC000115,SIN00029,fotos,True,True,2026-03-16,False,False,
DOC000116,SIN00029,informe_perito,True,True,2026-03-16,False,False,
DOC000117,SIN00030,denuncia,True,True,2026-02-16,False,False,
DOC000118,SIN00030,factura_taller,True,True,2026-02-16,False,False,
DOC000119,SIN00030,fotos,True,True,2026-02-16,False,False,
DOC000120,SIN00030,informe_perito,True,True,2026-02-16,False,False,
DOC000121,SIN00031,denuncia,True,True,2024-01-18,False,False,
DOC000122,SIN00031,factura_taller,False,True,2024-01-18,False,False,
DOC000123,SIN00031,fotos,True,True,2024-01-18,True,False,
DOC000124,SIN00031,informe_perito,True,True,2024-01-18,False,False,
DOC000125,SIN00032,denuncia,True,True,2025-07-26,False,False,
DOC000126,SIN00032,factura_taller,True,True,2025-07-26,False,False,
DOC000127,SIN00032,fotos,True,True,2025-07-26,False,False,
DOC000128,SIN00032,informe_perito,True,True,2025-07-26,False,False,
DOC000129,SIN00033,denuncia,True,True,2025-02-14,False,False,
DOC000130,SIN00033,factura_taller,True,True,2025-02-14,False,False,
DOC000131,SIN00033,fotos,True,True,2025-02-14,False,False,
DOC000132,SIN00033,informe_perito,True,True,2025-02-14,False,False,
DOC000133,SIN00034,denuncia,True,True,2025-10-15,False,False,
DOC000134,SIN00034,factura_taller,True,True,2025-10-15,False,False,
DOC000135,SIN00034,fotos,True,True,2025-10-15,False,False,
DOC000136,SIN00034,informe_perito,True,True,2025-10-15,False,False,
DOC000137,SIN00035,denuncia,True,True,2024-04-09,False,False,
DOC000138,SIN00035,factura_taller,True,True,2024-04-09,False,False,
DOC000139,SIN00035,fotos,True,True,2024-04-09,False,False,
DOC000140,SIN00035,informe_perito,True,True,2024-04-09,False,False,
DOC000141,SIN00036,denuncia,True,True,2026-02-03,False,False,
DOC000142,SIN00036,factura_taller,True,True,2026-02-03,False,False,
DOC000143,SIN00036,fotos,True,True,2026-02-03,False,False,
DOC000144,SIN00036,informe_perito,True,True,2026-02-03,False,False,
DOC000145,SIN00037,denuncia,True,True,2025-04-26,False,False,
DOC000146,SIN00037,factura_taller,True,True,2025-04-26,False,False,
DOC000147,SIN00037,fotos,True,True,2025-04-26,False,False,
DOC000148,SIN00037,informe_perito,True,True,2025-04-26,False,False,
DOC000149,SIN00038,denuncia,True,True,2025-01-17,False,False,
DOC000150,SIN00038,factura_taller,True,True,2025-01-17,False,False,
DOC000151,SIN00038,fotos,True,True,2025-01-17,False,False,
DOC000152,SIN00038,informe_perito,True,True,2025-01-17,False,False,
DOC000153,SIN00039,denuncia,True,True,2026-01-29,False,False,
DOC000154,SIN00039,factura_taller,True,True,2026-01-29,False,False,
DOC000155,SIN00039,fotos,False,True,2026-01-29,False,False,
DOC000156,SIN00039,informe_perito,True,True,2026-01-29,False,False,
DOC000157,SIN00040,denuncia,True,True,2025-09-27,False,False,
DOC000158,SIN00040,factura_taller,True,True,2025-09-27,False,False,
DOC000159,SIN00040,fotos,True,True,2025-09-27,False,False,
DOC000160,SIN00040,informe_perito,True,True,2025-09-27,False,False,
DOC000161,SIN00041,denuncia,True,True,2025-10-14,False,False,
DOC000162,SIN00041,factura_taller,True,False,2025-10-14,False,False,
DOC000163,SIN00041,fotos,True,True,2025-10-14,False,False,
DOC000164,SIN00041,informe_perito,True,True,2025-10-14,False,False,
DOC000165,SIN00042,denuncia,True,True,2024-04-24,False,False,
DOC000166,SIN00042,factura_taller,True,True,2024-04-24,False,False,
DOC000167,SIN00042,fotos,True,True,2024-04-24,False,False,
DOC000168,SIN00042,informe_perito,True,True,2024-04-24,False,False,
DOC000169,SIN00043,denuncia,True,True,2025-08-24,False,False,
DOC000170,SIN00043,factura_taller,True,True,2025-08-24,False,False,
DOC000171,SIN00043,fotos,True,True,2025-08-24,False,False,
DOC000172,SIN00043,informe_perito,True,True,2025-08-24,False,False,
DOC000173,SIN00044,denuncia,True,True,2024-03-02,False,False,
DOC000174,SIN00044,factura_taller,True,True,2024-03-02,False,False,
DOC000175,SIN00044,fotos,False,True,2024-03-02,False,False,
DOC000176,SIN00044,informe_perito,True,True,2024-03-02,False,False,
DOC000177,SIN00045,denuncia,True,True,2024-09-22,False,False,
DOC000178,SIN00045,factura_taller,True,True,2024-09-22,False,False,
DOC000179,SIN00045,fotos,True,True,2024-09-22,False,False,
DOC000180,SIN00045,informe_perito,True,True,2024-09-22,False,False,
DOC000181,SIN00046,denuncia,True,True,2025-11-11,False,False,
DOC000182,SIN00046,factura_taller,True,True,2025-11-11,False,False,
DOC000183,SIN00046,fotos,True,True,2025-11-11,False,False,
DOC000184,SIN00046,informe_perito,True,True,2025-11-11,False,False,
DOC000185,SIN00047,denuncia,True,True,2025-01-24,False,False,
DOC000186,SIN00047,factura_taller,True,True,2025-01-24,False,False,
DOC000187,SIN00047,fotos,True,True,2025-01-24,False,False,
DOC000188,SIN00047,informe_perito,True,True,2025-01-24,False,False,
DOC000189,SIN00048,denuncia,True,True,2025-03-16,False,False,
DOC000190,SIN00048,factura_taller,True,True,2025-03-16,False,False,
DOC000191,SIN00048,fotos,True,True,2025-03-16,False,False,
DOC000192,SIN00048,informe_perito,True,True,2025-03-16,False,False,
DOC000193,SIN00049,denuncia,True,True,2025-10-28,False,False,
DOC000194,SIN00049,factura_taller,True,True,2025-10-28,False,False,
DOC000195,SIN00049,fotos,True,True,2025-10-28,False,False,
DOC000196,SIN00049,informe_perito,True,True,2025-10-28,False,False,
DOC000197,SIN00050,denuncia,True,True,2024-11-10,False,False,
DOC000198,SIN00050,factura_taller,True,True,2024-11-10,False,False,
DOC000199,SIN00050,fotos,True,True,2024-11-10,False,False,
DOC000200,SIN00050,informe_perito,True,True,2024-11-10,False,False,
DOC000201,SIN00051,denuncia,True,True,2025-11-14,False,False,
DOC000202,SIN00051,factura_taller,True,True,2025-11-14,False,False,
DOC000203,SIN00051,fotos,True,True,2025-11-14,False,False,
DOC000204,SIN00051,informe_perito,True,True,2025-11-14,False,False,
DOC000205,SIN00052,denuncia,True,True,2025-02-14,False,False,
DOC000206,SIN00052,factura_taller,True,True,2025-02-14,False,False,
DOC000207,SIN00052,fotos,True,True,2025-02-14,False,False,
DOC000208,SIN00052,informe_perito,False,True,2025-02-14,False,False,
DOC000209,SIN00053,denuncia,True,True,2024-10-27,False,False,
DOC000210,SIN00053,factura_taller,True,True,2024-10-27,False,False,
DOC000211,SIN00053,fotos,True,True,2024-10-27,False,False,
DOC000212,SIN00053,informe_perito,True,True,2024-10-27,False,False,
DOC000213,SIN00054,denuncia,True,True,2025-10-09,False,False,
DOC000214,SIN00054,factura_taller,True,True,2025-10-09,False,False,
DOC000215,SIN00054,fotos,True,True,2025-10-09,False,False,
DOC000216,SIN00054,informe_perito,True,True,2025-10-09,False,False,
DOC000217,SIN00055,denuncia,True,True,2025-08-21,False,False,
DOC000218,SIN00055,factura_taller,True,True,2025-08-21,False,False,
DOC000219,SIN00055,fotos,True,True,2025-08-21,False,False,
DOC000220,SIN00055,informe_perito,True,True,2025-08-21,False,False,
DOC000221,SIN00056,denuncia,True,True,2025-03-03,False,False,
DOC000222,SIN00056,factura_taller,False,True,2025-03-03,True,False,
DOC000223,SIN00056,fotos,True,True,2025-03-03,False,False,
DOC000224,SIN00056,informe_perito,True,True,2025-03-03,False,False,
DOC000225,SIN00057,denuncia,True,True,2026-02-08,False,False,
DOC000226,SIN00057,factura_taller,True,True,2026-02-08,False,False,
DOC000227,SIN00057,fotos,True,True,2026-02-08,False,False,
DOC000228,SIN00057,informe_perito,True,True,2026-02-08,False,False,
DOC000229,SIN00058,denuncia,True,True,2024-12-26,False,False,
DOC000230,SIN00058,factura_taller,True,True,2024-12-26,True,False,
DOC000231,SIN00058,fotos,True,True,2024-12-26,False,False,
DOC000232,SIN00058,informe_perito,True,True,2024-12-26,False,False,
DOC000233,SIN00059,denuncia,True,True,2024-07-24,False,False,
DOC000234,SIN00059,factura_taller,True,True,2024-07-24,False,False,
DOC000235,SIN00059,fotos,False,True,2024-07-24,False,False,
DOC000236,SIN00059,informe_perito,True,True,2024-07-24,False,False,
DOC000237,SIN00060,denuncia,True,True,2025-01-09,False,False,
DOC000238,SIN00060,factura_taller,True,True,2025-01-09,False,False,
DOC000239,SIN00060,fotos,True,True,2025-01-09,False,False,
DOC000240,SIN00060,informe_perito,True,True,2025-01-09,False,False,
DOC000241,SIN00061,denuncia,True,True,2025-06-11,False,False,
DOC000242,SIN00061,factura_taller,True,True,2025-06-11,False,False,
DOC000243,SIN00061,fotos,True,True,2025-06-11,False,False,
DOC000244,SIN00061,informe_perito,True,True,2025-06-11,False,False,
DOC000245,SIN00062,denuncia,True,True,2024-12-08,False,False,
DOC000246,SIN00062,factura_taller,True,True,2024-12-08,True,False,
DOC000247,SIN00062,fotos,True,False,2024-12-08,False,False,
DOC000248,SIN00062,informe_perito,True,True,2024-12-08,True,False,
DOC000249,SIN00063,denuncia,True,True,2025-03-09,False,False,
DOC000250,SIN00063,factura_taller,True,True,2025-03-09,False,False,
DOC000251,SIN00063,fotos,True,True,2025-03-09,False,False,
DOC000252,SIN00063,informe_perito,True,True,2025-03-09,False,False,
DOC000253,SIN00064,denuncia,True,True,2024-09-03,False,False,
DOC000254,SIN00064,factura_taller,True,True,2024-09-03,False,False,
DOC000255,SIN00064,fotos,True,True,2024-09-03,False,False,
DOC000256,SIN00064,informe_perito,True,True,2024-09-03,False,False,
DOC000257,SIN00065,denuncia,True,True,2025-08-20,False,False,
DOC000258,SIN00065,factura_taller,True,True,2025-08-20,True,False,
DOC000259,SIN00065,fotos,True,True,2025-08-20,False,False,
DOC000260,SIN00065,informe_perito,True,True,2025-08-20,True,False,
DOC000261,SIN00066,denuncia,True,True,2024-09-24,False,False,
DOC000262,SIN00066,factura_taller,True,True,2024-09-24,False,False,
DOC000263,SIN00066,fotos,True,True,2024-09-24,False,False,
DOC000264,SIN00066,informe_perito,True,True,2024-09-24,False,False,
DOC000265,SIN00067,denuncia,False,True,2024-10-15,False,False,
DOC000266,SIN00067,factura_taller,True,True,2024-10-15,False,False,
DOC000267,SIN00067,fotos,True,True,2024-10-15,False,False,
DOC000268,SIN00067,informe_perito,True,True,2024-10-15,True,False,
DOC000269,SIN00068,denuncia,True,True,2025-08-28,True,False,
DOC000270,SIN00068,factura_taller,True,True,2025-08-28,False,False,
DOC000271,SIN00068,fotos,True,True,2025-08-28,False,False,
DOC000272,SIN00068,informe_perito,True,True,2025-08-28,False,False,
DOC000273,SIN00069,denuncia,True,True,2025-01-31,False,False,
DOC000274,SIN00069,factura_taller,True,True,2025-01-31,False,False,
DOC000275,SIN00069,fotos,True,False,2025-01-31,False,False,
DOC000276,SIN00069,informe_perito,True,True,2025-01-31,False,False,
DOC000277,SIN00070,denuncia,True,True,2025-04-19,False,False,
DOC000278,SIN00070,factura_taller,True,True,2025-04-19,False,False,
DOC000279,SIN00070,fotos,True,True,2025-04-19,False,False,
DOC000280,SIN00070,informe_perito,True,True,2025-04-19,False,False,
DOC000281,SIN00071,denuncia,True,True,2025-01-06,False,False,
DOC000282,SIN00071,factura_taller,True,True,2025-01-06,False,False,
DOC000283,SIN00071,fotos,True,True,2025-01-06,False,False,
DOC000284,SIN00071,informe_perito,True,True,2025-01-06,False,False,
DOC000285,SIN00072,denuncia,True,True,2024-08-04,False,False,
DOC000286,SIN00072,factura_taller,True,True,2024-08-04,False,False,
DOC000287,SIN00072,fotos,True,True,2024-08-04,False,False,
DOC000288,SIN00072,informe_perito,True,True,2024-08-04,False,False,
DOC000289,SIN00073,denuncia,True,True,2024-06-25,False,False,
DOC000290,SIN00073,factura_taller,True,True,2024-06-25,False,False,
DOC000291,SIN00073,fotos,True,True,2024-06-25,False,False,
DOC000292,SIN00073,informe_perito,True,True,2024-06-25,False,False,
DOC000293,SIN00074,denuncia,True,False,2025-11-17,False,False,
DOC000294,SIN00074,factura_taller,True,True,2025-11-17,False,False,
DOC000295,SIN00074,fotos,True,True,2025-11-17,False,False,
DOC000296,SIN00074,informe_perito,True,True,2025-11-17,False,False,
DOC000297,SIN00075,denuncia,True,True,2025-03-05,False,False,
DOC000298,SIN00075,factura_taller,True,True,2025-03-05,False,False,
DOC000299,SIN00075,fotos,True,True,2025-03-05,False,False,
DOC000300,SIN00075,informe_perito,True,True,2025-03-05,False,False,
DOC000301,SIN00076,denuncia,True,True,2025-06-10,False,False,
DOC000302,SIN00076,factura_taller,True,True,2025-06-10,False,False,
DOC000303,SIN00076,fotos,True,True,2025-06-10,False,False,
DOC000304,SIN00076,informe_perito,True,True,2025-06-10,False,False,
DOC000305,SIN00077,denuncia,True,True,2025-12-19,False,False,
DOC000306,SIN00077,factura_taller,True,True,2025-12-19,False,False,
DOC000307,SIN00077,fotos,False,True,2025-12-19,False,False,
DOC000308,SIN00077,informe_perito,True,True,2025-12-19,False,False,
DOC000309,SIN00078,denuncia,True,True,2025-04-10,False,False,
DOC000310,SIN00078,factura_taller,True,True,2025-04-10,False,False,
DOC000311,SIN00078,fotos,True,True,2025-04-10,False,False,
DOC000312,SIN00078,informe_perito,True,True,2025-04-10,False,False,
DOC000313,SIN00079,denuncia,True,True,2024-03-09,False,False,
DOC000314,SIN00079,factura_taller,True,True,2024-03-09,False,False,
DOC000315,SIN00079,fotos,True,True,2024-03-09,False,False,
DOC000316,SIN00079,informe_perito,True,True,2024-03-09,False,False,
DOC000317,SIN00080,denuncia,True,True,2024-10-21,False,False,
DOC000318,SIN00080,factura_taller,True,True,2024-10-21,False,False,
DOC000319,SIN00080,fotos,True,True,2024-10-21,False,False,
DOC000320,SIN00080,informe_perito,True,True,2024-10-21,False,False,
DOC000321,SIN00081,denuncia,True,True,2026-08-03,False,False,
DOC000322,SIN00081,factura_taller,True,True,2026-08-03,False,False,
DOC000323,SIN00081,fotos,True,True,2026-08-03,False,False,
DOC000324,SIN00081,informe_perito,True,True,2026-08-03,False,False,
DOC000325,SIN00082,denuncia,True,True,2026-01-19,False,False,
DOC000326,SIN00082,factura_taller,True,True,2026-01-19,False,False,
DOC000327,SIN00082,fotos,True,True,2026-01-19,False,False,
DOC000328,SIN00082,informe_perito,True,True,2026-01-19,False,False,
DOC000329,SIN00083,denuncia,True,True,2024-03-29,False,False,
DOC000330,SIN00083,factura_taller,True,True,2024-03-29,False,False,
DOC000331,SIN00083,fotos,True,True,2024-03-29,False,False,
DOC000332,SIN00083,informe_perito,True,True,2024-03-29,False,False,
DOC000333,SIN00084,denuncia,True,True,2025-01-25,False,False,
DOC000334,SIN00084,factura_taller,True,True,2025-01-25,False,False,
DOC000335,SIN00084,fotos,True,True,2025-01-25,False,False,
DOC000336,SIN00084,informe_perito,True,True,2025-01-25,False,False,
DOC000337,SIN00085,denuncia,True,True,2024-09-04,False,False,
DOC000338,SIN00085,factura_taller,True,True,2024-09-04,False,False,
DOC000339,SIN00085,fotos,True,True,2024-09-04,False,False,
DOC000340,SIN00085,informe_perito,True,True,2024-09-04,False,False,
DOC000341,SIN00086,denuncia,True,True,2025-12-14,False,False,
DOC000342,SIN00086,factura_taller,True,True,2025-12-14,False,False,
DOC000343,SIN00086,fotos,True,True,2025-12-14,False,False,
DOC000344,SIN00086,informe_perito,True,True,2025-12-14,False,False,
DOC000345,SIN00087,denuncia,True,True,2025-03-31,False,False,
DOC000346,SIN00087,factura_taller,True,True,2025-03-31,False,False,
DOC000347,SIN00087,fotos,True,True,2025-03-31,False,False,
DOC000348,SIN00087,informe_perito,True,True,2025-03-31,False,False,
DOC000349,SIN00088,denuncia,True,True,2026-01-25,False,False,
DOC000350,SIN00088,factura_taller,True,True,2026-01-25,False,False,
DOC000351,SIN00088,fotos,True,True,2026-01-25,False,False,
DOC000352,SIN00088,informe_perito,False,False,2026-01-25,False,False,
DOC000353,SIN00089,denuncia,True,True,2024-11-17,False,False,
DOC000354,SIN00089,factura_taller,True,True,2024-11-17,False,False,
DOC000355,SIN00089,fotos,True,True,2024-11-17,False,False,
DOC000356,SIN00089,informe_perito,True,True,2024-11-17,False,False,
DOC000357,SIN00090,denuncia,True,True,2025-05-01,False,False,
DOC000358,SIN00090,factura_taller,True,True,2025-05-01,False,False,
DOC000359,SIN00090,fotos,True,True,2025-05-01,False,False,
DOC000360,SIN00090,informe_perito,True,True,2025-05-01,False,False,
DOC000361,SIN00091,denuncia,True,True,2024-06-03,False,False,
DOC000362,SIN00091,factura_taller,True,True,2024-06-03,False,False,
DOC000363,SIN00091,fotos,True,True,2024-06-03,False,False,
DOC000364,SIN00091,informe_perito,True,True,2024-06-03,False,False,
DOC000365,SIN00092,denuncia,False,True,2025-06-27,True,False,
DOC000366,SIN00092,factura_taller,True,True,2025-06-27,False,False,
DOC000367,SIN00092,fotos,True,True,2025-06-27,False,False,
DOC000368,SIN00092,informe_perito,True,True,2025-06-27,False,False,
DOC000369,SIN00093,denuncia,True,True,2025-03-26,False,False,
DOC000370,SIN00093,factura_taller,True,True,2025-03-26,False,False,
DOC000371,SIN00093,fotos,True,True,2025-03-26,False,False,
DOC000372,SIN00093,informe_perito,True,True,2025-03-26,False,False,
DOC000373,SIN00094,denuncia,True,True,2026-05-25,False,False,
DOC000374,SIN00094,factura_taller,True,True,2026-05-25,False,False,
DOC000375,SIN00094,fotos,True,True,2026-05-25,False,False,
DOC000376,SIN00094,informe_perito,True,True,2026-05-25,False,False,
DOC000377,SIN00095,denuncia,True,True,2025-12-31,False,False,
DOC000378,SIN00095,factura_taller,True,True,2025-12-31,False,False,
DOC000379,SIN00095,fotos,True,True,2025-12-31,False,False,
DOC000380,SIN00095,informe_perito,True,True,2025-12-31,False,False,
DOC000381,SIN00096,denuncia,True,True,2025-06-25,False,False,
DOC000382,SIN00096,factura_taller,True,True,2025-06-25,False,False,
DOC000383,SIN00096,fotos,True,True,2025-06-25,False,False,
DOC000384,SIN00096,informe_perito,False,True,2025-06-25,False,False,
DOC000385,SIN00097,denuncia,True,True,2026-07-02,False,False,
DOC000386,SIN00097,factura_taller,True,True,2026-07-02,False,False,
DOC000387,SIN00097,fotos,False,True,2026-07-02,False,False,
DOC000388,SIN00097,informe_perito,True,True,2026-07-02,False,False,
DOC000389,SIN00098,denuncia,True,True,2025-11-25,False,False,
DOC000390,SIN00098,factura_taller,True,True,2025-11-25,False,False,
DOC000391,SIN00098,fotos,True,True,2025-11-25,False,False,
DOC000392,SIN00098,informe_perito,True,True,2025-11-25,False,False,
DOC000393,SIN00099,denuncia,True,True,2024-03-29,False,False,
DOC000394,SIN00099,factura_taller,True,True,2024-03-29,False,False,
DOC000395,SIN00099,fotos,True,True,2024-03-29,False,False,
DOC000396,SIN00099,informe_perito,True,True,2024-03-29,False,False,
DOC000397,SIN00100,denuncia,True,True,2024-11-16,False,False,
DOC000398,SIN00100,factura_taller,True,True,2024-11-16,False,False,
DOC000399,SIN00100,fotos,True,True,2024-11-16,False,False,
DOC000400,SIN00100,informe_perito,True,True,2024-11-16,False,False,
DOC000401,SIN00101,denuncia,True,True,2025-10-31,False,False,
DOC000402,SIN00101,factura_taller,True,True,2025-10-31,False,False,
DOC000403,SIN00101,fotos,True,True,2025-10-31,False,False,
DOC000404,SIN00101,informe_perito,True,True,2025-10-31,False,False,
DOC000405,SIN00102,denuncia,True,True,2024-08-12,False,False,
DOC000406,SIN00102,factura_taller,True,True,2024-08-12,False,False,
DOC000407,SIN00102,fotos,True,True,2024-08-12,False,False,
DOC000408,SIN00102,informe_perito,True,True,2024-08-12,False,False,
DOC000409,SIN00103,denuncia,True,True,2025-09-05,True,False,
DOC000410,SIN00103,factura_taller,True,True,2025-09-05,False,False,
DOC000411,SIN00103,fotos,True,True,2025-09-05,False,False,
DOC000412,SIN00103,informe_perito,True,True,2025-09-05,True,False,
DOC000413,SIN00104,denuncia,True,True,2024-11-20,False,False,
DOC000414,SIN00104,factura_taller,True,True,2024-11-20,False,False,
DOC000415,SIN00104,fotos,True,True,2024-11-20,False,False,
DOC000416,SIN00104,informe_perito,True,True,2024-11-20,False,False,
DOC000417,SIN00105,denuncia,True,True,2025-04-16,False,False,
DOC000418,SIN00105,factura_taller,True,True,2025-04-16,False,False,
DOC000419,SIN00105,fotos,True,True,2025-04-16,False,False,
DOC000420,SIN00105,informe_perito,True,True,2025-04-16,False,False,
DOC000421,SIN00106,denuncia,True,True,2025-03-12,False,False,
DOC000422,SIN00106,factura_taller,True,True,2025-03-12,False,False,
DOC000423,SIN00106,fotos,True,True,2025-03-12,False,False,
DOC000424,SIN00106,informe_perito,True,True,2025-03-12,False,False,
DOC000425,SIN00107,denuncia,True,True,2025-04-18,False,False,
DOC000426,SIN00107,factura_taller,True,True,2025-04-18,False,False,
DOC000427,SIN00107,fotos,True,True,2025-04-18,False,False,
DOC000428,SIN00107,informe_perito,False,True,2025-04-18,False,False,
DOC000429,SIN00108,denuncia,True,True,2024-05-24,False,False,
DOC000430,SIN00108,factura_taller,False,True,2024-05-24,False,False,
DOC000431,SIN00108,fotos,True,True,2024-05-24,False,False,
DOC000432,SIN00108,informe_perito,True,True,2024-05-24,False,False,
DOC000433,SIN00109,denuncia,True,True,2026-02-15,False,False,
DOC000434,SIN00109,factura_taller,True,True,2026-02-15,False,False,
DOC000435,SIN00109,fotos,True,True,2026-02-15,False,False,
DOC000436,SIN00109,informe_perito,True,True,2026-02-15,False,False,
DOC000437,SIN00110,denuncia,True,True,2025-12-18,False,False,
DOC000438,SIN00110,factura_taller,True,True,2025-12-18,False,False,
DOC000439,SIN00110,fotos,True,True,2025-12-18,False,False,
DOC000440,SIN00110,informe_perito,True,True,2025-12-18,False,False,
DOC000441,SIN00111,denuncia,True,True,2026-04-08,False,False,
DOC000442,SIN00111,factura_taller,True,True,2026-04-08,False,False,
DOC000443,SIN00111,fotos,True,True,2026-04-08,False,False,
DOC000444,SIN00111,informe_perito,True,True,2026-04-08,False,False,
DOC000445,SIN00112,denuncia,True,False,2024-09-07,True,False,
DOC000446,SIN00112,factura_taller,True,True,2024-09-07,False,False,
DOC000447,SIN00112,fotos,True,True,2024-09-07,False,False,
DOC000448,SIN00112,informe_perito,True,True,2024-09-07,False,False,
DOC000449,SIN00113,denuncia,False,True,2024-05-15,False,False,
DOC000450,SIN00113,factura_taller,True,True,2024-05-15,False,False,
DOC000451,SIN00113,fotos,True,True,2024-05-15,False,False,
DOC000452,SIN00113,informe_perito,True,False,2024-05-15,False,False,
DOC000453,SIN00114,denuncia,True,True,2024-10-01,False,False,
DOC000454,SIN00114,factura_taller,True,True,2024-10-01,False,False,
DOC000455,SIN00114,fotos,True,True,2024-10-01,False,False,
DOC000456,SIN00114,informe_perito,True,True,2024-10-01,False,False,
DOC000457,SIN00115,denuncia,True,True,2024-11-11,False,False,
DOC000458,SIN00115,factura_taller,True,True,2024-11-11,False,False,
DOC000459,SIN00115,fotos,True,True,2024-11-11,False,False,
DOC000460,SIN00115,informe_perito,True,True,2024-11-11,False,False,
DOC000461,SIN00116,denuncia,True,True,2024-07-29,False,False,
DOC000462,SIN00116,factura_taller,True,True,2024-07-29,False,False,
DOC000463,SIN00116,fotos,True,True,2024-07-29,False,False,
DOC000464,SIN00116,informe_perito,True,True,2024-07-29,False,False,
DOC000465,SIN00117,denuncia,True,True,2024-07-23,False,False,
DOC000466,SIN00117,factura_taller,True,False,2024-07-23,False,False,
DOC000467,SIN00117,fotos,True,True,2024-07-23,False,False,
DOC000468,SIN00117,informe_perito,True,True,2024-07-23,False,False,
DOC000469,SIN00118,denuncia,True,True,2025-07-28,False,False,
DOC000470,SIN00118,factura_taller,True,True,2025-07-28,False,False,
DOC000471,SIN00118,fotos,True,True,2025-07-28,False,False,
DOC000472,SIN00118,informe_perito,True,True,2025-07-28,False,False,
DOC000473,SIN00119,denuncia,True,True,2025-04-06,False,False,
DOC000474,SIN00119,factura_taller,True,True,2025-04-06,False,False,
DOC000475,SIN00119,fotos,True,True,2025-04-06,False,False,
DOC000476,SIN00119,informe_perito,True,True,2025-04-06,False,False,
DOC000477,SIN00120,denuncia,True,True,2025-04-03,False,False,
DOC000478,SIN00120,factura_taller,True,True,2025-04-03,False,False,
DOC000479,SIN00120,fotos,True,True,2025-04-03,False,False,
DOC000480,SIN00120,informe_perito,True,True,2025-04-03,False,False,
DOC000481,SIN00121,denuncia,True,True,2025-02-25,False,False,
DOC000482,SIN00121,factura_taller,True,True,2025-02-25,False,False,
DOC000483,SIN00121,fotos,True,True,2025-02-25,False,False,
DOC000484,SIN00121,informe_perito,True,True,2025-02-25,False,False,
DOC000485,SIN00122,denuncia,True,True,2024-10-07,False,False,
DOC000486,SIN00122,factura_taller,True,True,2024-10-07,False,False,
DOC000487,SIN00122,fotos,True,True,2024-10-07,False,False,
DOC000488,SIN00122,informe_perito,True,True,2024-10-07,False,False,
DOC000489,SIN00123,denuncia,True,True,2025-01-12,False,False,
DOC000490,SIN00123,factura_taller,False,True,2025-01-12,False,False,
DOC000491,SIN00123,fotos,True,True,2025-01-12,False,False,
DOC000492,SIN00123,informe_perito,True,True,2025-01-12,False,False,
DOC000493,SIN00124,denuncia,True,True,2025-06-24,False,False,
DOC000494,SIN00124,factura_taller,True,True,2025-06-24,False,False,
DOC000495,SIN00124,fotos,True,True,2025-06-24,False,False,
DOC000496,SIN00124,informe_perito,True,True,2025-06-24,False,False,
DOC000497,SIN00125,denuncia,True,True,2025-07-05,False,False,
DOC000498,SIN00125,factura_taller,False,True,2025-07-05,False,False,
DOC000499,SIN00125,fotos,True,False,2025-07-05,False,False,
DOC000500,SIN00125,informe_perito,True,True,2025-07-05,False,False,
DOC000501,SIN00126,denuncia,True,True,2025-10-06,False,False,
DOC000502,SIN00126,factura_taller,True,True,2025-10-06,False,False,
DOC000503,SIN00126,fotos,True,True,2025-10-06,False,False,
DOC000504,SIN00126,informe_perito,False,False,2025-10-06,True,False,
DOC000505,SIN00127,denuncia,True,True,2025-06-08,False,False,
DOC000506,SIN00127,factura_taller,True,True,2025-06-08,False,False,
DOC000507,SIN00127,fotos,True,True,2025-06-08,False,False,
DOC000508,SIN00127,informe_perito,True,True,2025-06-08,False,False,
DOC000509,SIN00128,denuncia,True,True,2025-05-28,False,False,
DOC000510,SIN00128,factura_taller,True,True,2025-05-28,False,False,
DOC000511,SIN00128,fotos,True,True,2025-05-28,False,False,
DOC000512,SIN00128,informe_perito,True,True,2025-05-28,False,False,
DOC000513,SIN00129,denuncia,True,True,2025-02-06,False,False,
DOC000514,SIN00129,factura_taller,True,True,2025-02-06,False,False,
DOC000515,SIN00129,fotos,True,True,2025-02-06,False,False,
DOC000516,SIN00129,informe_perito,True,True,2025-02-06,False,False,
DOC000517,SIN00130,denuncia,True,True,2025-02-05,False,False,
DOC000518,SIN00130,factura_taller,True,True,2025-02-05,False,False,
DOC000519,SIN00130,fotos,True,True,2025-02-05,False,False,
DOC000520,SIN00130,informe_perito,True,True,2025-02-05,False,False,
DOC000521,SIN00131,denuncia,True,True,2025-12-12,False,False,
DOC000522,SIN00131,factura_taller,True,False,2025-12-12,False,False,
DOC000523,SIN00131,fotos,True,True,2025-12-12,False,False,
DOC000524,SIN00131,informe_perito,True,True,2025-12-12,False,False,
DOC000525,SIN00132,denuncia,True,True,2026-02-24,False,False,
DOC000526,SIN00132,factura_taller,True,True,2026-02-24,False,False,
DOC000527,SIN00132,fotos,True,True,2026-02-24,False,False,
DOC000528,SIN00132,informe_perito,True,True,2026-02-24,False,False,
DOC000529,SIN00133,denuncia,True,True,2025-09-08,False,False,
DOC000530,SIN00133,factura_taller,False,False,2025-09-08,False,False,
DOC000531,SIN00133,fotos,True,True,2025-09-08,False,False,
DOC000532,SIN00133,informe_perito,True,True,2025-09-08,True,False,
DOC000533,SIN00134,denuncia,True,True,2024-05-15,False,False,
DOC000534,SIN00134,factura_taller,True,False,2024-05-15,False,False,
DOC000535,SIN00134,fotos,True,False,2024-05-15,False,False,
DOC000536,SIN00134,informe_perito,True,True,2024-05-15,False,False,
DOC000537,SIN00135,denuncia,True,True,2025-02-13,False,False,
DOC000538,SIN00135,factura_taller,True,False,2025-02-13,True,False,
DOC000539,SIN00135,fotos,True,True,2025-02-13,False,False,
DOC000540,SIN00135,informe_perito,True,False,2025-02-13,False,False,
DOC000541,SIN00136,denuncia,True,True,2025-07-07,False,False,
DOC000542,SIN00136,factura_taller,True,True,2025-07-07,False,False,
DOC000543,SIN00136,fotos,True,True,2025-07-07,False,False,
DOC000544,SIN00136,informe_perito,True,True,2025-07-07,False,False,
DOC000545,SIN00137,denuncia,True,True,2025-02-05,False,False,
DOC000546,SIN00137,factura_taller,True,True,2025-02-05,False,False,
DOC000547,SIN00137,fotos,True,True,2025-02-05,False,False,
DOC000548,SIN00137,informe_perito,True,True,2025-02-05,False,False,
DOC000549,SIN00138,denuncia,True,True,2024-12-03,False,False,
DOC000550,SIN00138,factura_taller,True,True,2024-12-03,False,False,
DOC000551,SIN00138,fotos,True,True,2024-12-03,False,False,
DOC000552,SIN00138,informe_perito,True,True,2024-12-03,False,False,
DOC000553,SIN00139,denuncia,True,True,2024-09-24,False,False,
DOC000554,SIN00139,factura_taller,True,False,2024-09-24,False,False,
DOC000555,SIN00139,fotos,True,True,2024-09-24,False,False,
DOC000556,SIN00139,informe_perito,True,True,2024-09-24,False,False,
DOC000557,SIN00140,denuncia,True,False,2024-05-25,False,False,
DOC000558,SIN00140,factura_taller,True,False,2024-05-25,False,False,
DOC000559,SIN00140,fotos,True,True,2024-05-25,False,False,
DOC000560,SIN00140,informe_perito,True,True,2024-05-25,False,False,
DOC000561,SIN00141,denuncia,True,True,2024-08-13,False,False,
DOC000562,SIN00141,factura_taller,True,True,2024-08-13,False,False,
DOC000563,SIN00141,fotos,True,True,2024-08-13,False,False,
DOC000564,SIN00141,informe_perito,True,True,2024-08-13,False,False,
DOC000565,SIN00142,denuncia,True,True,2024-08-09,False,False,
DOC000566,SIN00142,factura_taller,True,True,2024-08-09,False,False,
DOC000567,SIN00142,fotos,True,True,2024-08-09,False,False,
DOC000568,SIN00142,informe_perito,True,True,2024-08-09,False,False,
DOC000569,SIN00143,denuncia,True,True,2025-06-27,False,False,
DOC000570,SIN00143,factura_taller,True,True,2025-06-27,True,True,Alteracion simulada para demo
DOC000571,SIN00143,fotos,True,True,2025-06-27,False,False,
DOC000572,SIN00143,informe_perito,True,True,2025-06-27,False,False,
DOC000573,SIN00144,denuncia,True,True,2025-05-31,False,False,
DOC000574,SIN00144,factura_taller,True,True,2025-05-31,False,False,
DOC000575,SIN00144,fotos,True,True,2025-05-31,False,False,
DOC000576,SIN00144,informe_perito,True,True,2025-05-31,True,False,
DOC000577,SIN00145,denuncia,True,True,2025-08-21,False,False,
DOC000578,SIN00145,factura_taller,True,True,2025-08-21,False,False,
DOC000579,SIN00145,fotos,True,True,2025-08-21,False,False,
DOC000580,SIN00145,informe_perito,True,True,2025-08-21,False,False,
DOC000581,SIN00146,denuncia,True,True,2025-08-06,False,False,
DOC000582,SIN00146,factura_taller,True,True,2025-08-06,False,False,
DOC000583,SIN00146,fotos,True,True,2025-08-06,False,False,
DOC000584,SIN00146,informe_perito,True,True,2025-08-06,False,False,
DOC000585,SIN00147,denuncia,True,True,2024-08-25,False,False,
DOC000586,SIN00147,factura_taller,True,True,2024-08-25,False,False,
DOC000587,SIN00147,fotos,True,True,2024-08-25,False,False,
DOC000588,SIN00147,informe_perito,True,True,2024-08-25,False,False,
DOC000589,SIN00148,denuncia,True,True,2025-08-02,False,False,
DOC000590,SIN00148,factura_taller,True,True,2025-08-02,False,False,
DOC000591,SIN00148,fotos,True,True,2025-08-02,False,False,
DOC000592,SIN00148,informe_perito,True,True,2025-08-02,False,False,
DOC000593,SIN00149,denuncia,True,True,2025-03-21,False,False,
DOC000594,SIN00149,factura_taller,True,True,2025-03-21,False,False,
DOC000595,SIN00149,fotos,True,True,2025-03-21,False,False,
DOC000596,SIN00149,informe_perito,True,True,2025-03-21,False,False,
DOC000597,SIN00150,denuncia,True,True,2025-11-26,False,False,
DOC000598,SIN00150,factura_taller,True,True,2025-11-26,False,False,
DOC000599,SIN00150,fotos,True,True,2025-11-26,False,False,
DOC000600,SIN00150,informe_perito,True,True,2025-11-26,False,False,
DOC000601,SIN00151,denuncia,True,True,2025-05-20,False,False,
DOC000602,SIN00151,factura_taller,True,True,2025-05-20,False,False,
DOC000603,SIN00151,fotos,True,True,2025-05-20,False,False,
DOC000604,SIN00151,informe_perito,True,True,2025-05-20,False,False,
DOC000605,SIN00152,denuncia,True,True,2025-04-01,False,False,
DOC000606,SIN00152,factura_taller,True,True,2025-04-01,False,False,
DOC000607,SIN00152,fotos,True,True,2025-04-01,False,False,
DOC000608,SIN00152,informe_perito,True,True,2025-04-01,False,False,
DOC000609,SIN00153,denuncia,True,True,2025-05-20,False,False,
DOC000610,SIN00153,factura_taller,True,True,2025-05-20,True,False,
DOC000611,SIN00153,fotos,True,False,2025-05-20,False,False,
DOC000612,SIN00153,informe_perito,False,False,2025-05-20,False,False,
DOC000613,SIN00154,denuncia,True,True,2024-06-27,False,False,
DOC000614,SIN00154,factura_taller,True,True,2024-06-27,False,False,
DOC000615,SIN00154,fotos,True,True,2024-06-27,False,False,
DOC000616,SIN00154,informe_perito,True,True,2024-06-27,False,False,
DOC000617,SIN00155,denuncia,True,True,2025-05-27,False,False,
DOC000618,SIN00155,factura_taller,True,True,2025-05-27,False,False,
DOC000619,SIN00155,fotos,True,True,2025-05-27,False,False,
DOC000620,SIN00155,informe_perito,True,True,2025-05-27,False,False,
DOC000621,SIN00156,denuncia,True,True,2025-05-28,False,False,
DOC000622,SIN00156,factura_taller,True,True,2025-05-28,False,False,
DOC000623,SIN00156,fotos,True,True,2025-05-28,False,False,
DOC000624,SIN00156,informe_perito,True,True,2025-05-28,False,False,
DOC000625,SIN00157,denuncia,True,True,2025-03-26,False,False,
DOC000626,SIN00157,factura_taller,True,True,2025-03-26,False,False,
DOC000627,SIN00157,fotos,True,True,2025-03-26,False,False,
DOC000628,SIN00157,informe_perito,True,True,2025-03-26,False,False,
DOC000629,SIN00158,denuncia,True,True,2024-10-23,False,False,
DOC000630,SIN00158,factura_taller,True,True,2024-10-23,False,False,
DOC000631,SIN00158,fotos,True,True,2024-10-23,False,False,
DOC000632,SIN00158,informe_perito,True,True,2024-10-23,False,False,
DOC000633,SIN00159,denuncia,True,True,2025-08-17,False,False,
DOC000634,SIN00159,factura_taller,True,True,2025-08-17,False,False,
DOC000635,SIN00159,fotos,True,True,2025-08-17,False,False,
DOC000636,SIN00159,informe_perito,True,True,2025-08-17,False,False,
DOC000637,SIN00160,denuncia,True,True,2024-10-10,False,False,
DOC000638,SIN00160,factura_taller,True,True,2024-10-10,False,False,
DOC000639,SIN00160,fotos,True,True,2024-10-10,False,False,
DOC000640,SIN00160,informe_perito,True,True,2024-10-10,False,False,
DOC000641,SIN00161,denuncia,True,True,2026-05-22,False,False,
DOC000642,SIN00161,factura_taller,True,True,2026-05-22,False,False,
DOC000643,SIN00161,fotos,True,True,2026-05-22,False,False,
DOC000644,SIN00161,informe_perito,True,True,2026-05-22,False,False,
DOC000645,SIN00162,denuncia,True,True,2025-08-16,False,False,
DOC000646,SIN00162,factura_taller,True,True,2025-08-16,False,False,
DOC000647,SIN00162,fotos,True,True,2025-08-16,False,False,
DOC000648,SIN00162,informe_perito,True,True,2025-08-16,False,False,
DOC000649,SIN00163,denuncia,True,True,2026-06-28,False,False,
DOC000650,SIN00163,factura_taller,True,False,2026-06-28,False,False,
DOC000651,SIN00163,fotos,True,True,2026-06-28,False,False,
DOC000652,SIN00163,informe_perito,True,False,2026-06-28,False,False,
DOC000653,SIN00164,denuncia,True,True,2025-07-14,False,False,
DOC000654,SIN00164,factura_taller,True,True,2025-07-14,False,False,
DOC000655,SIN00164,fotos,True,True,2025-07-14,False,False,
DOC000656,SIN00164,informe_perito,True,True,2025-07-14,False,False,
DOC000657,SIN00165,denuncia,False,True,2025-08-16,True,False,
DOC000658,SIN00165,factura_taller,True,False,2025-08-16,False,False,
DOC000659,SIN00165,fotos,True,True,2025-08-16,False,False,
DOC000660,SIN00165,informe_perito,True,True,2025-08-16,False,False,
DOC000661,SIN00166,denuncia,True,True,2025-09-25,False,False,
DOC000662,SIN00166,factura_taller,True,True,2025-09-25,False,False,
DOC000663,SIN00166,fotos,True,True,2025-09-25,False,False,
DOC000664,SIN00166,informe_perito,True,True,2025-09-25,False,False,
DOC000665,SIN00167,denuncia,True,True,2024-11-18,False,False,
DOC000666,SIN00167,factura_taller,True,True,2024-11-18,False,False,
DOC000667,SIN00167,fotos,True,True,2024-11-18,False,False,
DOC000668,SIN00167,informe_perito,True,True,2024-11-18,False,False,
DOC000669,SIN00168,denuncia,True,True,2024-08-31,False,False,
DOC000670,SIN00168,factura_taller,True,True,2024-08-31,False,False,
DOC000671,SIN00168,fotos,True,True,2024-08-31,False,False,
DOC000672,SIN00168,informe_perito,True,True,2024-08-31,False,False,
DOC000673,SIN00169,denuncia,True,True,2024-10-05,False,False,
DOC000674,SIN00169,factura_taller,True,True,2024-10-05,False,False,
DOC000675,SIN00169,fotos,True,True,2024-10-05,False,False,
DOC000676,SIN00169,informe_perito,True,True,2024-10-05,False,False,
DOC000677,SIN00170,denuncia,True,True,2024-12-08,False,False,
DOC000678,SIN00170,factura_taller,True,True,2024-12-08,False,False,
DOC000679,SIN00170,fotos,True,True,2024-12-08,False,False,
DOC000680,SIN00170,informe_perito,True,True,2024-12-08,False,False,
DOC000681,SIN00171,denuncia,True,True,2025-04-24,False,False,
DOC000682,SIN00171,factura_taller,False,True,2025-04-24,False,False,
DOC000683,SIN00171,fotos,True,True,2025-04-24,False,False,
DOC000684,SIN00171,informe_perito,True,True,2025-04-24,False,False,
DOC000685,SIN00172,denuncia,True,True,2025-03-06,False,False,
DOC000686,SIN00172,factura_taller,True,True,2025-03-06,False,False,
DOC000687,SIN00172,fotos,True,True,2025-03-06,False,False,
DOC000688,SIN00172,informe_perito,True,True,2025-03-06,False,False,
DOC000689,SIN00173,denuncia,True,True,2025-03-07,False,False,
DOC000690,SIN00173,factura_taller,True,True,2025-03-07,False,False,
DOC000691,SIN00173,fotos,True,True,2025-03-07,False,False,
DOC000692,SIN00173,informe_perito,True,True,2025-03-07,False,False,
DOC000693,SIN00174,denuncia,True,True,2025-10-10,False,False,
DOC000694,SIN00174,factura_taller,False,True,2025-10-10,False,False,
DOC000695,SIN00174,fotos,True,True,2025-10-10,False,False,
DOC000696,SIN00174,informe_perito,True,False,2025-10-10,False,False,
DOC000697,SIN00175,denuncia,True,True,2024-08-07,False,False,
DOC000698,SIN00175,factura_taller,True,True,2024-08-07,False,False,
DOC000699,SIN00175,fotos,True,True,2024-08-07,False,False,
DOC000700,SIN00175,informe_perito,True,True,2024-08-07,False,False,
DOC000701,SIN00176,denuncia,True,True,2026-01-05,False,False,
DOC000702,SIN00176,factura_taller,False,False,2026-01-05,False,False,
DOC000703,SIN00176,fotos,True,True,2026-01-05,False,False,
DOC000704,SIN00176,informe_perito,True,True,2026-01-05,False,False,
DOC000705,SIN00177,denuncia,True,True,2025-03-08,False,False,
DOC000706,SIN00177,factura_taller,True,True,2025-03-08,False,False,
DOC000707,SIN00177,fotos,True,True,2025-03-08,False,False,
DOC000708,SIN00177,informe_perito,True,True,2025-03-08,False,False,
DOC000709,SIN00178,denuncia,True,True,2026-03-04,False,False,
DOC000710,SIN00178,factura_taller,True,True,2026-03-04,False,False,
DOC000711,SIN00178,fotos,True,True,2026-03-04,False,False,
DOC000712,SIN00178,informe_perito,True,True,2026-03-04,False,False,
DOC000713,SIN00179,denuncia,True,True,2025-09-06,False,False,
DOC000714,SIN00179,factura_taller,True,True,2025-09-06,False,False,
DOC000715,SIN00179,fotos,True,True,2025-09-06,False,False,
DOC000716,SIN00179,informe_perito,True,True,2025-09-06,False,False,
DOC000717,SIN00180,denuncia,True,True,2024-11-04,False,False,
DOC000718,SIN00180,factura_taller,True,True,2024-11-04,False,False,
DOC000719,SIN00180,fotos,True,True,2024-11-04,True,False,
DOC000720,SIN00180,informe_perito,True,True,2024-11-04,False,False,
DOC000721,SIN00181,denuncia,True,True,2025-01-16,False,False,
DOC000722,SIN00181,factura_taller,True,False,2025-01-16,False,False,
DOC000723,SIN00181,fotos,True,True,2025-01-16,False,False,
DOC000724,SIN00181,informe_perito,True,True,2025-01-16,False,False,
DOC000725,SIN00182,denuncia,True,True,2025-11-20,False,False,
DOC000726,SIN00182,factura_taller,True,True,2025-11-20,False,False,
DOC000727,SIN00182,fotos,True,True,2025-11-20,False,False,
DOC000728,SIN00182,informe_perito,True,True,2025-11-20,False,False,
DOC000729,SIN00183,denuncia,True,True,2025-07-13,True,False,
DOC000730,SIN00183,factura_taller,True,True,2025-07-13,False,False,
DOC000731,SIN00183,fotos,False,True,2025-07-13,False,False,
DOC000732,SIN00183,informe_perito,True,True,2025-07-13,False,False,
DOC000733,SIN00184,denuncia,True,False,2025-11-06,False,False,
DOC000734,SIN00184,factura_taller,True,True,2025-11-06,False,False,
DOC000735,SIN00184,fotos,True,True,2025-11-06,False,False,
DOC000736,SIN00184,informe_perito,True,True,2025-11-06,False,False,
DOC000737,SIN00185,denuncia,True,True,2026-03-11,False,False,
DOC000738,SIN00185,factura_taller,True,True,2026-03-11,False,False,
DOC000739,SIN00185,fotos,False,True,2026-03-11,False,False,
DOC000740,SIN00185,informe_perito,True,True,2026-03-11,False,False,
DOC000741,SIN00186,denuncia,True,True,2025-10-19,False,False,
DOC000742,SIN00186,factura_taller,True,True,2025-10-19,False,False,
DOC000743,SIN00186,fotos,True,True,2025-10-19,False,False,
DOC000744,SIN00186,informe_perito,True,True,2025-10-19,False,False,
DOC000745,SIN00187,denuncia,True,True,2025-01-11,False,False,
DOC000746,SIN00187,factura_taller,True,True,2025-01-11,False,False,
DOC000747,SIN00187,fotos,True,True,2025-01-11,False,False,
DOC000748,SIN00187,informe_perito,True,True,2025-01-11,False,False,
DOC000749,SIN00188,denuncia,True,True,2024-09-14,False,False,
DOC000750,SIN00188,factura_taller,True,True,2024-09-14,False,False,
DOC000751,SIN00188,fotos,True,True,2024-09-14,False,False,
DOC000752,SIN00188,informe_perito,True,True,2024-09-14,False,False,
DOC000753,SIN00189,denuncia,False,False,2024-10-06,False,False,
DOC000754,SIN00189,factura_taller,True,True,2024-10-06,True,False,
DOC000755,SIN00189,fotos,True,True,2024-10-06,False,False,
DOC000756,SIN00189,informe_perito,True,True,2024-10-06,False,False,
DOC000757,SIN00190,denuncia,True,False,2025-11-26,False,False,
DOC000758,SIN00190,factura_taller,True,True,2025-11-26,False,False,
DOC000759,SIN00190,fotos,True,False,2025-11-26,True,False,
DOC000760,SIN00190,informe_perito,True,True,2025-11-26,False,False,
DOC000761,SIN00191,denuncia,True,True,2025-06-08,False,False,
DOC000762,SIN00191,factura_taller,True,True,2025-06-08,False,False,
DOC000763,SIN00191,fotos,True,False,2025-06-08,False,False,
DOC000764,SIN00191,informe_perito,True,False,2025-06-08,False,False,
DOC000765,SIN00192,denuncia,True,True,2026-07-22,False,False,
DOC000766,SIN00192,factura_taller,True,True,2026-07-22,False,False,
DOC000767,SIN00192,fotos,True,True,2026-07-22,False,False,
DOC000768,SIN00192,informe_perito,True,True,2026-07-22,False,False,
DOC000769,SIN00193,denuncia,True,True,2024-04-27,False,False,
DOC000770,SIN00193,factura_taller,True,True,2024-04-27,False,False,
DOC000771,SIN00193,fotos,True,True,2024-04-27,False,False,
DOC000772,SIN00193,informe_perito,True,True,2024-04-27,False,False,
DOC000773,SIN00194,denuncia,False,True,2025-01-03,False,False,
DOC000774,SIN00194,factura_taller,True,False,2025-01-03,False,False,
DOC000775,SIN00194,fotos,True,True,2025-01-03,False,False,
DOC000776,SIN00194,informe_perito,True,True,2025-01-03,False,False,
DOC000777,SIN00195,denuncia,True,True,2025-09-08,True,False,
DOC000778,SIN00195,factura_taller,True,True,2025-09-08,False,False,
DOC000779,SIN00195,fotos,True,True,2025-09-08,False,False,
DOC000780,SIN00195,informe_perito,True,True,2025-09-08,False,False,
DOC000781,SIN00196,denuncia,True,True,2025-04-25,False,False,
DOC000782,SIN00196,factura_taller,True,True,2025-04-25,False,False,
DOC000783,SIN00196,fotos,True,True,2025-04-25,True,False,
DOC000784,SIN00196,informe_perito,True,True,2025-04-25,False,False,
DOC000785,SIN00197,denuncia,True,True,2024-08-26,False,False,
DOC000786,SIN00197,factura_taller,True,True,2024-08-26,False,False,
DOC000787,SIN00197,fotos,True,True,2024-08-26,False,False,
DOC000788,SIN00197,informe_perito,True,True,2024-08-26,False,False,
DOC000789,SIN00198,denuncia,True,True,2024-11-06,False,False,
DOC000790,SIN00198,factura_taller,True,True,2024-11-06,False,False,
DOC000791,SIN00198,fotos,True,True,2024-11-06,False,False,
DOC000792,SIN00198,informe_perito,True,True,2024-11-06,False,False,
DOC000793,SIN00199,denuncia,True,True,2024-12-19,False,False,
DOC000794,SIN00199,factura_taller,True,True,2024-12-19,False,False,
DOC000795,SIN00199,fotos,True,True,2024-12-19,False,False,
DOC000796,SIN00199,informe_perito,True,True,2024-12-19,False,False,
DOC000797,SIN00200,denuncia,True,True,2025-03-21,False,False,
DOC000798,SIN00200,factura_taller,True,True,2025-03-21,False,False,
DOC000799,SIN00200,fotos,True,True,2025-03-21,True,False,
DOC000800,SIN00200,informe_perito,True,True,2025-03-21,False,False,
DOC000801,SIN00201,denuncia,True,True,2024-08-06,False,False,
DOC000802,SIN00201,factura_taller,True,True,2024-08-06,False,False,
DOC000803,SIN00201,fotos,True,True,2024-08-06,False,False,
DOC000804,SIN00201,informe_perito,True,True,2024-08-06,False,False,
DOC000805,SIN00202,denuncia,True,False,2025-11-09,True,False,
DOC000806,SIN00202,factura_taller,True,True,2025-11-09,True,False,
DOC000807,SIN00202,fotos,True,True,2025-11-09,False,False,
DOC000808,SIN00202,informe_perito,True,True,2025-11-09,True,False,
DOC000809,SIN00203,denuncia,True,True,2024-08-04,False,False,
DOC000810,SIN00203,factura_taller,True,True,2024-08-04,False,False,
DOC000811,SIN00203,fotos,True,True,2024-08-04,False,False,
DOC000812,SIN00203,informe_perito,True,True,2024-08-04,False,False,
DOC000813,SIN00204,denuncia,True,True,2025-12-05,False,False,
DOC000814,SIN00204,factura_taller,False,True,2025-12-05,False,False,
DOC000815,SIN00204,fotos,True,True,2025-12-05,False,False,
DOC000816,SIN00204,informe_perito,True,True,2025-12-05,False,False,
DOC000817,SIN00205,denuncia,True,True,2025-05-17,False,False,
DOC000818,SIN00205,factura_taller,True,True,2025-05-17,False,False,
DOC000819,SIN00205,fotos,True,True,2025-05-17,False,False,
DOC000820,SIN00205,informe_perito,True,True,2025-05-17,False,False,
DOC000821,SIN00206,denuncia,True,True,2026-02-28,False,False,
DOC000822,SIN00206,factura_taller,True,True,2026-02-28,False,False,
DOC000823,SIN00206,fotos,True,True,2026-02-28,False,False,
DOC000824,SIN00206,informe_perito,True,True,2026-02-28,True,False,
DOC000825,SIN00207,denuncia,True,True,2026-01-25,False,False,
DOC000826,SIN00207,factura_taller,True,True,2026-01-25,False,False,
DOC000827,SIN00207,fotos,True,True,2026-01-25,False,False,
DOC000828,SIN00207,informe_perito,True,True,2026-01-25,False,False,
DOC000829,SIN00208,denuncia,True,True,2025-02-11,False,False,
DOC000830,SIN00208,factura_taller,True,True,2025-02-11,False,False,
DOC000831,SIN00208,fotos,True,True,2025-02-11,False,False,
DOC000832,SIN00208,informe_perito,True,True,2025-02-11,False,False,
DOC000833,SIN00209,denuncia,True,True,2024-06-05,False,False,
DOC000834,SIN00209,factura_taller,True,True,2024-06-05,False,False,
DOC000835,SIN00209,fotos,False,True,2024-06-05,False,False,
DOC000836,SIN00209,informe_perito,True,True,2024-06-05,False,False,
DOC000837,SIN00210,denuncia,True,True,2024-12-27,False,False,
DOC000838,SIN00210,factura_taller,True,True,2024-12-27,False,False,
DOC000839,SIN00210,fotos,False,True,2024-12-27,False,False,
DOC000840,SIN00210,informe_perito,True,True,2024-12-27,True,False,
DOC000841,SIN00211,denuncia,True,True,2025-11-14,False,False,
DOC000842,SIN00211,factura_taller,True,True,2025-11-14,False,False,
DOC000843,SIN00211,fotos,True,False,2025-11-14,False,False,
DOC000844,SIN00211,informe_perito,True,True,2025-11-14,False,False,
DOC000845,SIN00212,denuncia,False,False,2026-05-23,False,False,
DOC000846,SIN00212,factura_taller,True,True,2026-05-23,False,False,
DOC000847,SIN00212,fotos,True,True,2026-05-23,True,False,
DOC000848,SIN00212,informe_perito,True,True,2026-05-23,False,False,
DOC000849,SIN00213,denuncia,True,True,2026-04-06,False,False,
DOC000850,SIN00213,factura_taller,True,True,2026-04-06,False,False,
DOC000851,SIN00213,fotos,True,True,2026-04-06,False,False,
DOC000852,SIN00213,informe_perito,True,True,2026-04-06,False,False,
DOC000853,SIN00214,denuncia,True,True,2024-10-27,False,False,
DOC000854,SIN00214,factura_taller,True,True,2024-10-27,False,False,
DOC000855,SIN00214,fotos,True,True,2024-10-27,False,False,
DOC000856,SIN00214,informe_perito,True,True,2024-10-27,False,False,
DOC000857,SIN00215,denuncia,True,True,2024-08-18,False,False,
DOC000858,SIN00215,factura_taller,True,True,2024-08-18,False,False,
DOC000859,SIN00215,fotos,True,True,2024-08-18,False,False,
DOC000860,SIN00215,informe_perito,True,True,2024-08-18,False,False,
DOC000861,SIN00216,denuncia,True,True,2025-08-14,False,False,
DOC000862,SIN00216,factura_taller,True,True,2025-08-14,False,False,
DOC000863,SIN00216,fotos,True,False,2025-08-14,False,False,
DOC000864,SIN00216,informe_perito,True,False,2025-08-14,False,False,
DOC000865,SIN00217,denuncia,True,True,2026-05-31,False,False,
DOC000866,SIN00217,factura_taller,True,True,2026-05-31,True,False,
DOC000867,SIN00217,fotos,True,True,2026-05-31,False,False,
DOC000868,SIN00217,informe_perito,True,True,2026-05-31,False,False,
DOC000869,SIN00218,denuncia,True,True,2025-05-22,False,False,
DOC000870,SIN00218,factura_taller,True,True,2025-05-22,False,False,
DOC000871,SIN00218,fotos,True,True,2025-05-22,False,False,
DOC000872,SIN00218,informe_perito,True,True,2025-05-22,False,False,
DOC000873,SIN00219,denuncia,True,True,2024-10-10,False,False,
DOC000874,SIN00219,factura_taller,True,True,2024-10-10,False,False,
DOC000875,SIN00219,fotos,True,True,2024-10-10,False,False,
DOC000876,SIN00219,informe_perito,True,True,2024-10-10,False,False,
DOC000877,SIN00220,denuncia,True,True,2024-04-05,False,False,
DOC000878,SIN00220,factura_taller,True,True,2024-04-05,False,False,
DOC000879,SIN00220,fotos,True,True,2024-04-05,False,False,
DOC000880,SIN00220,informe_perito,True,True,2024-04-05,False,False,
DOC000881,SIN00221,denuncia,True,True,2026-02-26,False,False,
DOC000882,SIN00221,factura_taller,True,True,2026-02-26,False,False,
DOC000883,SIN00221,fotos,True,True,2026-02-26,False,False,
DOC000884,SIN00221,informe_perito,True,True,2026-02-26,False,False,
DOC000885,SIN00222,denuncia,True,True,2025-05-29,False,False,
DOC000886,SIN00222,factura_taller,True,True,2025-05-29,False,False,
DOC000887,SIN00222,fotos,True,True,2025-05-29,True,False,
DOC000888,SIN00222,informe_perito,True,False,2025-05-29,False,False,
DOC000889,SIN00223,denuncia,True,True,2026-07-17,True,False,
DOC000890,SIN00223,factura_taller,True,True,2026-07-17,False,False,
DOC000891,SIN00223,fotos,True,True,2026-07-17,False,False,
DOC000892,SIN00223,informe_perito,True,True,2026-07-17,False,False,
DOC000893,SIN00224,denuncia,True,True,2024-11-03,False,False,
DOC000894,SIN00224,factura_taller,True,True,2024-11-03,False,False,
DOC000895,SIN00224,fotos,True,True,2024-11-03,False,False,
DOC000896,SIN00224,informe_perito,True,False,2024-11-03,False,False,
DOC000897,SIN00225,denuncia,True,True,2025-07-20,False,False,
DOC000898,SIN00225,factura_taller,True,True,2025-07-20,False,False,
DOC000899,SIN00225,fotos,True,True,2025-07-20,False,False,
DOC000900,SIN00225,informe_perito,False,True,2025-07-20,False,False,
DOC000901,SIN00226,denuncia,True,True,2026-04-04,True,False,
DOC000902,SIN00226,factura_taller,False,True,2026-04-04,False,False,
DOC000903,SIN00226,fotos,True,True,2026-04-04,False,False,
DOC000904,SIN00226,informe_perito,True,True,2026-04-04,False,False,
DOC000905,SIN00227,denuncia,True,True,2026-01-25,False,False,
DOC000906,SIN00227,factura_taller,True,True,2026-01-25,False,False,
DOC000907,SIN00227,fotos,True,True,2026-01-25,False,False,
DOC000908,SIN00227,informe_perito,True,True,2026-01-25,False,False,
DOC000909,SIN00228,denuncia,True,True,2025-05-22,False,False,
DOC000910,SIN00228,factura_taller,True,True,2025-05-22,False,False,
DOC000911,SIN00228,fotos,True,True,2025-05-22,False,False,
DOC000912,SIN00228,informe_perito,True,True,2025-05-22,False,False,
DOC000913,SIN00229,denuncia,True,True,2025-10-08,False,False,
DOC000914,SIN00229,factura_taller,True,True,2025-10-08,False,False,
DOC000915,SIN00229,fotos,True,True,2025-10-08,False,False,
DOC000916,SIN00229,informe_perito,True,True,2025-10-08,False,False,
DOC000917,SIN00230,denuncia,True,True,2024-06-28,False,False,
DOC000918,SIN00230,factura_taller,True,True,2024-06-28,False,False,
DOC000919,SIN00230,fotos,True,True,2024-06-28,False,False,
DOC000920,SIN00230,informe_perito,True,True,2024-06-28,False,False,
DOC000921,SIN00231,denuncia,True,True,2025-04-24,False,False,
DOC000922,SIN00231,factura_taller,True,True,2025-04-24,False,False,
DOC000923,SIN00231,fotos,True,True,2025-04-24,False,False,
DOC000924,SIN00231,informe_perito,True,True,2025-04-24,False,False,
DOC000925,SIN00232,denuncia,True,True,2025-12-13,False,False,
DOC000926,SIN00232,factura_taller,True,True,2025-12-13,False,False,
DOC000927,SIN00232,fotos,True,True,2025-12-13,False,False,
DOC000928,SIN00232,informe_perito,True,True,2025-12-13,False,False,
DOC000929,SIN00233,denuncia,True,True,2025-03-04,False,False,
DOC000930,SIN00233,factura_taller,True,True,2025-03-04,False,False,
DOC000931,SIN00233,fotos,True,True,2025-03-04,False,False,
DOC000932,SIN00233,informe_perito,True,True,2025-03-04,True,False,
DOC000933,SIN00234,denuncia,True,True,2025-10-03,False,False,
DOC000934,SIN00234,factura_taller,True,True,2025-10-03,False,False,
DOC000935,SIN00234,fotos,True,True,2025-10-03,False,False,
DOC000936,SIN00234,informe_perito,True,True,2025-10-03,False,False,
DOC000937,SIN00235,denuncia,True,True,2025-08-15,False,False,
DOC000938,SIN00235,factura_taller,True,True,2025-08-15,False,False,
DOC000939,SIN00235,fotos,True,True,2025-08-15,False,False,
DOC000940,SIN00235,informe_perito,True,True,2025-08-15,False,False,
DOC000941,SIN00236,denuncia,True,True,2025-12-04,False,False,
DOC000942,SIN00236,factura_taller,True,True,2025-12-04,False,False,
DOC000943,SIN00236,fotos,True,True,2025-12-04,False,False,
DOC000944,SIN00236,informe_perito,True,True,2025-12-04,False,False,
DOC000945,SIN00237,denuncia,True,True,2025-10-25,False,False,
DOC000946,SIN00237,factura_taller,True,True,2025-10-25,False,False,
DOC000947,SIN00237,fotos,True,True,2025-10-25,False,False,
DOC000948,SIN00237,informe_perito,True,True,2025-10-25,False,False,
DOC000949,SIN00238,denuncia,True,True,2025-11-20,False,False,
DOC000950,SIN00238,factura_taller,True,True,2025-11-20,False,False,
DOC000951,SIN00238,fotos,True,True,2025-11-20,False,False,
DOC000952,SIN00238,informe_perito,False,True,2025-11-20,False,False,
DOC000953,SIN00239,denuncia,True,True,2026-04-20,False,False,
DOC000954,SIN00239,factura_taller,True,True,2026-04-20,False,False,
DOC000955,SIN00239,fotos,True,True,2026-04-20,True,False,
DOC000956,SIN00239,informe_perito,False,True,2026-04-20,False,False,
DOC000957,SIN00240,denuncia,True,True,2024-10-11,False,False,
DOC000958,SIN00240,factura_taller,True,True,2024-10-11,False,False,
DOC000959,SIN00240,fotos,True,True,2024-10-11,False,False,
DOC000960,SIN00240,informe_perito,True,True,2024-10-11,False,False,
DOC000961,SIN00241,denuncia,True,True,2025-02-07,True,False,
DOC000962,SIN00241,factura_taller,True,True,2025-02-07,True,False,
DOC000963,SIN00241,fotos,True,True,2025-02-07,False,False,
DOC000964,SIN00241,informe_perito,True,True,2025-02-07,True,False,
DOC000965,SIN00242,denuncia,True,True,2024-11-14,False,False,
DOC000966,SIN00242,factura_taller,True,True,2024-11-14,False,False,
DOC000967,SIN00242,fotos,True,True,2024-11-14,False,False,
DOC000968,SIN00242,informe_perito,True,True,2024-11-14,False,False,
DOC000969,SIN00243,denuncia,False,True,2024-07-02,False,False,
DOC000970,SIN00243,factura_taller,True,True,2024-07-02,False,False,
DOC000971,SIN00243,fotos,True,True,2024-07-02,True,False,
DOC000972,SIN00243,informe_perito,True,True,2024-07-02,False,False,
DOC000973,SIN00244,denuncia,True,False,2024-03-03,False,False,
DOC000974,SIN00244,factura_taller,True,True,2024-03-03,False,False,
DOC000975,SIN00244,fotos,True,True,2024-03-03,False,False,
DOC000976,SIN00244,informe_perito,True,True,2024-03-03,False,False,
DOC000977,SIN00245,denuncia,True,True,2025-04-26,False,False,
DOC000978,SIN00245,factura_taller,True,True,2025-04-26,False,False,
DOC000979,SIN00245,fotos,True,True,2025-04-26,False,False,
DOC000980,SIN00245,informe_perito,True,True,2025-04-26,False,False,
DOC000981,SIN00246,denuncia,False,True,2025-07-18,False,False,
DOC000982,SIN00246,factura_taller,True,True,2025-07-18,False,False,
DOC000983,SIN00246,fotos,True,True,2025-07-18,False,False,
DOC000984,SIN00246,informe_perito,True,True,2025-07-18,False,False,
DOC000985,SIN00247,denuncia,False,True,2024-12-11,True,False,
DOC000986,SIN00247,factura_taller,True,True,2024-12-11,False,False,
DOC000987,SIN00247,fotos,False,True,2024-12-11,False,False,
DOC000988,SIN00247,informe_perito,True,True,2024-12-11,False,False,
DOC000989,SIN00248,denuncia,True,True,2025-04-22,False,False,
DOC000990,SIN00248,factura_taller,True,True,2025-04-22,False,False,
DOC000991,SIN00248,fotos,True,True,2025-04-22,False,False,
DOC000992,SIN00248,informe_perito,False,True,2025-04-22,True,False,
DOC000993,SIN00249,denuncia,True,True,2025-09-15,False,False,
DOC000994,SIN00249,factura_taller,True,True,2025-09-15,False,False,
DOC000995,SIN00249,fotos,True,True,2025-09-15,True,False,
DOC000996,SIN00249,informe_perito,True,False,2025-09-15,False,False,
DOC000997,SIN00250,denuncia,True,True,2025-09-29,False,False,
DOC000998,SIN00250,factura_taller,True,True,2025-09-29,False,False,
DOC000999,SIN00250,fotos,True,True,2025-09-29,False,False,
DOC001000,SIN00250,informe_perito,True,True,2025-09-29,False,False,
DOC001001,SIN00251,denuncia,True,False,2024-06-12,False,False,
DOC001002,SIN00251,factura_taller,True,True,2024-06-12,False,False,
DOC001003,SIN00251,fotos,True,True,2024-06-12,False,False,
DOC001004,SIN00251,informe_perito,True,True,2024-06-12,False,False,
DOC001005,SIN00252,denuncia,True,True,2025-04-28,False,False,
DOC001006,SIN00252,factura_taller,True,True,2025-04-28,False,False,
DOC001007,SIN00252,fotos,True,False,2025-04-28,False,False,
DOC001008,SIN00252,informe_perito,True,True,2025-04-28,False,False,
DOC001009,SIN00253,denuncia,True,True,2024-11-10,False,False,
DOC001010,SIN00253,factura_taller,True,True,2024-11-10,False,False,
DOC001011,SIN00253,fotos,True,True,2024-11-10,False,False,
DOC001012,SIN00253,informe_perito,True,True,2024-11-10,False,False,
DOC001013,SIN00254,denuncia,True,True,2025-06-23,False,False,
DOC001014,SIN00254,factura_taller,True,True,2025-06-23,False,False,
DOC001015,SIN00254,fotos,True,True,2025-06-23,False,False,
DOC001016,SIN00254,informe_perito,True,True,2025-06-23,False,False,
DOC001017,SIN00255,denuncia,True,True,2024-07-11,False,False,
DOC001018,SIN00255,factura_taller,True,True,2024-07-11,False,False,
DOC001019,SIN00255,fotos,True,True,2024-07-11,False,False,
DOC001020,SIN00255,informe_perito,True,True,2024-07-11,False,False,
DOC001021,SIN00256,denuncia,True,True,2026-03-25,False,False,
DOC001022,SIN00256,factura_taller,True,True,2026-03-25,False,False,
DOC001023,SIN00256,fotos,True,True,2026-03-25,False,False,
DOC001024,SIN00256,informe_perito,True,True,2026-03-25,False,False,
DOC001025,SIN00257,denuncia,True,True,2025-09-12,False,False,
DOC001026,SIN00257,factura_taller,True,True,2025-09-12,False,False,
DOC001027,SIN00257,fotos,True,True,2025-09-12,False,False,
DOC001028,SIN00257,informe_perito,True,True,2025-09-12,False,False,
DOC001029,SIN00258,denuncia,True,True,2026-05-25,True,False,
DOC001030,SIN00258,factura_taller,True,True,2026-05-25,True,False,
DOC001031,SIN00258,fotos,True,True,2026-05-25,False,False,
DOC001032,SIN00258,informe_perito,True,True,2026-05-25,False,False,
DOC001033,SIN00259,denuncia,True,True,2025-04-06,False,False,
DOC001034,SIN00259,factura_taller,True,True,2025-04-06,False,False,
DOC001035,SIN00259,fotos,True,True,2025-04-06,False,False,
DOC001036,SIN00259,informe_perito,True,True,2025-04-06,False,False,
DOC001037,SIN00260,denuncia,True,True,2025-05-08,False,False,
DOC001038,SIN00260,factura_taller,True,True,2025-05-08,False,False,
DOC001039,SIN00260,fotos,True,True,2025-05-08,False,False,
DOC001040,SIN00260,informe_perito,True,True,2025-05-08,False,False,
DOC001041,SIN00261,denuncia,True,True,2024-07-27,False,False,
DOC001042,SIN00261,factura_taller,True,True,2024-07-27,False,False,
DOC001043,SIN00261,fotos,True,False,2024-07-27,False,False,
DOC001044,SIN00261,informe_perito,True,True,2024-07-27,False,False,
DOC001045,SIN00262,denuncia,True,False,2026-02-21,False,False,
DOC001046,SIN00262,factura_taller,True,True,2026-02-21,False,False,
DOC001047,SIN00262,fotos,True,True,2026-02-21,False,False,
DOC001048,SIN00262,informe_perito,True,True,2026-02-21,False,False,
DOC001049,SIN00263,denuncia,True,True,2026-04-21,False,False,
DOC001050,SIN00263,factura_taller,True,True,2026-04-21,False,False,
DOC001051,SIN00263,fotos,True,True,2026-04-21,False,False,
DOC001052,SIN00263,informe_perito,True,True,2026-04-21,False,False,
DOC001053,SIN00264,denuncia,True,True,2025-05-11,False,False,
DOC001054,SIN00264,factura_taller,True,True,2025-05-11,False,False,
DOC001055,SIN00264,fotos,True,True,2025-05-11,False,False,
DOC001056,SIN00264,informe_perito,True,True,2025-05-11,False,False,
DOC001057,SIN00265,denuncia,True,True,2025-02-07,False,False,
DOC001058,SIN00265,factura_taller,True,True,2025-02-07,False,False,
DOC001059,SIN00265,fotos,True,True,2025-02-07,False,False,
DOC001060,SIN00265,informe_perito,True,True,2025-02-07,False,False,
DOC001061,SIN00266,denuncia,True,True,2025-10-02,False,False,
DOC001062,SIN00266,factura_taller,True,True,2025-10-02,False,False,
DOC001063,SIN00266,fotos,False,True,2025-10-02,False,False,
DOC001064,SIN00266,informe_perito,True,True,2025-10-02,False,False,
DOC001065,SIN00267,denuncia,True,True,2025-05-26,False,False,
DOC001066,SIN00267,factura_taller,True,True,2025-05-26,False,False,
DOC001067,SIN00267,fotos,True,True,2025-05-26,False,False,
DOC001068,SIN00267,informe_perito,True,True,2025-05-26,False,False,
DOC001069,SIN00268,denuncia,True,True,2024-09-07,False,False,
DOC001070,SIN00268,factura_taller,True,True,2024-09-07,False,False,
DOC001071,SIN00268,fotos,True,True,2024-09-07,False,False,
DOC001072,SIN00268,informe_perito,False,True,2024-09-07,False,False,
DOC001073,SIN00269,denuncia,True,True,2026-01-16,False,False,
DOC001074,SIN00269,factura_taller,True,True,2026-01-16,False,False,
DOC001075,SIN00269,fotos,True,True,2026-01-16,False,False,
DOC001076,SIN00269,informe_perito,True,True,2026-01-16,False,False,
DOC001077,SIN00270,denuncia,True,True,2026-02-19,False,False,
DOC001078,SIN00270,factura_taller,True,True,2026-02-19,False,False,
DOC001079,SIN00270,fotos,True,True,2026-02-19,False,False,
DOC001080,SIN00270,informe_perito,False,True,2026-02-19,False,False,
DOC001081,SIN00271,denuncia,False,True,2025-08-31,False,False,
DOC001082,SIN00271,factura_taller,True,True,2025-08-31,False,False,
DOC001083,SIN00271,fotos,True,True,2025-08-31,False,False,
DOC001084,SIN00271,informe_perito,True,True,2025-08-31,False,False,
DOC001085,SIN00272,denuncia,True,True,2024-10-24,False,False,
DOC001086,SIN00272,factura_taller,True,True,2024-10-24,False,False,
DOC001087,SIN00272,fotos,True,True,2024-10-24,False,False,
DOC001088,SIN00272,informe_perito,True,True,2024-10-24,False,False,
DOC001089,SIN00273,denuncia,True,False,2024-11-15,False,False,
DOC001090,SIN00273,factura_taller,True,True,2024-11-15,False,False,
DOC001091,SIN00273,fotos,True,True,2024-11-15,True,False,
DOC001092,SIN00273,informe_perito,True,True,2024-11-15,False,False,
DOC001093,SIN00274,denuncia,True,True,2025-08-21,True,False,
DOC001094,SIN00274,factura_taller,True,True,2025-08-21,False,False,
DOC001095,SIN00274,fotos,False,True,2025-08-21,False,False,
DOC001096,SIN00274,informe_perito,True,True,2025-08-21,False,False,
DOC001097,SIN00275,denuncia,True,True,2025-08-22,False,False,
DOC001098,SIN00275,factura_taller,True,True,2025-08-22,False,False,
DOC001099,SIN00275,fotos,True,True,2025-08-22,False,False,
DOC001100,SIN00275,informe_perito,True,True,2025-08-22,False,False,
DOC001101,SIN00276,denuncia,True,True,2025-01-25,False,False,
DOC001102,SIN00276,factura_taller,True,True,2025-01-25,False,False,
DOC001103,SIN00276,fotos,True,True,2025-01-25,False,False,
DOC001104,SIN00276,informe_perito,True,True,2025-01-25,False,False,
DOC001105,SIN00277,denuncia,True,True,2025-11-01,True,False,
DOC001106,SIN00277,factura_taller,True,True,2025-11-01,False,False,
DOC001107,SIN00277,fotos,True,True,2025-11-01,True,False,
DOC001108,SIN00277,informe_perito,True,False,2025-11-01,True,False,
DOC001109,SIN00278,denuncia,True,True,2025-07-29,False,False,
DOC001110,SIN00278,factura_taller,True,True,2025-07-29,False,False,
DOC001111,SIN00278,fotos,True,True,2025-07-29,False,False,
DOC001112,SIN00278,informe_perito,True,True,2025-07-29,False,False,
DOC001113,SIN00279,denuncia,True,True,2025-01-20,False,False,
DOC001114,SIN00279,factura_taller,True,True,2025-01-20,False,False,
DOC001115,SIN00279,fotos,True,True,2025-01-20,False,False,
DOC001116,SIN00279,informe_perito,True,True,2025-01-20,False,False,
DOC001117,SIN00280,denuncia,True,True,2025-11-13,False,False,
DOC001118,SIN00280,factura_taller,True,True,2025-11-13,False,False,
DOC001119,SIN00280,fotos,True,True,2025-11-13,False,False,
DOC001120,SIN00280,informe_perito,True,True,2025-11-13,False,False,
DOC001121,SIN00281,denuncia,True,True,2025-02-09,False,False,
DOC001122,SIN00281,factura_taller,True,True,2025-02-09,False,False,
DOC001123,SIN00281,fotos,True,True,2025-02-09,False,False,
DOC001124,SIN00281,informe_perito,True,True,2025-02-09,False,False,
DOC001125,SIN00282,denuncia,True,True,2025-11-12,False,False,
DOC001126,SIN00282,factura_taller,True,True,2025-11-12,False,False,
DOC001127,SIN00282,fotos,True,True,2025-11-12,False,False,
DOC001128,SIN00282,informe_perito,True,True,2025-11-12,False,False,
DOC001129,SIN00283,denuncia,True,True,2024-10-16,False,False,
DOC001130,SIN00283,factura_taller,True,False,2024-10-16,False,False,
DOC001131,SIN00283,fotos,True,True,2024-10-16,False,False,
DOC001132,SIN00283,informe_perito,True,True,2024-10-16,False,False,
DOC001133,SIN00284,denuncia,True,False,2025-04-09,False,False,
DOC001134,SIN00284,factura_taller,True,True,2025-04-09,False,False,
DOC001135,SIN00284,fotos,True,True,2025-04-09,False,False,
DOC001136,SIN00284,informe_perito,True,True,2025-04-09,True,False,
DOC001137,SIN00285,denuncia,True,True,2025-08-09,False,False,
DOC001138,SIN00285,factura_taller,True,True,2025-08-09,False,False,
DOC001139,SIN00285,fotos,True,True,2025-08-09,False,False,
DOC001140,SIN00285,informe_perito,True,True,2025-08-09,False,False,
DOC001141,SIN00286,denuncia,False,False,2025-10-03,True,False,
DOC001142,SIN00286,factura_taller,True,True,2025-10-03,True,True,Alteracion simulada para demo
DOC001143,SIN00286,fotos,True,True,2025-10-03,False,False,
DOC001144,SIN00286,informe_perito,True,True,2025-10-03,False,False,
DOC001145,SIN00287,denuncia,True,True,2024-02-27,False,False,
DOC001146,SIN00287,factura_taller,True,True,2024-02-27,False,False,
DOC001147,SIN00287,fotos,True,True,2024-02-27,False,False,
DOC001148,SIN00287,informe_perito,True,True,2024-02-27,False,False,
DOC001149,SIN00288,denuncia,True,True,2024-12-16,False,False,
DOC001150,SIN00288,factura_taller,True,True,2024-12-16,False,False,
DOC001151,SIN00288,fotos,True,True,2024-12-16,False,False,
DOC001152,SIN00288,informe_perito,True,True,2024-12-16,False,False,
DOC001153,SIN00289,denuncia,False,True,2026-02-05,False,False,
DOC001154,SIN00289,factura_taller,False,False,2026-02-05,False,False,
DOC001155,SIN00289,fotos,False,True,2026-02-05,False,False,
DOC001156,SIN00289,informe_perito,True,True,2026-02-05,True,False,
DOC001157,SIN00290,denuncia,True,True,2024-08-26,False,False,
DOC001158,SIN00290,factura_taller,True,True,2024-08-26,False,False,
DOC001159,SIN00290,fotos,True,True,2024-08-26,False,False,
DOC001160,SIN00290,informe_perito,True,True,2024-08-26,True,False,
DOC001161,SIN00291,denuncia,True,True,2024-05-08,False,False,
DOC001162,SIN00291,factura_taller,False,True,2024-05-08,False,False,
DOC001163,SIN00291,fotos,True,True,2024-05-08,False,False,
DOC001164,SIN00291,informe_perito,True,True,2024-05-08,False,False,
DOC001165,SIN00292,denuncia,True,True,2024-09-10,False,False,
DOC001166,SIN00292,factura_taller,True,False,2024-09-10,False,False,
DOC001167,SIN00292,fotos,True,True,2024-09-10,False,False,
DOC001168,SIN00292,informe_perito,True,True,2024-09-10,False,False,
DOC001169,SIN00293,denuncia,True,True,2024-04-16,False,False,
DOC001170,SIN00293,factura_taller,True,True,2024-04-16,False,False,
DOC001171,SIN00293,fotos,True,True,2024-04-16,False,False,
DOC001172,SIN00293,informe_perito,True,True,2024-04-16,True,False,
DOC001173,SIN00294,denuncia,True,True,2024-11-19,False,False,
DOC001174,SIN00294,factura_taller,True,True,2024-11-19,False,False,
DOC001175,SIN00294,fotos,True,True,2024-11-19,False,False,
DOC001176,SIN00294,informe_perito,True,True,2024-11-19,False,False,
DOC001177,SIN00295,denuncia,False,True,2025-01-19,False,False,
DOC001178,SIN00295,factura_taller,True,True,2025-01-19,False,False,
DOC001179,SIN00295,fotos,True,True,2025-01-19,False,False,
DOC001180,SIN00295,informe_perito,True,True,2025-01-19,False,False,
DOC001181,SIN00296,denuncia,True,True,2025-10-16,False,False,
DOC001182,SIN00296,factura_taller,True,True,2025-10-16,False,False,
DOC001183,SIN00296,fotos,True,True,2025-10-16,False,False,
DOC001184,SIN00296,informe_perito,True,True,2025-10-16,False,False,
DOC001185,SIN00297,denuncia,True,True,2025-04-05,False,False,
DOC001186,SIN00297,factura_taller,False,False,2025-04-05,False,False,
DOC001187,SIN00297,fotos,True,True,2025-04-05,False,False,
DOC001188,SIN00297,informe_perito,True,True,2025-04-05,False,False,
DOC001189,SIN00298,denuncia,True,True,2025-10-25,False,False,
DOC001190,SIN00298,factura_taller,False,True,2025-10-25,False,False,
DOC001191,SIN00298,fotos,False,True,2025-10-25,False,False,
DOC001192,SIN00298,informe_perito,True,True,2025-10-25,True,False,
DOC001193,SIN00299,denuncia,True,True,2024-12-23,False,False,
DOC001194,SIN00299,factura_taller,True,True,2024-12-23,False,False,
DOC001195,SIN00299,fotos,True,True,2024-12-23,False,False,
DOC001196,SIN00299,informe_perito,True,True,2024-12-23,False,False,
DOC001197,SIN00300,denuncia,True,True,2024-10-03,False,False,
DOC001198,SIN00300,factura_taller,True,True,2024-10-03,False,False,
DOC001199,SIN00300,fotos,True,True,2024-10-03,False,False,
DOC001200,SIN00300,informe_perito,True,True,2024-10-03,False,False,
DOC001201,SIN00301,denuncia,True,True,2026-01-24,False,False,
DOC001202,SIN00301,factura_taller,True,True,2026-01-24,False,False,
DOC001203,SIN00301,fotos,True,True,2026-01-24,False,False,
DOC001204,SIN00301,informe_perito,False,True,2026-01-24,False,False,
DOC001205,SIN00302,denuncia,False,False,2026-04-30,False,False,
DOC001206,SIN00302,factura_taller,True,True,2026-04-30,False,False,
DOC001207,SIN00302,fotos,True,True,2026-04-30,False,False,
DOC001208,SIN00302,informe_perito,True,True,2026-04-30,True,False,
DOC001209,SIN00303,denuncia,True,True,2026-02-12,False,False,
DOC001210,SIN00303,factura_taller,True,True,2026-02-12,False,False,
DOC001211,SIN00303,fotos,True,True,2026-02-12,False,False,
DOC001212,SIN00303,informe_perito,True,True,2026-02-12,False,False,
DOC001213,SIN00304,denuncia,True,True,2025-02-19,False,False,
DOC001214,SIN00304,factura_taller,False,True,2025-02-19,False,False,
DOC001215,SIN00304,fotos,True,True,2025-02-19,False,False,
DOC001216,SIN00304,informe_perito,True,True,2025-02-19,False,False,
DOC001217,SIN00305,denuncia,True,True,2025-03-31,False,False,
DOC001218,SIN00305,factura_taller,True,True,2025-03-31,False,False,
DOC001219,SIN00305,fotos,True,True,2025-03-31,False,False,
DOC001220,SIN00305,informe_perito,True,True,2025-03-31,False,False,
DOC001221,SIN00306,denuncia,True,True,2024-11-03,False,False,
DOC001222,SIN00306,factura_taller,True,True,2024-11-03,False,False,
DOC001223,SIN00306,fotos,True,True,2024-11-03,False,False,
DOC001224,SIN00306,informe_perito,True,True,2024-11-03,False,False,
DOC001225,SIN00307,denuncia,True,True,2024-11-21,False,False,
DOC001226,SIN00307,factura_taller,True,True,2024-11-21,False,False,
DOC001227,SIN00307,fotos,True,True,2024-11-21,False,False,
DOC001228,SIN00307,informe_perito,True,True,2024-11-21,False,False,
DOC001229,SIN00308,denuncia,True,True,2025-01-12,False,False,
DOC001230,SIN00308,factura_taller,True,True,2025-01-12,False,False,
DOC001231,SIN00308,fotos,True,True,2025-01-12,False,False,
DOC001232,SIN00308,informe_perito,True,True,2025-01-12,False,False,
DOC001233,SIN00309,denuncia,False,True,2025-04-22,False,False,
DOC001234,SIN00309,factura_taller,True,True,2025-04-22,False,False,
DOC001235,SIN00309,fotos,True,True,2025-04-22,False,False,
DOC001236,SIN00309,informe_perito,True,True,2025-04-22,False,False,
DOC001237,SIN00310,denuncia,True,True,2025-06-18,False,False,
DOC001238,SIN00310,factura_taller,True,True,2025-06-18,False,False,
DOC001239,SIN00310,fotos,True,True,2025-06-18,False,False,
DOC001240,SIN00310,informe_perito,True,True,2025-06-18,False,False,
DOC001241,SIN00311,denuncia,True,True,2025-02-08,False,False,
DOC001242,SIN00311,factura_taller,True,True,2025-02-08,False,False,
DOC001243,SIN00311,fotos,True,True,2025-02-08,False,False,
DOC001244,SIN00311,informe_perito,True,True,2025-02-08,False,False,
DOC001245,SIN00312,denuncia,True,True,2024-03-25,False,False,
DOC001246,SIN00312,factura_taller,True,True,2024-03-25,False,False,
DOC001247,SIN00312,fotos,True,True,2024-03-25,False,False,
DOC001248,SIN00312,informe_perito,True,True,2024-03-25,False,False,
DOC001249,SIN00313,denuncia,True,False,2025-04-10,True,False,
DOC001250,SIN00313,factura_taller,True,True,2025-04-10,False,False,
DOC001251,SIN00313,fotos,True,True,2025-04-10,False,False,
DOC001252,SIN00313,informe_perito,False,True,2025-04-10,True,False,
DOC001253,SIN00314,denuncia,True,True,2025-09-04,False,False,
DOC001254,SIN00314,factura_taller,True,True,2025-09-04,False,False,
DOC001255,SIN00314,fotos,True,True,2025-09-04,False,False,
DOC001256,SIN00314,informe_perito,True,True,2025-09-04,False,False,
DOC001257,SIN00315,denuncia,True,True,2025-04-03,False,False,
DOC001258,SIN00315,factura_taller,True,True,2025-04-03,False,False,
DOC001259,SIN00315,fotos,True,True,2025-04-03,False,False,
DOC001260,SIN00315,informe_perito,True,True,2025-04-03,False,False,
DOC001261,SIN00316,denuncia,True,True,2025-02-18,False,False,
DOC001262,SIN00316,factura_taller,True,True,2025-02-18,False,False,
DOC001263,SIN00316,fotos,True,True,2025-02-18,False,False,
DOC001264,SIN00316,informe_perito,True,True,2025-02-18,False,False,
DOC001265,SIN00317,denuncia,True,True,2025-06-19,False,False,
DOC001266,SIN00317,factura_taller,True,True,2025-06-19,True,False,
DOC001267,SIN00317,fotos,True,True,2025-06-19,False,False,
DOC001268,SIN00317,informe_perito,False,True,2025-06-19,False,False,
DOC001269,SIN00318,denuncia,True,True,2024-04-11,False,False,
DOC001270,SIN00318,factura_taller,True,True,2024-04-11,False,False,
DOC001271,SIN00318,fotos,True,True,2024-04-11,False,False,
DOC001272,SIN00318,informe_perito,True,True,2024-04-11,False,False,
DOC001273,SIN00319,denuncia,False,True,2025-02-10,True,False,
DOC001274,SIN00319,factura_taller,True,True,2025-02-10,True,False,
DOC001275,SIN00319,fotos,True,True,2025-02-10,False,False,
DOC001276,SIN00319,informe_perito,True,True,2025-02-10,False,False,
DOC001277,SIN00320,denuncia,True,True,2025-02-20,False,False,
DOC001278,SIN00320,factura_taller,True,False,2025-02-20,False,False,
DOC001279,SIN00320,fotos,True,True,2025-02-20,False,False,
DOC001280,SIN00320,informe_perito,True,True,2025-02-20,True,False,
DOC001281,SIN00321,denuncia,True,True,2025-06-07,False,False,
DOC001282,SIN00321,factura_taller,True,True,2025-06-07,False,False,
DOC001283,SIN00321,fotos,True,True,2025-06-07,False,False,
DOC001284,SIN00321,informe_perito,True,True,2025-06-07,False,False,
DOC001285,SIN00322,denuncia,True,True,2026-06-26,False,False,
DOC001286,SIN00322,factura_taller,True,True,2026-06-26,False,False,
DOC001287,SIN00322,fotos,True,True,2026-06-26,False,False,
DOC001288,SIN00322,informe_perito,True,True,2026-06-26,False,False,
DOC001289,SIN00323,denuncia,True,True,2024-11-06,False,False,
DOC001290,SIN00323,factura_taller,True,True,2024-11-06,False,False,
DOC001291,SIN00323,fotos,True,False,2024-11-06,True,False,
DOC001292,SIN00323,informe_perito,True,True,2024-11-06,False,False,
DOC001293,SIN00324,denuncia,False,True,2025-07-13,True,False,
DOC001294,SIN00324,factura_taller,True,True,2025-07-13,False,False,
DOC001295,SIN00324,fotos,False,True,2025-07-13,False,False,
DOC001296,SIN00324,informe_perito,True,False,2025-07-13,False,False,
DOC001297,SIN00325,denuncia,True,True,2024-10-29,False,False,
DOC001298,SIN00325,factura_taller,True,True,2024-10-29,False,False,
DOC001299,SIN00325,fotos,True,True,2024-10-29,False,False,
DOC001300,SIN00325,informe_perito,True,True,2024-10-29,False,False,
DOC001301,SIN00326,denuncia,True,True,2025-05-19,False,False,
DOC001302,SIN00326,factura_taller,True,False,2025-05-19,False,False,
DOC001303,SIN00326,fotos,True,True,2025-05-19,False,False,
DOC001304,SIN00326,informe_perito,True,True,2025-05-19,False,False,
DOC001305,SIN00327,denuncia,True,True,2024-03-21,False,False,
DOC001306,SIN00327,factura_taller,True,True,2024-03-21,False,False,
DOC001307,SIN00327,fotos,True,True,2024-03-21,False,False,
DOC001308,SIN00327,informe_perito,True,True,2024-03-21,False,False,
DOC001309,SIN00328,denuncia,True,True,2024-12-02,False,False,
DOC001310,SIN00328,factura_taller,True,True,2024-12-02,False,False,
DOC001311,SIN00328,fotos,True,True,2024-12-02,False,False,
DOC001312,SIN00328,informe_perito,True,True,2024-12-02,False,False,
DOC001313,SIN00329,denuncia,True,True,2025-06-18,False,False,
DOC001314,SIN00329,factura_taller,True,True,2025-06-18,False,False,
DOC001315,SIN00329,fotos,False,True,2025-06-18,False,False,
DOC001316,SIN00329,informe_perito,True,True,2025-06-18,False,False,
DOC001317,SIN00330,denuncia,True,True,2024-11-30,False,False,
DOC001318,SIN00330,factura_taller,True,True,2024-11-30,False,False,
DOC001319,SIN00330,fotos,True,True,2024-11-30,False,False,
DOC001320,SIN00330,informe_perito,True,True,2024-11-30,False,False,
DOC001321,SIN00331,denuncia,True,True,2024-02-12,False,False,
DOC001322,SIN00331,factura_taller,True,True,2024-02-12,False,False,
DOC001323,SIN00331,fotos,True,True,2024-02-12,False,False,
DOC001324,SIN00331,informe_perito,True,True,2024-02-12,False,False,
DOC001325,SIN00332,denuncia,True,True,2024-09-05,False,False,
DOC001326,SIN00332,factura_taller,True,True,2024-09-05,False,False,
DOC001327,SIN00332,fotos,True,True,2024-09-05,False,False,
DOC001328,SIN00332,informe_perito,True,True,2024-09-05,False,False,
DOC001329,SIN00333,denuncia,True,True,2024-06-26,False,False,
DOC001330,SIN00333,factura_taller,True,True,2024-06-26,True,False,
DOC001331,SIN00333,fotos,True,False,2024-06-26,False,False,
DOC001332,SIN00333,informe_perito,True,True,2024-06-26,False,False,
DOC001333,SIN00334,denuncia,True,True,2024-08-30,False,False,
DOC001334,SIN00334,factura_taller,True,True,2024-08-30,False,False,
DOC001335,SIN00334,fotos,True,True,2024-08-30,False,False,
DOC001336,SIN00334,informe_perito,True,True,2024-08-30,False,False,
DOC001337,SIN00335,denuncia,True,True,2025-02-12,False,False,
DOC001338,SIN00335,factura_taller,True,True,2025-02-12,False,False,
DOC001339,SIN00335,fotos,True,True,2025-02-12,False,False,
DOC001340,SIN00335,informe_perito,True,True,2025-02-12,False,False,
DOC001341,SIN00336,denuncia,True,True,2024-08-08,False,False,
DOC001342,SIN00336,factura_taller,True,True,2024-08-08,False,False,
DOC001343,SIN00336,fotos,True,True,2024-08-08,False,False,
DOC001344,SIN00336,informe_perito,True,False,2024-08-08,False,False,
DOC001345,SIN00337,denuncia,True,True,2025-09-02,False,False,
DOC001346,SIN00337,factura_taller,True,True,2025-09-02,False,False,
DOC001347,SIN00337,fotos,True,True,2025-09-02,False,False,
DOC001348,SIN00337,informe_perito,True,True,2025-09-02,False,False,
DOC001349,SIN00338,denuncia,True,True,2025-04-30,False,False,
DOC001350,SIN00338,factura_taller,True,True,2025-04-30,False,False,
DOC001351,SIN00338,fotos,True,True,2025-04-30,False,False,
DOC001352,SIN00338,informe_perito,True,True,2025-04-30,False,False,
DOC001353,SIN00339,denuncia,True,True,2026-02-04,False,False,
DOC001354,SIN00339,factura_taller,False,True,2026-02-04,False,False,
DOC001355,SIN00339,fotos,True,True,2026-02-04,False,False,
DOC001356,SIN00339,informe_perito,True,True,2026-02-04,False,False,
DOC001357,SIN00340,denuncia,True,True,2025-04-26,False,False,
DOC001358,SIN00340,factura_taller,True,True,2025-04-26,False,False,
DOC001359,SIN00340,fotos,False,True,2025-04-26,False,False,
DOC001360,SIN00340,informe_perito,True,True,2025-04-26,False,False,
DOC001361,SIN00341,denuncia,True,True,2024-09-18,False,False,
DOC001362,SIN00341,factura_taller,True,True,2024-09-18,False,False,
DOC001363,SIN00341,fotos,True,True,2024-09-18,False,False,
DOC001364,SIN00341,informe_perito,True,True,2024-09-18,False,False,
DOC001365,SIN00342,denuncia,True,True,2026-09-11,False,False,
DOC001366,SIN00342,factura_taller,False,True,2026-09-11,False,False,
DOC001367,SIN00342,fotos,True,True,2026-09-11,False,False,
DOC001368,SIN00342,informe_perito,True,True,2026-09-11,True,False,
DOC001369,SIN00343,denuncia,True,True,2025-08-31,False,False,
DOC001370,SIN00343,factura_taller,True,True,2025-08-31,False,False,
DOC001371,SIN00343,fotos,True,True,2025-08-31,False,False,
DOC001372,SIN00343,informe_perito,True,True,2025-08-31,False,False,
DOC001373,SIN00344,denuncia,True,True,2024-10-16,False,False,
DOC001374,SIN00344,factura_taller,False,True,2024-10-16,False,False,
DOC001375,SIN00344,fotos,True,True,2024-10-16,False,False,
DOC001376,SIN00344,informe_perito,True,True,2024-10-16,False,False,
DOC001377,SIN00345,denuncia,True,True,2024-06-06,False,False,
DOC001378,SIN00345,factura_taller,True,True,2024-06-06,False,False,
DOC001379,SIN00345,fotos,True,True,2024-06-06,True,False,
DOC001380,SIN00345,informe_perito,False,True,2024-06-06,True,False,
DOC001381,SIN00346,denuncia,False,True,2025-12-23,False,False,
DOC001382,SIN00346,factura_taller,True,True,2025-12-23,False,False,
DOC001383,SIN00346,fotos,True,True,2025-12-23,False,False,
DOC001384,SIN00346,informe_perito,True,True,2025-12-23,False,False,
DOC001385,SIN00347,denuncia,True,True,2024-06-05,False,False,
DOC001386,SIN00347,factura_taller,False,True,2024-06-05,False,False,
DOC001387,SIN00347,fotos,True,True,2024-06-05,True,False,
DOC001388,SIN00347,informe_perito,True,True,2024-06-05,False,False,
DOC001389,SIN00348,denuncia,True,True,2025-05-31,False,False,
DOC001390,SIN00348,factura_taller,True,True,2025-05-31,False,False,
DOC001391,SIN00348,fotos,True,True,2025-05-31,False,False,
DOC001392,SIN00348,informe_perito,True,True,2025-05-31,False,False,
DOC001393,SIN00349,denuncia,True,True,2024-10-28,False,False,
DOC001394,SIN00349,factura_taller,True,True,2024-10-28,False,False,
DOC001395,SIN00349,fotos,False,True,2024-10-28,False,False,
DOC001396,SIN00349,informe_perito,True,True,2024-10-28,False,False,
DOC001397,SIN00350,denuncia,True,True,2026-03-16,False,False,
DOC001398,SIN00350,factura_taller,True,True,2026-03-16,False,False,
DOC001399,SIN00350,fotos,True,True,2026-03-16,False,False,
DOC001400,SIN00350,informe_perito,True,True,2026-03-16,False,False,
DOC001401,SIN00351,denuncia,True,True,2024-11-21,False,False,
DOC001402,SIN00351,factura_taller,True,True,2024-11-21,False,False,
DOC001403,SIN00351,fotos,True,True,2024-11-21,False,False,
DOC001404,SIN00351,informe_perito,True,True,2024-11-21,False,False,
DOC001405,SIN00352,denuncia,True,True,2024-07-11,False,False,
DOC001406,SIN00352,factura_taller,True,True,2024-07-11,False,False,
DOC001407,SIN00352,fotos,True,True,2024-07-11,False,False,
DOC001408,SIN00352,informe_perito,True,True,2024-07-11,False,False,
DOC001409,SIN00353,denuncia,True,True,2026-02-17,False,False,
DOC001410,SIN00353,factura_taller,True,True,2026-02-17,False,False,
DOC001411,SIN00353,fotos,True,True,2026-02-17,False,False,
DOC001412,SIN00353,informe_perito,True,True,2026-02-17,False,False,
DOC001413,SIN00354,denuncia,True,True,2026-02-17,False,False,
DOC001414,SIN00354,factura_taller,True,True,2026-02-17,False,False,
DOC001415,SIN00354,fotos,True,True,2026-02-17,False,False,
DOC001416,SIN00354,informe_perito,True,True,2026-02-17,False,False,
DOC001417,SIN00355,denuncia,True,True,2025-04-29,False,False,
DOC001418,SIN00355,factura_taller,True,True,2025-04-29,False,False,
DOC001419,SIN00355,fotos,True,True,2025-04-29,False,False,
DOC001420,SIN00355,informe_perito,True,True,2025-04-29,False,False,
DOC001421,SIN00356,denuncia,True,True,2025-03-16,False,False,
DOC001422,SIN00356,factura_taller,True,True,2025-03-16,False,False,
DOC001423,SIN00356,fotos,True,True,2025-03-16,False,False,
DOC001424,SIN00356,informe_perito,True,True,2025-03-16,False,False,
DOC001425,SIN00357,denuncia,False,True,2025-10-02,False,False,
DOC001426,SIN00357,factura_taller,True,True,2025-10-02,False,False,
DOC001427,SIN00357,fotos,True,True,2025-10-02,False,False,
DOC001428,SIN00357,informe_perito,True,True,2025-10-02,False,False,
DOC001429,SIN00358,denuncia,True,True,2025-08-07,False,False,
DOC001430,SIN00358,factura_taller,True,True,2025-08-07,False,False,
DOC001431,SIN00358,fotos,True,True,2025-08-07,False,False,
DOC001432,SIN00358,informe_perito,True,True,2025-08-07,False,False,
DOC001433,SIN00359,denuncia,True,True,2025-01-05,False,False,
DOC001434,SIN00359,factura_taller,False,True,2025-01-05,False,False,
DOC001435,SIN00359,fotos,True,True,2025-01-05,False,False,
DOC001436,SIN00359,informe_perito,True,True,2025-01-05,True,False,
DOC001437,SIN00360,denuncia,True,True,2024-06-18,False,False,
DOC001438,SIN00360,factura_taller,True,False,2024-06-18,False,False,
DOC001439,SIN00360,fotos,True,True,2024-06-18,False,False,
DOC001440,SIN00360,informe_perito,True,False,2024-06-18,False,False,
DOC001441,SIN00361,denuncia,True,False,2025-05-12,False,False,
DOC001442,SIN00361,factura_taller,True,True,2025-05-12,False,False,
DOC001443,SIN00361,fotos,True,True,2025-05-12,False,False,
DOC001444,SIN00361,informe_perito,True,True,2025-05-12,False,False,
DOC001445,SIN00362,denuncia,True,True,2025-01-23,False,False,
DOC001446,SIN00362,factura_taller,True,True,2025-01-23,False,False,
DOC001447,SIN00362,fotos,True,True,2025-01-23,False,False,
DOC001448,SIN00362,informe_perito,True,True,2025-01-23,False,False,
DOC001449,SIN00363,denuncia,True,True,2025-10-24,False,False,
DOC001450,SIN00363,factura_taller,True,True,2025-10-24,False,False,
DOC001451,SIN00363,fotos,True,True,2025-10-24,False,False,
DOC001452,SIN00363,informe_perito,True,True,2025-10-24,False,False,
DOC001453,SIN00364,denuncia,True,True,2024-03-05,False,False,
DOC001454,SIN00364,factura_taller,True,True,2024-03-05,False,False,
DOC001455,SIN00364,fotos,True,True,2024-03-05,False,False,
DOC001456,SIN00364,informe_perito,True,True,2024-03-05,False,False,
DOC001457,SIN00365,denuncia,True,True,2024-07-02,False,False,
DOC001458,SIN00365,factura_taller,True,True,2024-07-02,False,False,
DOC001459,SIN00365,fotos,True,True,2024-07-02,False,False,
DOC001460,SIN00365,informe_perito,True,True,2024-07-02,False,False,
DOC001461,SIN00366,denuncia,True,True,2025-07-18,False,False,
DOC001462,SIN00366,factura_taller,True,True,2025-07-18,False,False,
DOC001463,SIN00366,fotos,True,True,2025-07-18,False,False,
DOC001464,SIN00366,informe_perito,True,False,2025-07-18,False,False,
DOC001465,SIN00367,denuncia,True,True,2025-11-25,False,False,
DOC001466,SIN00367,factura_taller,True,True,2025-11-25,False,False,
DOC001467,SIN00367,fotos,True,True,2025-11-25,False,False,
DOC001468,SIN00367,informe_perito,True,True,2025-11-25,False,False,
DOC001469,SIN00368,denuncia,True,True,2025-11-12,False,False,
DOC001470,SIN00368,factura_taller,True,True,2025-11-12,False,False,
DOC001471,SIN00368,fotos,True,True,2025-11-12,False,False,
DOC001472,SIN00368,informe_perito,True,True,2025-11-12,False,False,
DOC001473,SIN00369,denuncia,True,True,2025-02-02,False,False,
DOC001474,SIN00369,factura_taller,True,False,2025-02-02,False,False,
DOC001475,SIN00369,fotos,True,True,2025-02-02,False,False,
DOC001476,SIN00369,informe_perito,True,True,2025-02-02,False,False,
DOC001477,SIN00370,denuncia,True,True,2025-05-18,False,False,
DOC001478,SIN00370,factura_taller,True,True,2025-05-18,False,False,
DOC001479,SIN00370,fotos,True,True,2025-05-18,False,False,
DOC001480,SIN00370,informe_perito,True,True,2025-05-18,False,False,
DOC001481,SIN00371,denuncia,True,True,2025-01-13,False,False,
DOC001482,SIN00371,factura_taller,True,True,2025-01-13,False,False,
DOC001483,SIN00371,fotos,True,True,2025-01-13,False,False,
DOC001484,SIN00371,informe_perito,True,True,2025-01-13,False,False,
DOC001485,SIN00372,denuncia,True,True,2024-09-11,False,False,
DOC001486,SIN00372,factura_taller,True,True,2024-09-11,False,False,
DOC001487,SIN00372,fotos,True,True,2024-09-11,False,False,
DOC001488,SIN00372,informe_perito,True,True,2024-09-11,False,False,
DOC001489,SIN00373,denuncia,True,True,2024-12-10,False,False,
DOC001490,SIN00373,factura_taller,True,True,2024-12-10,True,False,
DOC001491,SIN00373,fotos,True,True,2024-12-10,False,False,
DOC001492,SIN00373,informe_perito,True,True,2024-12-10,False,False,
DOC001493,SIN00374,denuncia,True,True,2025-03-22,False,False,
DOC001494,SIN00374,factura_taller,True,True,2025-03-22,False,False,
DOC001495,SIN00374,fotos,True,True,2025-03-22,False,False,
DOC001496,SIN00374,informe_perito,True,True,2025-03-22,False,False,
DOC001497,SIN00375,denuncia,True,True,2025-03-19,False,False,
DOC001498,SIN00375,factura_taller,True,True,2025-03-19,False,False,
DOC001499,SIN00375,fotos,True,True,2025-03-19,False,False,
DOC001500,SIN00375,informe_perito,True,True,2025-03-19,False,False,
DOC001501,SIN00376,denuncia,False,True,2026-01-17,False,False,
DOC001502,SIN00376,factura_taller,True,True,2026-01-17,False,False,
DOC001503,SIN00376,fotos,True,True,2026-01-17,False,False,
DOC001504,SIN00376,informe_perito,True,True,2026-01-17,False,False,
DOC001505,SIN00377,denuncia,True,True,2026-06-25,False,False,
DOC001506,SIN00377,factura_taller,True,True,2026-06-25,False,False,
DOC001507,SIN00377,fotos,True,True,2026-06-25,False,False,
DOC001508,SIN00377,informe_perito,True,True,2026-06-25,False,False,
DOC001509,SIN00378,denuncia,True,True,2025-07-16,False,False,
DOC001510,SIN00378,factura_taller,True,True,2025-07-16,False,False,
DOC001511,SIN00378,fotos,True,True,2025-07-16,False,False,
DOC001512,SIN00378,informe_perito,True,False,2025-07-16,False,False,
DOC001513,SIN00379,denuncia,True,True,2025-08-18,False,False,
DOC001514,SIN00379,factura_taller,True,True,2025-08-18,False,False,
DOC001515,SIN00379,fotos,True,True,2025-08-18,False,False,
DOC001516,SIN00379,informe_perito,True,True,2025-08-18,False,False,
DOC001517,SIN00380,denuncia,True,True,2025-01-05,False,False,
DOC001518,SIN00380,factura_taller,True,True,2025-01-05,False,False,
DOC001519,SIN00380,fotos,True,True,2025-01-05,False,False,
DOC001520,SIN00380,informe_perito,True,True,2025-01-05,False,False,
DOC001521,SIN00381,denuncia,True,True,2024-07-01,False,False,
DOC001522,SIN00381,factura_taller,True,True,2024-07-01,False,False,
DOC001523,SIN00381,fotos,True,True,2024-07-01,False,False,
DOC001524,SIN00381,informe_perito,True,True,2024-07-01,False,False,
DOC001525,SIN00382,denuncia,True,True,2025-06-30,False,False,
DOC001526,SIN00382,factura_taller,True,True,2025-06-30,False,False,
DOC001527,SIN00382,fotos,True,True,2025-06-30,False,False,
DOC001528,SIN00382,informe_perito,True,True,2025-06-30,False,False,
DOC001529,SIN00383,denuncia,True,True,2026-01-09,False,False,
DOC001530,SIN00383,factura_taller,True,True,2026-01-09,False,False,
DOC001531,SIN00383,fotos,True,True,2026-01-09,False,False,
DOC001532,SIN00383,informe_perito,True,True,2026-01-09,False,False,
DOC001533,SIN00384,denuncia,True,True,2025-08-28,False,False,
DOC001534,SIN00384,factura_taller,True,True,2025-08-28,False,False,
DOC001535,SIN00384,fotos,True,True,2025-08-28,False,False,
DOC001536,SIN00384,informe_perito,True,True,2025-08-28,False,False,
DOC001537,SIN00385,denuncia,True,True,2025-01-14,False,False,
DOC001538,SIN00385,factura_taller,True,True,2025-01-14,False,False,
DOC001539,SIN00385,fotos,True,True,2025-01-14,False,False,
DOC001540,SIN00385,informe_perito,True,True,2025-01-14,False,False,
DOC001541,SIN00386,denuncia,True,True,2025-06-08,False,False,
DOC001542,SIN00386,factura_taller,True,True,2025-06-08,False,False,
DOC001543,SIN00386,fotos,True,True,2025-06-08,False,False,
DOC001544,SIN00386,informe_perito,True,False,2025-06-08,False,False,
DOC001545,SIN00387,denuncia,True,True,2025-03-08,False,False,
DOC001546,SIN00387,factura_taller,True,True,2025-03-08,False,False,
DOC001547,SIN00387,fotos,True,True,2025-03-08,False,False,
DOC001548,SIN00387,informe_perito,True,True,2025-03-08,False,False,
DOC001549,SIN00388,denuncia,True,True,2025-07-06,False,False,
DOC001550,SIN00388,factura_taller,True,True,2025-07-06,False,False,
DOC001551,SIN00388,fotos,True,True,2025-07-06,False,False,
DOC001552,SIN00388,informe_perito,True,True,2025-07-06,False,False,
DOC001553,SIN00389,denuncia,True,True,2026-05-14,False,False,
DOC001554,SIN00389,factura_taller,True,True,2026-05-14,True,False,
DOC001555,SIN00389,fotos,True,True,2026-05-14,False,False,
DOC001556,SIN00389,informe_perito,True,True,2026-05-14,False,False,
DOC001557,SIN00390,denuncia,True,True,2025-06-16,False,False,
DOC001558,SIN00390,factura_taller,True,True,2025-06-16,False,False,
DOC001559,SIN00390,fotos,True,True,2025-06-16,False,False,
DOC001560,SIN00390,informe_perito,True,True,2025-06-16,False,False,
DOC001561,SIN00391,denuncia,True,True,2024-02-26,True,False,
DOC001562,SIN00391,factura_taller,True,True,2024-02-26,False,False,
DOC001563,SIN00391,fotos,True,True,2024-02-26,False,False,
DOC001564,SIN00391,informe_perito,True,False,2024-02-26,True,False,
DOC001565,SIN00392,denuncia,True,True,2025-02-28,False,False,
DOC001566,SIN00392,factura_taller,True,True,2025-02-28,False,False,
DOC001567,SIN00392,fotos,True,True,2025-02-28,False,False,
DOC001568,SIN00392,informe_perito,True,True,2025-02-28,False,False,
DOC001569,SIN00393,denuncia,True,True,2025-08-08,False,False,
DOC001570,SIN00393,factura_taller,True,True,2025-08-08,False,False,
DOC001571,SIN00393,fotos,True,True,2025-08-08,False,False,
DOC001572,SIN00393,informe_perito,True,True,2025-08-08,False,False,
DOC001573,SIN00394,denuncia,True,True,2024-05-02,False,False,
DOC001574,SIN00394,factura_taller,True,True,2024-05-02,False,False,
DOC001575,SIN00394,fotos,True,True,2024-05-02,False,False,
DOC001576,SIN00394,informe_perito,True,True,2024-05-02,False,False,
DOC001577,SIN00395,denuncia,True,True,2024-09-12,False,False,
DOC001578,SIN00395,factura_taller,True,True,2024-09-12,False,False,
DOC001579,SIN00395,fotos,True,True,2024-09-12,False,False,
DOC001580,SIN00395,informe_perito,True,True,2024-09-12,False,False,
DOC001581,SIN00396,denuncia,True,True,2025-09-30,False,False,
DOC001582,SIN00396,factura_taller,True,True,2025-09-30,False,False,
DOC001583,SIN00396,fotos,True,True,2025-09-30,False,False,
DOC001584,SIN00396,informe_perito,True,True,2025-09-30,False,False,
DOC001585,SIN00397,denuncia,True,True,2026-04-30,False,False,
DOC001586,SIN00397,factura_taller,True,True,2026-04-30,False,False,
DOC001587,SIN00397,fotos,True,True,2026-04-30,False,False,
DOC001588,SIN00397,informe_perito,True,True,2026-04-30,False,False,
DOC001589,SIN00398,denuncia,True,True,2025-02-01,False,False,
DOC001590,SIN00398,factura_taller,True,True,2025-02-01,False,False,
DOC001591,SIN00398,fotos,True,True,2025-02-01,False,False,
DOC001592,SIN00398,informe_perito,True,True,2025-02-01,False,False,
DOC001593,SIN00399,denuncia,False,True,2025-07-20,False,False,
DOC001594,SIN00399,factura_taller,False,True,2025-07-20,False,False,
DOC001595,SIN00399,fotos,True,True,2025-07-20,False,False,
DOC001596,SIN00399,informe_perito,True,True,2025-07-20,False,False,
DOC001597,SIN00400,denuncia,True,True,2024-12-21,False,False,
DOC001598,SIN00400,factura_taller,True,True,2024-12-21,True,False,
DOC001599,SIN00400,fotos,True,True,2024-12-21,False,False,
DOC001600,SIN00400,informe_perito,True,True,2024-12-21,False,False,
DOC001601,SIN00401,denuncia,True,True,2025-12-28,False,False,
DOC001602,SIN00401,factura_taller,True,True,2025-12-28,False,False,
DOC001603,SIN00401,fotos,True,True,2025-12-28,False,False,
DOC001604,SIN00401,informe_perito,True,True,2025-12-28,False,False,
DOC001605,SIN00402,denuncia,True,True,2025-03-12,False,False,
DOC001606,SIN00402,factura_taller,True,True,2025-03-12,False,False,
DOC001607,SIN00402,fotos,True,True,2025-03-12,False,False,
DOC001608,SIN00402,informe_perito,True,True,2025-03-12,False,False,
DOC001609,SIN00403,denuncia,True,True,2025-04-01,False,False,
DOC001610,SIN00403,factura_taller,True,True,2025-04-01,False,False,
DOC001611,SIN00403,fotos,True,True,2025-04-01,False,False,
DOC001612,SIN00403,informe_perito,True,True,2025-04-01,False,False,
DOC001613,SIN00404,denuncia,True,True,2026-02-06,False,False,
DOC001614,SIN00404,factura_taller,True,True,2026-02-06,False,False,
DOC001615,SIN00404,fotos,True,True,2026-02-06,False,False,
DOC001616,SIN00404,informe_perito,True,True,2026-02-06,False,False,
DOC001617,SIN00405,denuncia,True,True,2025-11-22,False,False,
DOC001618,SIN00405,factura_taller,True,False,2025-11-22,False,False,
DOC001619,SIN00405,fotos,True,False,2025-11-22,False,False,
DOC001620,SIN00405,informe_perito,True,True,2025-11-22,False,False,
DOC001621,SIN00406,denuncia,True,True,2025-04-15,False,False,
DOC001622,SIN00406,factura_taller,True,True,2025-04-15,False,False,
DOC001623,SIN00406,fotos,True,True,2025-04-15,False,False,
DOC001624,SIN00406,informe_perito,True,True,2025-04-15,False,False,
DOC001625,SIN00407,denuncia,True,True,2025-12-05,False,False,
DOC001626,SIN00407,factura_taller,True,True,2025-12-05,False,False,
DOC001627,SIN00407,fotos,False,True,2025-12-05,False,False,
DOC001628,SIN00407,informe_perito,True,True,2025-12-05,False,False,
DOC001629,SIN00408,denuncia,True,True,2024-11-27,False,False,
DOC001630,SIN00408,factura_taller,True,True,2024-11-27,False,False,
DOC001631,SIN00408,fotos,True,True,2024-11-27,False,False,
DOC001632,SIN00408,informe_perito,True,True,2024-11-27,False,False,
DOC001633,SIN00409,denuncia,True,True,2025-02-14,False,False,
DOC001634,SIN00409,factura_taller,True,True,2025-02-14,False,False,
DOC001635,SIN00409,fotos,True,True,2025-02-14,False,False,
DOC001636,SIN00409,informe_perito,True,True,2025-02-14,False,False,
DOC001637,SIN00410,denuncia,True,True,2025-02-09,False,False,
DOC001638,SIN00410,factura_taller,True,True,2025-02-09,False,False,
DOC001639,SIN00410,fotos,True,True,2025-02-09,False,False,
DOC001640,SIN00410,informe_perito,True,True,2025-02-09,False,False,
DOC001641,SIN00411,denuncia,True,True,2026-01-28,False,False,
DOC001642,SIN00411,factura_taller,True,True,2026-01-28,False,False,
DOC001643,SIN00411,fotos,True,True,2026-01-28,True,False,
DOC001644,SIN00411,informe_perito,True,True,2026-01-28,False,False,
DOC001645,SIN00412,denuncia,True,True,2025-05-17,False,False,
DOC001646,SIN00412,factura_taller,True,True,2025-05-17,False,False,
DOC001647,SIN00412,fotos,True,True,2025-05-17,False,False,
DOC001648,SIN00412,informe_perito,True,True,2025-05-17,False,False,
DOC001649,SIN00413,denuncia,True,True,2024-09-03,False,False,
DOC001650,SIN00413,factura_taller,True,True,2024-09-03,False,False,
DOC001651,SIN00413,fotos,True,True,2024-09-03,False,False,
DOC001652,SIN00413,informe_perito,True,True,2024-09-03,False,False,
DOC001653,SIN00414,denuncia,True,True,2025-06-12,True,False,
DOC001654,SIN00414,factura_taller,True,True,2025-06-12,False,False,
DOC001655,SIN00414,fotos,True,False,2025-06-12,False,False,
DOC001656,SIN00414,informe_perito,True,False,2025-06-12,False,False,
DOC001657,SIN00415,denuncia,True,True,2025-03-25,False,False,
DOC001658,SIN00415,factura_taller,True,True,2025-03-25,False,False,
DOC001659,SIN00415,fotos,True,True,2025-03-25,False,False,
DOC001660,SIN00415,informe_perito,True,True,2025-03-25,False,False,
DOC001661,SIN00416,denuncia,True,True,2025-11-03,False,False,
DOC001662,SIN00416,factura_taller,True,True,2025-11-03,False,False,
DOC001663,SIN00416,fotos,True,True,2025-11-03,False,False,
DOC001664,SIN00416,informe_perito,True,True,2025-11-03,False,False,
DOC001665,SIN00417,denuncia,True,True,2024-10-22,False,False,
DOC001666,SIN00417,factura_taller,True,True,2024-10-22,False,False,
DOC001667,SIN00417,fotos,True,True,2024-10-22,False,False,
DOC001668,SIN00417,informe_perito,True,True,2024-10-22,False,False,
DOC001669,SIN00418,denuncia,True,True,2025-01-06,False,False,
DOC001670,SIN00418,factura_taller,True,True,2025-01-06,False,False,
DOC001671,SIN00418,fotos,True,True,2025-01-06,False,False,
DOC001672,SIN00418,informe_perito,True,True,2025-01-06,False,False,
DOC001673,SIN00419,denuncia,True,True,2025-05-24,False,False,
DOC001674,SIN00419,factura_taller,False,True,2025-05-24,False,False,
DOC001675,SIN00419,fotos,True,True,2025-05-24,True,False,
DOC001676,SIN00419,informe_perito,True,True,2025-05-24,False,False,
DOC001677,SIN00420,denuncia,True,True,2025-10-03,False,False,
DOC001678,SIN00420,factura_taller,True,True,2025-10-03,False,False,
DOC001679,SIN00420,fotos,True,True,2025-10-03,False,False,
DOC001680,SIN00420,informe_perito,False,True,2025-10-03,False,False,
DOC001681,SIN00421,denuncia,True,True,2026-01-09,False,False,
DOC001682,SIN00421,factura_taller,True,True,2026-01-09,False,False,
DOC001683,SIN00421,fotos,True,True,2026-01-09,False,False,
DOC001684,SIN00421,informe_perito,True,True,2026-01-09,False,False,
DOC001685,SIN00422,denuncia,True,True,2024-12-23,False,False,
DOC001686,SIN00422,factura_taller,True,True,2024-12-23,False,False,
DOC001687,SIN00422,fotos,True,True,2024-12-23,False,False,
DOC001688,SIN00422,informe_perito,True,True,2024-12-23,False,False,
DOC001689,SIN00423,denuncia,True,True,2026-02-06,False,False,
DOC001690,SIN00423,factura_taller,True,True,2026-02-06,False,False,
DOC001691,SIN00423,fotos,True,True,2026-02-06,False,False,
DOC001692,SIN00423,informe_perito,True,True,2026-02-06,False,False,
DOC001693,SIN00424,denuncia,True,True,2026-01-08,False,False,
DOC001694,SIN00424,factura_taller,True,True,2026-01-08,False,False,
DOC001695,SIN00424,fotos,True,True,2026-01-08,False,False,
DOC001696,SIN00424,informe_perito,True,True,2026-01-08,False,False,
DOC001697,SIN00425,denuncia,True,True,2025-02-15,False,False,
DOC001698,SIN00425,factura_taller,True,True,2025-02-15,False,False,
DOC001699,SIN00425,fotos,True,False,2025-02-15,False,False,
DOC001700,SIN00425,informe_perito,True,True,2025-02-15,False,False,
DOC001701,SIN00426,denuncia,True,True,2025-07-22,False,False,
DOC001702,SIN00426,factura_taller,True,True,2025-07-22,False,False,
DOC001703,SIN00426,fotos,True,True,2025-07-22,False,False,
DOC001704,SIN00426,informe_perito,True,True,2025-07-22,False,False,
DOC001705,SIN00427,denuncia,True,True,2025-01-25,False,False,
DOC001706,SIN00427,factura_taller,True,True,2025-01-25,False,False,
DOC001707,SIN00427,fotos,True,True,2025-01-25,False,False,
DOC001708,SIN00427,informe_perito,True,True,2025-01-25,False,False,
DOC001709,SIN00428,denuncia,True,True,2025-03-01,False,False,
DOC001710,SIN00428,factura_taller,True,True,2025-03-01,False,False,
DOC001711,SIN00428,fotos,True,True,2025-03-01,False,False,
DOC001712,SIN00428,informe_perito,True,True,2025-03-01,False,False,
DOC001713,SIN00429,denuncia,False,True,2024-08-28,True,False,
DOC001714,SIN00429,factura_taller,True,True,2024-08-28,False,False,
DOC001715,SIN00429,fotos,True,True,2024-08-28,False,False,
DOC001716,SIN00429,informe_perito,True,True,2024-08-28,True,False,
DOC001717,SIN00430,denuncia,True,True,2024-12-25,False,False,
DOC001718,SIN00430,factura_taller,True,True,2024-12-25,False,False,
DOC001719,SIN00430,fotos,True,True,2024-12-25,False,False,
DOC001720,SIN00430,informe_perito,True,True,2024-12-25,False,False,
DOC001721,SIN00431,denuncia,True,True,2024-05-08,False,False,
DOC001722,SIN00431,factura_taller,True,True,2024-05-08,False,False,
DOC001723,SIN00431,fotos,True,True,2024-05-08,False,False,
DOC001724,SIN00431,informe_perito,True,True,2024-05-08,False,False,
DOC001725,SIN00432,denuncia,True,True,2024-10-04,False,False,
DOC001726,SIN00432,factura_taller,True,True,2024-10-04,False,False,
DOC001727,SIN00432,fotos,True,True,2024-10-04,False,False,
DOC001728,SIN00432,informe_perito,True,True,2024-10-04,False,False,
DOC001729,SIN00433,denuncia,True,True,2025-10-26,False,False,
DOC001730,SIN00433,factura_taller,False,True,2025-10-26,False,False,
DOC001731,SIN00433,fotos,True,True,2025-10-26,False,False,
DOC001732,SIN00433,informe_perito,True,True,2025-10-26,True,False,
DOC001733,SIN00434,denuncia,True,True,2024-06-15,False,False,
DOC001734,SIN00434,factura_taller,True,True,2024-06-15,False,False,
DOC001735,SIN00434,fotos,True,True,2024-06-15,False,False,
DOC001736,SIN00434,informe_perito,True,True,2024-06-15,False,False,
DOC001737,SIN00435,denuncia,True,True,2025-04-28,False,False,
DOC001738,SIN00435,factura_taller,True,True,2025-04-28,False,False,
DOC001739,SIN00435,fotos,True,True,2025-04-28,False,False,
DOC001740,SIN00435,informe_perito,True,True,2025-04-28,False,False,
DOC001741,SIN00436,denuncia,True,True,2024-07-02,False,False,
DOC001742,SIN00436,factura_taller,False,True,2024-07-02,True,False,
DOC001743,SIN00436,fotos,False,True,2024-07-02,False,False,
DOC001744,SIN00436,informe_perito,True,True,2024-07-02,False,False,
DOC001745,SIN00437,denuncia,True,True,2024-09-10,False,False,
DOC001746,SIN00437,factura_taller,True,True,2024-09-10,False,False,
DOC001747,SIN00437,fotos,True,True,2024-09-10,False,False,
DOC001748,SIN00437,informe_perito,True,True,2024-09-10,False,False,
DOC001749,SIN00438,denuncia,True,True,2025-03-23,False,False,
DOC001750,SIN00438,factura_taller,True,True,2025-03-23,False,False,
DOC001751,SIN00438,fotos,True,True,2025-03-23,False,False,
DOC001752,SIN00438,informe_perito,True,True,2025-03-23,False,False,
DOC001753,SIN00439,denuncia,True,True,2025-09-30,False,False,
DOC001754,SIN00439,factura_taller,True,True,2025-09-30,False,False,
DOC001755,SIN00439,fotos,True,True,2025-09-30,True,False,
DOC001756,SIN00439,informe_perito,True,True,2025-09-30,False,False,
DOC001757,SIN00440,denuncia,True,True,2025-11-19,False,False,
DOC001758,SIN00440,factura_taller,True,True,2025-11-19,False,False,
DOC001759,SIN00440,fotos,True,True,2025-11-19,False,False,
DOC001760,SIN00440,informe_perito,True,True,2025-11-19,False,False,
DOC001761,SIN00441,denuncia,True,True,2024-09-24,False,False,
DOC001762,SIN00441,factura_taller,True,True,2024-09-24,False,False,
DOC001763,SIN00441,fotos,True,True,2024-09-24,False,False,
DOC001764,SIN00441,informe_perito,True,True,2024-09-24,False,False,
DOC001765,SIN00442,denuncia,True,True,2026-08-13,False,False,
DOC001766,SIN00442,factura_taller,True,True,2026-08-13,True,False,
DOC001767,SIN00442,fotos,True,True,2026-08-13,True,False,
DOC001768,SIN00442,informe_perito,True,True,2026-08-13,False,False,
DOC001769,SIN00443,denuncia,True,True,2025-07-17,False,False,
DOC001770,SIN00443,factura_taller,True,True,2025-07-17,False,False,
DOC001771,SIN00443,fotos,True,True,2025-07-17,False,False,
DOC001772,SIN00443,informe_perito,True,True,2025-07-17,False,False,
DOC001773,SIN00444,denuncia,True,True,2024-04-18,False,False,
DOC001774,SIN00444,factura_taller,False,True,2024-04-18,False,False,
DOC001775,SIN00444,fotos,True,False,2024-04-18,False,False,
DOC001776,SIN00444,informe_perito,True,True,2024-04-18,False,False,
DOC001777,SIN00445,denuncia,True,True,2024-12-28,False,False,
DOC001778,SIN00445,factura_taller,True,True,2024-12-28,False,False,
DOC001779,SIN00445,fotos,True,True,2024-12-28,False,False,
DOC001780,SIN00445,informe_perito,True,True,2024-12-28,False,False,
DOC001781,SIN00446,denuncia,True,True,2025-05-14,False,False,
DOC001782,SIN00446,factura_taller,True,True,2025-05-14,False,False,
DOC001783,SIN00446,fotos,True,True,2025-05-14,False,False,
DOC001784,SIN00446,informe_perito,True,True,2025-05-14,False,False,
DOC001785,SIN00447,denuncia,True,True,2025-03-29,True,False,
DOC001786,SIN00447,factura_taller,True,False,2025-03-29,False,False,
DOC001787,SIN00447,fotos,True,True,2025-03-29,False,False,
DOC001788,SIN00447,informe_perito,True,True,2025-03-29,False,False,
DOC001789,SIN00448,denuncia,True,True,2026-02-24,True,False,
DOC001790,SIN00448,factura_taller,True,True,2026-02-24,True,False,
DOC001791,SIN00448,fotos,False,True,2026-02-24,False,False,
DOC001792,SIN00448,informe_perito,True,True,2026-02-24,False,False,
DOC001793,SIN00449,denuncia,True,True,2024-05-16,False,False,
DOC001794,SIN00449,factura_taller,True,True,2024-05-16,False,False,
DOC001795,SIN00449,fotos,True,True,2024-05-16,False,False,
DOC001796,SIN00449,informe_perito,True,True,2024-05-16,False,False,
DOC001797,SIN00450,denuncia,True,True,2026-02-14,False,False,
DOC001798,SIN00450,factura_taller,True,True,2026-02-14,False,False,
DOC001799,SIN00450,fotos,True,True,2026-02-14,False,False,
DOC001800,SIN00450,informe_perito,True,True,2026-02-14,False,False,
DOC001801,SIN00451,denuncia,True,True,2025-04-16,False,False,
DOC001802,SIN00451,factura_taller,True,True,2025-04-16,False,False,
DOC001803,SIN00451,fotos,True,True,2025-04-16,False,False,
DOC001804,SIN00451,informe_perito,True,True,2025-04-16,False,False,
DOC001805,SIN00452,denuncia,True,True,2025-08-20,False,False,
DOC001806,SIN00452,factura_taller,True,True,2025-08-20,False,False,
DOC001807,SIN00452,fotos,True,True,2025-08-20,False,False,
DOC001808,SIN00452,informe_perito,True,True,2025-08-20,False,False,
DOC001809,SIN00453,denuncia,True,True,2024-09-15,False,False,
DOC001810,SIN00453,factura_taller,True,True,2024-09-15,False,False,
DOC001811,SIN00453,fotos,True,True,2024-09-15,False,False,
DOC001812,SIN00453,informe_perito,True,True,2024-09-15,False,False,
DOC001813,SIN00454,denuncia,True,True,2024-12-07,True,False,
DOC001814,SIN00454,factura_taller,True,True,2024-12-07,False,False,
DOC001815,SIN00454,fotos,True,True,2024-12-07,False,False,
DOC001816,SIN00454,informe_perito,True,True,2024-12-07,True,False,
DOC001817,SIN00455,denuncia,True,True,2026-05-12,False,False,
DOC001818,SIN00455,factura_taller,True,True,2026-05-12,False,False,
DOC001819,SIN00455,fotos,True,True,2026-05-12,False,False,
DOC001820,SIN00455,informe_perito,True,True,2026-05-12,False,False,
DOC001821,SIN00456,denuncia,True,True,2025-07-23,False,False,
DOC001822,SIN00456,factura_taller,True,True,2025-07-23,False,False,
DOC001823,SIN00456,fotos,True,True,2025-07-23,False,False,
DOC001824,SIN00456,informe_perito,True,True,2025-07-23,False,False,
DOC001825,SIN00457,denuncia,True,True,2026-05-27,False,False,
DOC001826,SIN00457,factura_taller,True,True,2026-05-27,False,False,
DOC001827,SIN00457,fotos,True,True,2026-05-27,False,False,
DOC001828,SIN00457,informe_perito,True,True,2026-05-27,False,False,
DOC001829,SIN00458,denuncia,True,True,2025-03-24,False,False,
DOC001830,SIN00458,factura_taller,True,True,2025-03-24,False,False,
DOC001831,SIN00458,fotos,True,True,2025-03-24,False,False,
DOC001832,SIN00458,informe_perito,True,True,2025-03-24,False,False,
DOC001833,SIN00459,denuncia,True,True,2025-08-31,False,False,
DOC001834,SIN00459,factura_taller,True,True,2025-08-31,False,False,
DOC001835,SIN00459,fotos,True,True,2025-08-31,False,False,
DOC001836,SIN00459,informe_perito,True,True,2025-08-31,False,False,
DOC001837,SIN00460,denuncia,True,True,2026-07-07,False,False,
DOC001838,SIN00460,factura_taller,False,True,2026-07-07,False,False,
DOC001839,SIN00460,fotos,True,True,2026-07-07,False,False,
DOC001840,SIN00460,informe_perito,True,True,2026-07-07,False,False,
DOC001841,SIN00461,denuncia,True,False,2025-11-10,False,False,
DOC001842,SIN00461,factura_taller,True,True,2025-11-10,False,False,
DOC001843,SIN00461,fotos,True,True,2025-11-10,False,False,
DOC001844,SIN00461,informe_perito,True,True,2025-11-10,False,False,
DOC001845,SIN00462,denuncia,False,True,2024-10-06,False,False,
DOC001846,SIN00462,factura_taller,True,True,2024-10-06,False,False,
DOC001847,SIN00462,fotos,True,True,2024-10-06,False,False,
DOC001848,SIN00462,informe_perito,True,True,2024-10-06,False,False,
DOC001849,SIN00463,denuncia,True,True,2024-09-09,False,False,
DOC001850,SIN00463,factura_taller,False,False,2024-09-09,False,False,
DOC001851,SIN00463,fotos,False,True,2024-09-09,False,False,
DOC001852,SIN00463,informe_perito,True,True,2024-09-09,True,False,
DOC001853,SIN00464,denuncia,True,True,2025-01-16,False,False,
DOC001854,SIN00464,factura_taller,True,True,2025-01-16,False,False,
DOC001855,SIN00464,fotos,False,True,2025-01-16,True,False,
DOC001856,SIN00464,informe_perito,True,True,2025-01-16,False,False,
DOC001857,SIN00465,denuncia,True,True,2024-03-10,False,False,
DOC001858,SIN00465,factura_taller,True,True,2024-03-10,False,False,
DOC001859,SIN00465,fotos,False,True,2024-03-10,False,False,
DOC001860,SIN00465,informe_perito,True,True,2024-03-10,False,False,
DOC001861,SIN00466,denuncia,True,True,2025-01-20,False,False,
DOC001862,SIN00466,factura_taller,True,False,2025-01-20,False,False,
DOC001863,SIN00466,fotos,True,True,2025-01-20,False,False,
DOC001864,SIN00466,informe_perito,True,True,2025-01-20,False,False,
DOC001865,SIN00467,denuncia,True,True,2024-07-13,True,False,
DOC001866,SIN00467,factura_taller,True,False,2024-07-13,False,False,
DOC001867,SIN00467,fotos,True,True,2024-07-13,False,False,
DOC001868,SIN00467,informe_perito,True,True,2024-07-13,False,False,
DOC001869,SIN00468,denuncia,True,True,2024-12-10,False,False,
DOC001870,SIN00468,factura_taller,True,True,2024-12-10,False,False,
DOC001871,SIN00468,fotos,True,True,2024-12-10,False,False,
DOC001872,SIN00468,informe_perito,False,True,2024-12-10,False,False,
DOC001873,SIN00469,denuncia,True,True,2025-06-02,False,False,
DOC001874,SIN00469,factura_taller,True,True,2025-06-02,False,False,
DOC001875,SIN00469,fotos,True,True,2025-06-02,False,False,
DOC001876,SIN00469,informe_perito,True,True,2025-06-02,False,False,
DOC001877,SIN00470,denuncia,True,True,2026-04-07,False,False,
DOC001878,SIN00470,factura_taller,True,True,2026-04-07,False,False,
DOC001879,SIN00470,fotos,True,True,2026-04-07,False,False,
DOC001880,SIN00470,informe_perito,True,True,2026-04-07,False,False,
DOC001881,SIN00471,denuncia,True,False,2025-12-03,False,False,
DOC001882,SIN00471,factura_taller,False,True,2025-12-03,True,False,
DOC001883,SIN00471,fotos,True,True,2025-12-03,False,False,
DOC001884,SIN00471,informe_perito,True,True,2025-12-03,False,False,
DOC001885,SIN00472,denuncia,True,True,2025-02-03,False,False,
DOC001886,SIN00472,factura_taller,False,False,2025-02-03,False,False,
DOC001887,SIN00472,fotos,True,True,2025-02-03,False,False,
DOC001888,SIN00472,informe_perito,True,True,2025-02-03,False,False,
DOC001889,SIN00473,denuncia,False,True,2025-02-25,False,False,
DOC001890,SIN00473,factura_taller,True,False,2025-02-25,True,False,
DOC001891,SIN00473,fotos,True,True,2025-02-25,True,False,
DOC001892,SIN00473,informe_perito,True,False,2025-02-25,False,False,
DOC001893,SIN00474,denuncia,True,True,2025-07-05,False,False,
DOC001894,SIN00474,factura_taller,True,True,2025-07-05,False,False,
DOC001895,SIN00474,fotos,True,True,2025-07-05,False,False,
DOC001896,SIN00474,informe_perito,True,True,2025-07-05,False,False,
DOC001897,SIN00475,denuncia,True,True,2024-10-12,False,False,
DOC001898,SIN00475,factura_taller,True,True,2024-10-12,False,False,
DOC001899,SIN00475,fotos,True,True,2024-10-12,False,False,
DOC001900,SIN00475,informe_perito,True,True,2024-10-12,False,False,
DOC001901,SIN00476,denuncia,True,True,2025-05-08,False,False,
DOC001902,SIN00476,factura_taller,True,True,2025-05-08,False,False,
DOC001903,SIN00476,fotos,True,True,2025-05-08,False,False,
DOC001904,SIN00476,informe_perito,False,True,2025-05-08,False,False,
DOC001905,SIN00477,denuncia,True,True,2026-06-16,False,False,
DOC001906,SIN00477,factura_taller,True,True,2026-06-16,False,False,
DOC001907,SIN00477,fotos,True,True,2026-06-16,False,False,
DOC001908,SIN00477,informe_perito,True,True,2026-06-16,False,False,
DOC001909,SIN00478,denuncia,True,True,2025-01-13,False,False,
DOC001910,SIN00478,factura_taller,True,True,2025-01-13,False,False,
DOC001911,SIN00478,fotos,True,True,2025-01-13,False,False,
DOC001912,SIN00478,informe_perito,True,True,2025-01-13,False,False,
DOC001913,SIN00479,denuncia,True,True,2025-03-05,False,False,
DOC001914,SIN00479,factura_taller,True,True,2025-03-05,False,False,
DOC001915,SIN00479,fotos,True,True,2025-03-05,False,False,
DOC001916,SIN00479,informe_perito,True,True,2025-03-05,False,False,
DOC001917,SIN00480,denuncia,True,True,2025-04-16,False,False,
DOC001918,SIN00480,factura_taller,True,True,2025-04-16,False,False,
DOC001919,SIN00480,fotos,True,True,2025-04-16,False,False,
DOC001920,SIN00480,informe_perito,True,True,2025-04-16,False,False,
DOC001921,SIN00481,denuncia,True,True,2026-02-28,False,False,
DOC001922,SIN00481,factura_taller,True,True,2026-02-28,False,False,
DOC001923,SIN00481,fotos,True,True,2026-02-28,False,False,
DOC001924,SIN00481,informe_perito,True,True,2026-02-28,False,False,
DOC001925,SIN00482,denuncia,True,True,2024-09-23,False,False,
DOC001926,SIN00482,factura_taller,True,True,2024-09-23,False,False,
DOC001927,SIN00482,fotos,True,True,2024-09-23,False,False,
DOC001928,SIN00482,informe_perito,True,True,2024-09-23,False,False,
DOC001929,SIN00483,denuncia,True,True,2025-06-29,False,False,
DOC001930,SIN00483,factura_taller,True,True,2025-06-29,False,False,
DOC001931,SIN00483,fotos,False,True,2025-06-29,True,False,
DOC001932,SIN00483,informe_perito,True,True,2025-06-29,False,False,
DOC001933,SIN00484,denuncia,True,True,2025-11-30,False,False,
DOC001934,SIN00484,factura_taller,True,True,2025-11-30,False,False,
DOC001935,SIN00484,fotos,True,True,2025-11-30,False,False,
DOC001936,SIN00484,informe_perito,True,True,2025-11-30,False,False,
DOC001937,SIN00485,denuncia,True,True,2024-09-16,False,False,
DOC001938,SIN00485,factura_taller,True,True,2024-09-16,False,False,
DOC001939,SIN00485,fotos,True,True,2024-09-16,False,False,
DOC001940,SIN00485,informe_perito,True,True,2024-09-16,False,False,
DOC001941,SIN00486,denuncia,True,True,2025-08-15,False,False,
DOC001942,SIN00486,factura_taller,True,True,2025-08-15,False,False,
DOC001943,SIN00486,fotos,True,True,2025-08-15,False,False,
DOC001944,SIN00486,informe_perito,True,True,2025-08-15,False,False,
DOC001945,SIN00487,denuncia,True,True,2025-12-12,True,False,
DOC001946,SIN00487,factura_taller,True,True,2025-12-12,True,False,
DOC001947,SIN00487,fotos,False,True,2025-12-12,False,False,
DOC001948,SIN00487,informe_perito,True,True,2025-12-12,False,False,
DOC001949,SIN00488,denuncia,True,True,2025-06-11,False,False,
DOC001950,SIN00488,factura_taller,True,False,2025-06-11,False,False,
DOC001951,SIN00488,fotos,True,True,2025-06-11,False,False,
DOC001952,SIN00488,informe_perito,True,True,2025-06-11,False,False,
DOC001953,SIN00489,denuncia,True,True,2024-10-12,False,False,
DOC001954,SIN00489,factura_taller,True,True,2024-10-12,False,False,
DOC001955,SIN00489,fotos,True,True,2024-10-12,False,False,
DOC001956,SIN00489,informe_perito,True,True,2024-10-12,False,False,
DOC001957,SIN00490,denuncia,True,True,2025-05-01,False,False,
DOC001958,SIN00490,factura_taller,True,True,2025-05-01,False,False,
DOC001959,SIN00490,fotos,True,True,2025-05-01,False,False,
DOC001960,SIN00490,informe_perito,True,True,2025-05-01,False,False,
DOC001961,SIN00491,denuncia,True,True,2024-12-31,False,False,
DOC001962,SIN00491,factura_taller,True,True,2024-12-31,False,False,
DOC001963,SIN00491,fotos,True,True,2024-12-31,False,False,
DOC001964,SIN00491,informe_perito,True,True,2024-12-31,False,False,
DOC001965,SIN00492,denuncia,True,True,2025-10-20,False,False,
DOC001966,SIN00492,factura_taller,True,True,2025-10-20,False,False,
DOC001967,SIN00492,fotos,True,True,2025-10-20,False,False,
DOC001968,SIN00492,informe_perito,True,True,2025-10-20,False,False,
DOC001969,SIN00493,denuncia,True,True,2025-08-20,False,False,
DOC001970,SIN00493,factura_taller,True,True,2025-08-20,False,False,
DOC001971,SIN00493,fotos,True,True,2025-08-20,False,False,
DOC001972,SIN00493,informe_perito,True,True,2025-08-20,False,False,
DOC001973,SIN00494,denuncia,True,True,2026-02-10,False,False,
DOC001974,SIN00494,factura_taller,True,True,2026-02-10,False,False,
DOC001975,SIN00494,fotos,True,True,2026-02-10,False,False,
DOC001976,SIN00494,informe_perito,True,True,2026-02-10,False,False,
DOC001977,SIN00495,denuncia,True,True,2024-09-07,False,False,
DOC001978,SIN00495,factura_taller,True,True,2024-09-07,False,False,
DOC001979,SIN00495,fotos,True,True,2024-09-07,False,False,
DOC001980,SIN00495,informe_perito,True,True,2024-09-07,False,False,
DOC001981,SIN00496,denuncia,True,True,2026-01-20,False,False,
DOC001982,SIN00496,factura_taller,True,True,2026-01-20,False,False,
DOC001983,SIN00496,fotos,True,True,2026-01-20,False,False,
DOC001984,SIN00496,informe_perito,True,True,2026-01-20,False,False,
DOC001985,SIN00497,denuncia,True,True,2025-05-04,False,False,
DOC001986,SIN00497,factura_taller,True,True,2025-05-04,False,False,
DOC001987,SIN00497,fotos,True,True,2025-05-04,False,False,
DOC001988,SIN00497,informe_perito,True,True,2025-05-04,False,False,
DOC001989,SIN00498,denuncia,True,True,2024-10-23,False,False,
DOC001990,SIN00498,factura_taller,True,True,2024-10-23,False,False,
DOC001991,SIN00498,fotos,True,True,2024-10-23,False,False,
DOC001992,SIN00498,informe_perito,True,True,2024-10-23,False,False,
DOC001993,SIN00499,denuncia,True,True,2026-04-08,False,False,
DOC001994,SIN00499,factura_taller,True,True,2026-04-08,False,False,
DOC001995,SIN00499,fotos,True,True,2026-04-08,False,False,
DOC001996,SIN00499,informe_perito,True,True,2026-04-08,False,False,
DOC001997,SIN00500,denuncia,True,True,2026-03-15,False,False,
DOC001998,SIN00500,factura_taller,True,True,2026-03-15,False,False,
DOC001999,SIN00500,fotos,True,True,2026-03-15,False,False,
DOC002000,SIN00500,informe_perito,True,True,2026-03-15,False,False,
DOC002001,SIN00501,denuncia,True,True,2025-09-09,False,False,
DOC002002,SIN00501,factura_taller,True,True,2025-09-09,False,False,
DOC002003,SIN00501,fotos,True,True,2025-09-09,False,False,
DOC002004,SIN00501,informe_perito,True,True,2025-09-09,False,False,
DOC002005,SIN00502,denuncia,True,True,2026-03-05,False,False,
DOC002006,SIN00502,factura_taller,True,True,2026-03-05,False,False,
DOC002007,SIN00502,fotos,True,True,2026-03-05,False,False,
DOC002008,SIN00502,informe_perito,True,True,2026-03-05,False,False,
DOC002009,SIN00503,denuncia,True,True,2025-08-03,True,False,
DOC002010,SIN00503,factura_taller,True,True,2025-08-03,False,False,
DOC002011,SIN00503,fotos,True,True,2025-08-03,False,False,
DOC002012,SIN00503,informe_perito,True,True,2025-08-03,False,False,
DOC002013,SIN00504,denuncia,True,True,2025-11-22,False,False,
DOC002014,SIN00504,factura_taller,True,True,2025-11-22,False,False,
DOC002015,SIN00504,fotos,True,True,2025-11-22,False,False,
DOC002016,SIN00504,informe_perito,True,True,2025-11-22,False,False,
DOC002017,SIN00505,denuncia,True,True,2024-06-09,False,False,
DOC002018,SIN00505,factura_taller,True,True,2024-06-09,False,False,
DOC002019,SIN00505,fotos,True,True,2024-06-09,False,False,
DOC002020,SIN00505,informe_perito,True,True,2024-06-09,False,False,
DOC002021,SIN00506,denuncia,True,True,2025-12-14,False,False,
DOC002022,SIN00506,factura_taller,True,True,2025-12-14,False,False,
DOC002023,SIN00506,fotos,True,True,2025-12-14,False,False,
DOC002024,SIN00506,informe_perito,True,True,2025-12-14,False,False,
DOC002025,SIN00507,denuncia,True,True,2025-12-27,False,False,
DOC002026,SIN00507,factura_taller,True,True,2025-12-27,False,False,
DOC002027,SIN00507,fotos,True,True,2025-12-27,False,False,
DOC002028,SIN00507,informe_perito,True,True,2025-12-27,False,False,
DOC002029,SIN00508,denuncia,True,True,2024-11-30,False,False,
DOC002030,SIN00508,factura_taller,True,True,2024-11-30,False,False,
DOC002031,SIN00508,fotos,True,True,2024-11-30,False,False,
DOC002032,SIN00508,informe_perito,True,True,2024-11-30,False,False,
DOC002033,SIN00509,denuncia,True,True,2024-06-22,False,False,
DOC002034,SIN00509,factura_taller,True,True,2024-06-22,False,False,
DOC002035,SIN00509,fotos,True,True,2024-06-22,False,False,
DOC002036,SIN00509,informe_perito,True,True,2024-06-22,False,False,
DOC002037,SIN00510,denuncia,False,True,2025-09-03,False,False,
DOC002038,SIN00510,factura_taller,False,True,2025-09-03,False,False,
DOC002039,SIN00510,fotos,True,True,2025-09-03,False,False,
DOC002040,SIN00510,informe_perito,True,False,2025-09-03,False,False,
DOC002041,SIN00511,denuncia,False,True,2025-08-21,False,False,
DOC002042,SIN00511,factura_taller,True,True,2025-08-21,False,False,
DOC002043,SIN00511,fotos,True,True,2025-08-21,False,False,
DOC002044,SIN00511,informe_perito,False,False,2025-08-21,False,False,
DOC002045,SIN00512,denuncia,True,True,2026-06-24,False,False,
DOC002046,SIN00512,factura_taller,True,True,2026-06-24,False,False,
DOC002047,SIN00512,fotos,True,True,2026-06-24,False,False,
DOC002048,SIN00512,informe_perito,True,True,2026-06-24,False,False,
DOC002049,SIN00513,denuncia,True,True,2024-09-10,False,False,
DOC002050,SIN00513,factura_taller,True,True,2024-09-10,False,False,
DOC002051,SIN00513,fotos,True,True,2024-09-10,False,False,
DOC002052,SIN00513,informe_perito,True,True,2024-09-10,False,False,
DOC002053,SIN00514,denuncia,True,True,2025-04-02,False,False,
DOC002054,SIN00514,factura_taller,True,True,2025-04-02,False,False,
DOC002055,SIN00514,fotos,True,True,2025-04-02,False,False,
DOC002056,SIN00514,informe_perito,True,True,2025-04-02,False,False,
DOC002057,SIN00515,denuncia,True,True,2025-02-15,False,False,
DOC002058,SIN00515,factura_taller,True,False,2025-02-15,False,False,
DOC002059,SIN00515,fotos,True,True,2025-02-15,False,False,
DOC002060,SIN00515,informe_perito,True,True,2025-02-15,False,False,
DOC002061,SIN00516,denuncia,True,True,2025-05-08,False,False,
DOC002062,SIN00516,factura_taller,True,True,2025-05-08,False,False,
DOC002063,SIN00516,fotos,True,True,2025-05-08,False,False,
DOC002064,SIN00516,informe_perito,True,True,2025-05-08,False,False,
DOC002065,SIN00517,denuncia,True,True,2025-08-07,False,False,
DOC002066,SIN00517,factura_taller,True,True,2025-08-07,False,False,
DOC002067,SIN00517,fotos,True,True,2025-08-07,False,False,
DOC002068,SIN00517,informe_perito,True,True,2025-08-07,False,False,
DOC002069,SIN00518,denuncia,True,True,2025-01-02,False,False,
DOC002070,SIN00518,factura_taller,True,True,2025-01-02,False,False,
DOC002071,SIN00518,fotos,True,True,2025-01-02,False,False,
DOC002072,SIN00518,informe_perito,True,False,2025-01-02,False,False,
DOC002073,SIN00519,denuncia,True,True,2025-08-19,False,False,
DOC002074,SIN00519,factura_taller,True,True,2025-08-19,False,False,
DOC002075,SIN00519,fotos,True,True,2025-08-19,False,False,
DOC002076,SIN00519,informe_perito,True,True,2025-08-19,False,False,
DOC002077,SIN00520,denuncia,True,True,2025-12-10,False,False,
DOC002078,SIN00520,factura_taller,True,True,2025-12-10,False,False,
DOC002079,SIN00520,fotos,True,True,2025-12-10,False,False,
DOC002080,SIN00520,informe_perito,False,True,2025-12-10,False,False,
DOC002081,SIN00521,denuncia,True,True,2025-12-16,False,False,
DOC002082,SIN00521,factura_taller,True,True,2025-12-16,False,False,
DOC002083,SIN00521,fotos,True,True,2025-12-16,False,False,
DOC002084,SIN00521,informe_perito,True,True,2025-12-16,False,False,
DOC002085,SIN00522,denuncia,True,False,2026-04-13,False,False,
DOC002086,SIN00522,factura_taller,True,True,2026-04-13,False,False,
DOC002087,SIN00522,fotos,True,True,2026-04-13,False,False,
DOC002088,SIN00522,informe_perito,True,True,2026-04-13,False,False,
DOC002089,SIN00523,denuncia,True,True,2024-07-12,False,False,
DOC002090,SIN00523,factura_taller,True,True,2024-07-12,False,False,
DOC002091,SIN00523,fotos,True,True,2024-07-12,False,False,
DOC002092,SIN00523,informe_perito,True,True,2024-07-12,False,False,
DOC002093,SIN00524,denuncia,True,True,2024-11-07,False,False,
DOC002094,SIN00524,factura_taller,True,True,2024-11-07,False,False,
DOC002095,SIN00524,fotos,True,True,2024-11-07,False,False,
DOC002096,SIN00524,informe_perito,True,True,2024-11-07,False,False,
DOC002097,SIN00525,denuncia,True,True,2024-11-06,False,False,
DOC002098,SIN00525,factura_taller,True,True,2024-11-06,False,False,
DOC002099,SIN00525,fotos,True,True,2024-11-06,False,False,
DOC002100,SIN00525,informe_perito,True,True,2024-11-06,False,False,
DOC002101,SIN00526,denuncia,True,True,2024-04-11,True,False,
DOC002102,SIN00526,factura_taller,True,True,2024-04-11,True,False,
DOC002103,SIN00526,fotos,True,True,2024-04-11,False,False,
DOC002104,SIN00526,informe_perito,True,True,2024-04-11,False,False,
DOC002105,SIN00527,denuncia,True,True,2026-03-18,False,False,
DOC002106,SIN00527,factura_taller,True,True,2026-03-18,False,False,
DOC002107,SIN00527,fotos,True,True,2026-03-18,False,False,
DOC002108,SIN00527,informe_perito,True,True,2026-03-18,False,False,
DOC002109,SIN00528,denuncia,True,True,2024-09-27,False,False,
DOC002110,SIN00528,factura_taller,True,True,2024-09-27,False,False,
DOC002111,SIN00528,fotos,True,True,2024-09-27,False,False,
DOC002112,SIN00528,informe_perito,True,True,2024-09-27,False,False,
DOC002113,SIN00529,denuncia,True,True,2024-04-07,False,False,
DOC002114,SIN00529,factura_taller,True,True,2024-04-07,False,False,
DOC002115,SIN00529,fotos,True,True,2024-04-07,False,False,
DOC002116,SIN00529,informe_perito,True,True,2024-04-07,False,False,
DOC002117,SIN00530,denuncia,True,True,2025-12-17,False,False,
DOC002118,SIN00530,factura_taller,True,True,2025-12-17,False,False,
DOC002119,SIN00530,fotos,True,True,2025-12-17,False,False,
DOC002120,SIN00530,informe_perito,True,True,2025-12-17,False,False,
DOC002121,SIN00531,denuncia,True,True,2024-12-10,False,False,
DOC002122,SIN00531,factura_taller,True,True,2024-12-10,False,False,
DOC002123,SIN00531,fotos,True,True,2024-12-10,False,False,
DOC002124,SIN00531,informe_perito,True,True,2024-12-10,False,False,
DOC002125,SIN00532,denuncia,True,True,2025-04-22,False,False,
DOC002126,SIN00532,factura_taller,True,True,2025-04-22,False,False,
DOC002127,SIN00532,fotos,True,True,2025-04-22,False,False,
DOC002128,SIN00532,informe_perito,True,True,2025-04-22,False,False,
DOC002129,SIN00533,denuncia,True,True,2025-11-19,False,False,
DOC002130,SIN00533,factura_taller,True,True,2025-11-19,False,False,
DOC002131,SIN00533,fotos,True,True,2025-11-19,False,False,
DOC002132,SIN00533,informe_perito,True,True,2025-11-19,False,False,
DOC002133,SIN00534,denuncia,True,True,2025-04-11,False,False,
DOC002134,SIN00534,factura_taller,True,True,2025-04-11,False,False,
DOC002135,SIN00534,fotos,False,True,2025-04-11,False,False,
DOC002136,SIN00534,informe_perito,True,True,2025-04-11,False,False,
DOC002137,SIN00535,denuncia,True,True,2024-03-20,False,False,
DOC002138,SIN00535,factura_taller,True,True,2024-03-20,False,False,
DOC002139,SIN00535,fotos,True,True,2024-03-20,False,False,
DOC002140,SIN00535,informe_perito,True,True,2024-03-20,False,False,
DOC002141,SIN00536,denuncia,False,True,2024-03-25,False,False,
DOC002142,SIN00536,factura_taller,True,True,2024-03-25,False,False,
DOC002143,SIN00536,fotos,True,True,2024-03-25,False,False,
DOC002144,SIN00536,informe_perito,True,False,2024-03-25,True,False,
DOC002145,SIN00537,denuncia,True,True,2025-08-11,False,False,
DOC002146,SIN00537,factura_taller,True,True,2025-08-11,False,False,
DOC002147,SIN00537,fotos,True,True,2025-08-11,False,False,
DOC002148,SIN00537,informe_perito,True,True,2025-08-11,False,False,
DOC002149,SIN00538,denuncia,True,True,2025-01-16,False,False,
DOC002150,SIN00538,factura_taller,True,True,2025-01-16,False,False,
DOC002151,SIN00538,fotos,True,True,2025-01-16,False,False,
DOC002152,SIN00538,informe_perito,True,True,2025-01-16,False,False,
DOC002153,SIN00539,denuncia,True,True,2025-10-10,False,False,
DOC002154,SIN00539,factura_taller,True,True,2025-10-10,False,False,
DOC002155,SIN00539,fotos,True,True,2025-10-10,False,False,
DOC002156,SIN00539,informe_perito,True,True,2025-10-10,False,False,
DOC002157,SIN00540,denuncia,True,True,2024-10-29,False,False,
DOC002158,SIN00540,factura_taller,True,True,2024-10-29,False,False,
DOC002159,SIN00540,fotos,True,True,2024-10-29,False,False,
DOC002160,SIN00540,informe_perito,True,True,2024-10-29,False,False,
DOC002161,SIN00541,denuncia,True,True,2024-08-26,False,False,
DOC002162,SIN00541,factura_taller,True,True,2024-08-26,False,False,
DOC002163,SIN00541,fotos,True,True,2024-08-26,False,False,
DOC002164,SIN00541,informe_perito,True,True,2024-08-26,False,False,
DOC002165,SIN00542,denuncia,False,True,2024-12-23,False,False,
DOC002166,SIN00542,factura_taller,True,True,2024-12-23,False,False,
DOC002167,SIN00542,fotos,True,True,2024-12-23,False,False,
DOC002168,SIN00542,informe_perito,True,True,2024-12-23,False,False,
DOC002169,SIN00543,denuncia,True,True,2024-12-10,False,False,
DOC002170,SIN00543,factura_taller,True,True,2024-12-10,False,False,
DOC002171,SIN00543,fotos,True,True,2024-12-10,False,False,
DOC002172,SIN00543,informe_perito,True,True,2024-12-10,True,False,
DOC002173,SIN00544,denuncia,True,True,2025-07-12,False,False,
DOC002174,SIN00544,factura_taller,True,True,2025-07-12,False,False,
DOC002175,SIN00544,fotos,True,True,2025-07-12,False,False,
DOC002176,SIN00544,informe_perito,True,True,2025-07-12,False,False,
DOC002177,SIN00545,denuncia,True,True,2025-09-02,False,False,
DOC002178,SIN00545,factura_taller,True,True,2025-09-02,False,False,
DOC002179,SIN00545,fotos,True,True,2025-09-02,False,False,
DOC002180,SIN00545,informe_perito,True,True,2025-09-02,False,False,
DOC002181,SIN00546,denuncia,True,True,2025-10-04,False,False,
DOC002182,SIN00546,factura_taller,True,True,2025-10-04,False,False,
DOC002183,SIN00546,fotos,True,True,2025-10-04,False,False,
DOC002184,SIN00546,informe_perito,True,True,2025-10-04,False,False,
DOC002185,SIN00547,denuncia,True,True,2025-03-02,False,False,
DOC002186,SIN00547,factura_taller,False,True,2025-03-02,False,False,
DOC002187,SIN00547,fotos,True,True,2025-03-02,False,False,
DOC002188,SIN00547,informe_perito,True,True,2025-03-02,False,False,
DOC002189,SIN00548,denuncia,True,True,2025-10-05,False,False,
DOC002190,SIN00548,factura_taller,True,True,2025-10-05,False,False,
DOC002191,SIN00548,fotos,True,True,2025-10-05,False,False,
DOC002192,SIN00548,informe_perito,True,False,2025-10-05,False,False,
DOC002193,SIN00549,denuncia,True,True,2026-06-04,False,False,
DOC002194,SIN00549,factura_taller,True,True,2026-06-04,False,False,
DOC002195,SIN00549,fotos,True,True,2026-06-04,False,False,
DOC002196,SIN00549,informe_perito,True,True,2026-06-04,False,False,
DOC002197,SIN00550,denuncia,True,True,2025-11-19,False,False,
DOC002198,SIN00550,factura_taller,True,True,2025-11-19,False,False,
DOC002199,SIN00550,fotos,True,True,2025-11-19,False,False,
DOC002200,SIN00550,informe_perito,True,True,2025-11-19,False,False,
DOC002201,SIN00551,denuncia,True,True,2026-04-25,False,False,
DOC002202,SIN00551,factura_taller,True,True,2026-04-25,False,False,
DOC002203,SIN00551,fotos,True,True,2026-04-25,False,False,
DOC002204,SIN00551,informe_perito,True,True,2026-04-25,False,False,
DOC002205,SIN00552,denuncia,True,True,2025-01-14,False,False,
DOC002206,SIN00552,factura_taller,True,True,2025-01-14,False,False,
DOC002207,SIN00552,fotos,True,True,2025-01-14,False,False,
DOC002208,SIN00552,informe_perito,True,True,2025-01-14,False,False,
DOC002209,SIN00553,denuncia,True,True,2025-05-23,False,False,
DOC002210,SIN00553,factura_taller,True,True,2025-05-23,False,False,
DOC002211,SIN00553,fotos,True,True,2025-05-23,False,False,
DOC002212,SIN00553,informe_perito,True,True,2025-05-23,False,False,
DOC002213,SIN00554,denuncia,True,True,2025-06-18,False,False,
DOC002214,SIN00554,factura_taller,True,True,2025-06-18,False,False,
DOC002215,SIN00554,fotos,True,True,2025-06-18,False,False,
DOC002216,SIN00554,informe_perito,True,True,2025-06-18,False,False,
DOC002217,SIN00555,denuncia,True,False,2024-08-17,True,False,
DOC002218,SIN00555,factura_taller,True,True,2024-08-17,False,False,
DOC002219,SIN00555,fotos,True,True,2024-08-17,True,False,
DOC002220,SIN00555,informe_perito,True,False,2024-08-17,False,False,
DOC002221,SIN00556,denuncia,True,False,2026-04-07,False,False,
DOC002222,SIN00556,factura_taller,True,True,2026-04-07,False,False,
DOC002223,SIN00556,fotos,True,True,2026-04-07,False,False,
DOC002224,SIN00556,informe_perito,True,True,2026-04-07,False,False,
DOC002225,SIN00557,denuncia,True,True,2026-01-16,False,False,
DOC002226,SIN00557,factura_taller,True,True,2026-01-16,False,False,
DOC002227,SIN00557,fotos,True,True,2026-01-16,False,False,
DOC002228,SIN00557,informe_perito,True,True,2026-01-16,False,False,
DOC002229,SIN00558,denuncia,True,True,2025-05-29,False,False,
DOC002230,SIN00558,factura_taller,True,True,2025-05-29,False,False,
DOC002231,SIN00558,fotos,True,False,2025-05-29,False,False,
DOC002232,SIN00558,informe_perito,True,True,2025-05-29,False,False,
DOC002233,SIN00559,denuncia,True,True,2024-10-10,False,False,
DOC002234,SIN00559,factura_taller,True,True,2024-10-10,False,False,
DOC002235,SIN00559,fotos,False,True,2024-10-10,False,False,
DOC002236,SIN00559,informe_perito,True,True,2024-10-10,False,False,
DOC002237,SIN00560,denuncia,True,True,2025-07-09,False,False,
DOC002238,SIN00560,factura_taller,True,True,2025-07-09,False,False,
DOC002239,SIN00560,fotos,False,True,2025-07-09,False,False,
DOC002240,SIN00560,informe_perito,True,True,2025-07-09,False,False,
DOC002241,SIN00561,denuncia,True,True,2024-09-27,False,False,
DOC002242,SIN00561,factura_taller,True,True,2024-09-27,False,False,
DOC002243,SIN00561,fotos,True,True,2024-09-27,False,False,
DOC002244,SIN00561,informe_perito,True,True,2024-09-27,False,False,
DOC002245,SIN00562,denuncia,True,True,2025-09-17,False,False,
DOC002246,SIN00562,factura_taller,True,True,2025-09-17,False,False,
DOC002247,SIN00562,fotos,True,True,2025-09-17,True,False,
DOC002248,SIN00562,informe_perito,True,True,2025-09-17,True,False,
DOC002249,SIN00563,denuncia,True,True,2025-08-25,False,False,
DOC002250,SIN00563,factura_taller,True,True,2025-08-25,False,False,
DOC002251,SIN00563,fotos,True,True,2025-08-25,True,False,
DOC002252,SIN00563,informe_perito,True,True,2025-08-25,False,False,
DOC002253,SIN00564,denuncia,True,True,2024-08-17,False,False,
DOC002254,SIN00564,factura_taller,True,True,2024-08-17,False,False,
DOC002255,SIN00564,fotos,True,True,2024-08-17,False,False,
DOC002256,SIN00564,informe_perito,True,True,2024-08-17,False,False,
DOC002257,SIN00565,denuncia,True,True,2024-09-19,False,False,
DOC002258,SIN00565,factura_taller,True,True,2024-09-19,False,False,
DOC002259,SIN00565,fotos,True,True,2024-09-19,False,False,
DOC002260,SIN00565,informe_perito,True,True,2024-09-19,False,False,
DOC002261,SIN00566,denuncia,False,True,2024-03-12,False,False,
DOC002262,SIN00566,factura_taller,True,True,2024-03-12,False,False,
DOC002263,SIN00566,fotos,True,True,2024-03-12,False,False,
DOC002264,SIN00566,informe_perito,True,True,2024-03-12,False,False,
DOC002265,SIN00567,denuncia,True,True,2025-08-05,False,False,
DOC002266,SIN00567,factura_taller,True,True,2025-08-05,False,False,
DOC002267,SIN00567,fotos,True,True,2025-08-05,False,False,
DOC002268,SIN00567,informe_perito,True,True,2025-08-05,False,False,
DOC002269,SIN00568,denuncia,True,True,2026-01-30,False,False,
DOC002270,SIN00568,factura_taller,True,True,2026-01-30,False,False,
DOC002271,SIN00568,fotos,True,True,2026-01-30,False,False,
DOC002272,SIN00568,informe_perito,True,True,2026-01-30,False,False,
DOC002273,SIN00569,denuncia,True,True,2024-11-20,False,False,
DOC002274,SIN00569,factura_taller,True,True,2024-11-20,False,False,
DOC002275,SIN00569,fotos,True,True,2024-11-20,False,False,
DOC002276,SIN00569,informe_perito,True,True,2024-11-20,False,False,
DOC002277,SIN00570,denuncia,True,True,2025-04-02,False,False,
DOC002278,SIN00570,factura_taller,True,True,2025-04-02,True,False,
DOC002279,SIN00570,fotos,True,False,2025-04-02,False,False,
DOC002280,SIN00570,informe_perito,True,True,2025-04-02,False,False,
DOC002281,SIN00571,denuncia,True,True,2025-05-29,False,False,
DOC002282,SIN00571,factura_taller,True,True,2025-05-29,False,False,
DOC002283,SIN00571,fotos,True,False,2025-05-29,False,False,
DOC002284,SIN00571,informe_perito,True,True,2025-05-29,False,False,
DOC002285,SIN00572,denuncia,False,True,2024-10-15,False,False,
DOC002286,SIN00572,factura_taller,True,True,2024-10-15,False,False,
DOC002287,SIN00572,fotos,True,True,2024-10-15,False,False,
DOC002288,SIN00572,informe_perito,True,True,2024-10-15,False,False,
DOC002289,SIN00573,denuncia,True,True,2025-08-27,False,False,
DOC002290,SIN00573,factura_taller,True,True,2025-08-27,False,False,
DOC002291,SIN00573,fotos,True,True,2025-08-27,False,False,
DOC002292,SIN00573,informe_perito,True,True,2025-08-27,False,False,
DOC002293,SIN00574,denuncia,True,True,2026-01-08,False,False,
DOC002294,SIN00574,factura_taller,True,True,2026-01-08,False,False,
DOC002295,SIN00574,fotos,True,False,2026-01-08,False,False,
DOC002296,SIN00574,informe_perito,False,True,2026-01-08,False,False,
DOC002297,SIN00575,denuncia,True,False,2024-12-05,False,False,
DOC002298,SIN00575,factura_taller,True,True,2024-12-05,False,False,
DOC002299,SIN00575,fotos,True,True,2024-12-05,False,False,
DOC002300,SIN00575,informe_perito,True,True,2024-12-05,False,False,
DOC002301,SIN00576,denuncia,True,True,2024-08-16,False,False,
DOC002302,SIN00576,factura_taller,False,True,2024-08-16,False,False,
DOC002303,SIN00576,fotos,True,True,2024-08-16,False,False,
DOC002304,SIN00576,informe_perito,True,True,2024-08-16,False,False,
DOC002305,SIN00577,denuncia,True,True,2024-12-28,False,False,
DOC002306,SIN00577,factura_taller,True,True,2024-12-28,False,False,
DOC002307,SIN00577,fotos,True,True,2024-12-28,False,False,
DOC002308,SIN00577,informe_perito,True,True,2024-12-28,False,False,
DOC002309,SIN00578,denuncia,True,True,2026-03-30,False,False,
DOC002310,SIN00578,factura_taller,True,True,2026-03-30,False,False,
DOC002311,SIN00578,fotos,True,True,2026-03-30,False,False,
DOC002312,SIN00578,informe_perito,True,True,2026-03-30,True,False,
DOC002313,SIN00579,denuncia,True,True,2024-07-23,False,False,
DOC002314,SIN00579,factura_taller,True,True,2024-07-23,False,False,
DOC002315,SIN00579,fotos,True,True,2024-07-23,False,False,
DOC002316,SIN00579,informe_perito,True,True,2024-07-23,False,False,
DOC002317,SIN00580,denuncia,False,True,2025-04-28,True,False,
DOC002318,SIN00580,factura_taller,False,True,2025-04-28,False,False,
DOC002319,SIN00580,fotos,True,True,2025-04-28,False,False,
DOC002320,SIN00580,informe_perito,True,True,2025-04-28,False,False,
DOC002321,SIN00581,denuncia,True,True,2026-03-10,False,False,
DOC002322,SIN00581,factura_taller,True,True,2026-03-10,False,False,
DOC002323,SIN00581,fotos,True,True,2026-03-10,False,False,
DOC002324,SIN00581,informe_perito,True,True,2026-03-10,False,False,
DOC002325,SIN00582,denuncia,True,True,2024-08-06,False,False,
DOC002326,SIN00582,factura_taller,True,True,2024-08-06,False,False,
DOC002327,SIN00582,fotos,True,True,2024-08-06,False,False,
DOC002328,SIN00582,informe_perito,True,True,2024-08-06,False,False,
DOC002329,SIN00583,denuncia,True,True,2024-04-17,False,False,
DOC002330,SIN00583,factura_taller,True,True,2024-04-17,False,False,
DOC002331,SIN00583,fotos,True,True,2024-04-17,False,False,
DOC002332,SIN00583,informe_perito,True,True,2024-04-17,False,False,
DOC002333,SIN00584,denuncia,True,True,2025-05-09,False,False,
DOC002334,SIN00584,factura_taller,False,True,2025-05-09,False,False,
DOC002335,SIN00584,fotos,True,True,2025-05-09,False,False,
DOC002336,SIN00584,informe_perito,True,True,2025-05-09,False,False,
DOC002337,SIN00585,denuncia,True,True,2025-06-04,False,False,
DOC002338,SIN00585,factura_taller,True,True,2025-06-04,False,False,
DOC002339,SIN00585,fotos,True,True,2025-06-04,True,False,
DOC002340,SIN00585,informe_perito,True,True,2025-06-04,False,False,
DOC002341,SIN00586,denuncia,True,True,2025-05-27,False,False,
DOC002342,SIN00586,factura_taller,True,True,2025-05-27,False,False,
DOC002343,SIN00586,fotos,True,True,2025-05-27,False,False,
DOC002344,SIN00586,informe_perito,True,True,2025-05-27,False,False,
DOC002345,SIN00587,denuncia,True,False,2025-06-01,True,False,
DOC002346,SIN00587,factura_taller,True,True,2025-06-01,False,False,
DOC002347,SIN00587,fotos,False,True,2025-06-01,False,False,
DOC002348,SIN00587,informe_perito,True,True,2025-06-01,False,False,
DOC002349,SIN00588,denuncia,True,True,2024-10-19,False,False,
DOC002350,SIN00588,factura_taller,True,True,2024-10-19,False,False,
DOC002351,SIN00588,fotos,True,True,2024-10-19,False,False,
DOC002352,SIN00588,informe_perito,True,True,2024-10-19,False,False,
DOC002353,SIN00589,denuncia,True,True,2025-05-05,False,False,
DOC002354,SIN00589,factura_taller,True,True,2025-05-05,False,False,
DOC002355,SIN00589,fotos,True,True,2025-05-05,False,False,
DOC002356,SIN00589,informe_perito,True,True,2025-05-05,False,False,
DOC002357,SIN00590,denuncia,True,True,2025-06-05,False,False,
DOC002358,SIN00590,factura_taller,True,True,2025-06-05,False,False,
DOC002359,SIN00590,fotos,True,True,2025-06-05,True,False,
DOC002360,SIN00590,informe_perito,True,True,2025-06-05,False,False,
DOC002361,SIN00591,denuncia,True,True,2024-06-23,False,False,
DOC002362,SIN00591,factura_taller,True,True,2024-06-23,False,False,
DOC002363,SIN00591,fotos,True,True,2024-06-23,False,False,
DOC002364,SIN00591,informe_perito,True,True,2024-06-23,False,False,
DOC002365,SIN00592,denuncia,True,True,2025-10-26,False,False,
DOC002366,SIN00592,factura_taller,True,True,2025-10-26,False,False,
DOC002367,SIN00592,fotos,True,True,2025-10-26,False,False,
DOC002368,SIN00592,informe_perito,True,True,2025-10-26,False,False,
DOC002369,SIN00593,denuncia,False,True,2025-04-19,True,False,
DOC002370,SIN00593,factura_taller,True,True,2025-04-19,False,False,
DOC002371,SIN00593,fotos,False,False,2025-04-19,False,False,
DOC002372,SIN00593,informe_perito,True,True,2025-04-19,False,False,
DOC002373,SIN00594,denuncia,True,True,2025-05-09,False,False,
DOC002374,SIN00594,factura_taller,True,True,2025-05-09,False,False,
DOC002375,SIN00594,fotos,True,True,2025-05-09,False,False,
DOC002376,SIN00594,informe_perito,True,True,2025-05-09,False,False,
DOC002377,SIN00595,denuncia,False,True,2026-05-23,False,False,
DOC002378,SIN00595,factura_taller,True,True,2026-05-23,False,False,
DOC002379,SIN00595,fotos,True,True,2026-05-23,False,False,
DOC002380,SIN00595,informe_perito,True,True,2026-05-23,False,False,
DOC002381,SIN00596,denuncia,True,True,2024-11-06,False,False,
DOC002382,SIN00596,factura_taller,True,True,2024-11-06,False,False,
DOC002383,SIN00596,fotos,True,True,2024-11-06,False,False,
DOC002384,SIN00596,informe_perito,True,True,2024-11-06,False,False,
DOC002385,SIN00597,denuncia,True,True,2025-12-14,False,False,
DOC002386,SIN00597,factura_taller,True,True,2025-12-14,False,False,
DOC002387,SIN00597,fotos,True,True,2025-12-14,False,False,
DOC002388,SIN00597,informe_perito,True,True,2025-12-14,False,False,
DOC002389,SIN00598,denuncia,True,True,2025-07-28,False,False,
DOC002390,SIN00598,factura_taller,True,True,2025-07-28,False,False,
DOC002391,SIN00598,fotos,True,True,2025-07-28,False,False,
DOC002392,SIN00598,informe_perito,True,True,2025-07-28,False,False,
DOC002393,SIN00599,denuncia,True,False,2025-03-02,False,False,
DOC002394,SIN00599,factura_taller,True,True,2025-03-02,True,False,
DOC002395,SIN00599,fotos,True,False,2025-03-02,False,False,
DOC002396,SIN00599,informe_perito,True,True,2025-03-02,False,False,
DOC002397,SIN00600,denuncia,True,True,2024-12-11,True,False,
DOC002398,SIN00600,factura_taller,True,True,2024-12-11,False,False,
DOC002399,SIN00600,fotos,False,True,2024-12-11,False,False,
DOC002400,SIN00600,informe_perito,True,True,2024-12-11,False,False,
DOC002401,SIN00601,denuncia,True,True,2025-03-09,False,False,
DOC002402,SIN00601,factura_taller,True,True,2025-03-09,False,False,
DOC002403,SIN00601,fotos,True,True,2025-03-09,False,False,
DOC002404,SIN00601,informe_perito,True,True,2025-03-09,False,False,
DOC002405,SIN00602,denuncia,True,True,2024-07-15,False,False,
DOC002406,SIN00602,factura_taller,True,True,2024-07-15,False,False,
DOC002407,SIN00602,fotos,True,True,2024-07-15,False,False,
DOC002408,SIN00602,informe_perito,True,True,2024-07-15,False,False,
DOC002409,SIN00603,denuncia,False,True,2025-11-04,False,False,
DOC002410,SIN00603,factura_taller,True,True,2025-11-04,False,False,
DOC002411,SIN00603,fotos,True,False,2025-11-04,False,False,
DOC002412,SIN00603,informe_perito,True,True,2025-11-04,False,False,
DOC002413,SIN00604,denuncia,True,True,2025-11-17,False,False,
DOC002414,SIN00604,factura_taller,True,True,2025-11-17,False,False,
DOC002415,SIN00604,fotos,True,True,2025-11-17,False,False,
DOC002416,SIN00604,informe_perito,True,True,2025-11-17,False,False,
DOC002417,SIN00605,denuncia,True,True,2025-10-25,False,False,
DOC002418,SIN00605,factura_taller,False,False,2025-10-25,False,False,
DOC002419,SIN00605,fotos,True,True,2025-10-25,False,False,
DOC002420,SIN00605,informe_perito,True,True,2025-10-25,False,False,
DOC002421,SIN00606,denuncia,True,True,2024-12-08,False,False,
DOC002422,SIN00606,factura_taller,True,True,2024-12-08,False,False,
DOC002423,SIN00606,fotos,True,True,2024-12-08,False,False,
DOC002424,SIN00606,informe_perito,True,True,2024-12-08,False,False,
DOC002425,SIN00607,denuncia,True,True,2024-11-03,False,False,
DOC002426,SIN00607,factura_taller,True,True,2024-11-03,False,False,
DOC002427,SIN00607,fotos,True,True,2024-11-03,False,False,
DOC002428,SIN00607,informe_perito,True,True,2024-11-03,False,False,
DOC002429,SIN00608,denuncia,True,True,2025-09-20,False,False,
DOC002430,SIN00608,factura_taller,True,True,2025-09-20,False,False,
DOC002431,SIN00608,fotos,True,True,2025-09-20,False,False,
DOC002432,SIN00608,informe_perito,True,True,2025-09-20,False,False,
DOC002433,SIN00609,denuncia,True,True,2025-06-28,False,False,
DOC002434,SIN00609,factura_taller,True,True,2025-06-28,False,False,
DOC002435,SIN00609,fotos,True,True,2025-06-28,False,False,
DOC002436,SIN00609,informe_perito,True,True,2025-06-28,False,False,
DOC002437,SIN00610,denuncia,True,True,2025-04-17,False,False,
DOC002438,SIN00610,factura_taller,True,True,2025-04-17,False,False,
DOC002439,SIN00610,fotos,True,True,2025-04-17,False,False,
DOC002440,SIN00610,informe_perito,True,True,2025-04-17,False,False,
DOC002441,SIN00611,denuncia,True,True,2024-09-02,False,False,
DOC002442,SIN00611,factura_taller,True,True,2024-09-02,False,False,
DOC002443,SIN00611,fotos,True,True,2024-09-02,False,False,
DOC002444,SIN00611,informe_perito,True,True,2024-09-02,False,False,
DOC002445,SIN00612,denuncia,True,True,2026-02-05,False,False,
DOC002446,SIN00612,factura_taller,True,True,2026-02-05,False,False,
DOC002447,SIN00612,fotos,True,True,2026-02-05,False,False,
DOC002448,SIN00612,informe_perito,True,True,2026-02-05,False,False,
DOC002449,SIN00613,denuncia,True,True,2025-07-22,False,False,
DOC002450,SIN00613,factura_taller,True,True,2025-07-22,False,False,
DOC002451,SIN00613,fotos,True,True,2025-07-22,False,False,
DOC002452,SIN00613,informe_perito,True,True,2025-07-22,False,False,
DOC002453,SIN00614,denuncia,True,True,2026-02-01,False,False,
DOC002454,SIN00614,factura_taller,True,True,2026-02-01,False,False,
DOC002455,SIN00614,fotos,True,True,2026-02-01,False,False,
DOC002456,SIN00614,informe_perito,True,True,2026-02-01,False,False,
DOC002457,SIN00615,denuncia,True,False,2024-06-22,False,False,
DOC002458,SIN00615,factura_taller,True,True,2024-06-22,False,False,
DOC002459,SIN00615,fotos,True,True,2024-06-22,False,False,
DOC002460,SIN00615,informe_perito,True,False,2024-06-22,True,False,
DOC002461,SIN00616,denuncia,True,True,2025-10-25,False,False,
DOC002462,SIN00616,factura_taller,True,True,2025-10-25,False,False,
DOC002463,SIN00616,fotos,True,True,2025-10-25,False,False,
DOC002464,SIN00616,informe_perito,True,True,2025-10-25,True,False,
DOC002465,SIN00617,denuncia,True,True,2025-03-02,False,False,
DOC002466,SIN00617,factura_taller,True,True,2025-03-02,False,False,
DOC002467,SIN00617,fotos,True,True,2025-03-02,False,False,
DOC002468,SIN00617,informe_perito,True,True,2025-03-02,False,False,
DOC002469,SIN00618,denuncia,True,True,2024-03-19,True,False,
DOC002470,SIN00618,factura_taller,True,True,2024-03-19,False,False,
DOC002471,SIN00618,fotos,True,True,2024-03-19,False,False,
DOC002472,SIN00618,informe_perito,True,True,2024-03-19,False,False,
DOC002473,SIN00619,denuncia,True,True,2024-09-21,False,False,
DOC002474,SIN00619,factura_taller,True,True,2024-09-21,False,False,
DOC002475,SIN00619,fotos,True,True,2024-09-21,False,False,
DOC002476,SIN00619,informe_perito,True,True,2024-09-21,False,False,
DOC002477,SIN00620,denuncia,True,False,2025-04-25,False,False,
DOC002478,SIN00620,factura_taller,False,True,2025-04-25,True,False,
DOC002479,SIN00620,fotos,True,True,2025-04-25,False,False,
DOC002480,SIN00620,informe_perito,True,False,2025-04-25,False,False,
DOC002481,SIN00621,denuncia,True,True,2024-12-29,True,False,
DOC002482,SIN00621,factura_taller,True,True,2024-12-29,True,False,
DOC002483,SIN00621,fotos,True,True,2024-12-29,False,False,
DOC002484,SIN00621,informe_perito,True,True,2024-12-29,True,False,
DOC002485,SIN00622,denuncia,True,True,2024-12-24,False,False,
DOC002486,SIN00622,factura_taller,True,True,2024-12-24,False,False,
DOC002487,SIN00622,fotos,False,True,2024-12-24,False,False,
DOC002488,SIN00622,informe_perito,True,True,2024-12-24,False,False,
DOC002489,SIN00623,denuncia,True,True,2025-10-09,False,False,
DOC002490,SIN00623,factura_taller,True,True,2025-10-09,False,False,
DOC002491,SIN00623,fotos,True,True,2025-10-09,False,False,
DOC002492,SIN00623,informe_perito,True,True,2025-10-09,True,False,
DOC002493,SIN00624,denuncia,True,True,2025-08-16,False,False,
DOC002494,SIN00624,factura_taller,True,True,2025-08-16,False,False,
DOC002495,SIN00624,fotos,True,True,2025-08-16,False,False,
DOC002496,SIN00624,informe_perito,True,True,2025-08-16,False,False,
DOC002497,SIN00625,denuncia,True,True,2025-07-17,False,False,
DOC002498,SIN00625,factura_taller,True,False,2025-07-17,True,True,Alteracion simulada para demo
DOC002499,SIN00625,fotos,True,True,2025-07-17,True,False,
DOC002500,SIN00625,informe_perito,True,True,2025-07-17,True,False,
DOC002501,SIN00626,denuncia,True,True,2024-07-30,False,False,
DOC002502,SIN00626,factura_taller,True,True,2024-07-30,False,False,
DOC002503,SIN00626,fotos,True,True,2024-07-30,True,False,
DOC002504,SIN00626,informe_perito,True,True,2024-07-30,False,False,
DOC002505,SIN00627,denuncia,True,True,2025-10-19,False,False,
DOC002506,SIN00627,factura_taller,True,True,2025-10-19,True,True,Alteracion simulada para demo
DOC002507,SIN00627,fotos,True,False,2025-10-19,False,False,
DOC002508,SIN00627,informe_perito,True,False,2025-10-19,False,False,
DOC002509,SIN00628,denuncia,True,True,2025-12-03,False,False,
DOC002510,SIN00628,factura_taller,True,True,2025-12-03,False,False,
DOC002511,SIN00628,fotos,True,True,2025-12-03,False,False,
DOC002512,SIN00628,informe_perito,True,True,2025-12-03,False,False,
DOC002513,SIN00629,denuncia,True,True,2025-06-05,False,False,
DOC002514,SIN00629,factura_taller,True,True,2025-06-05,False,False,
DOC002515,SIN00629,fotos,True,True,2025-06-05,False,False,
DOC002516,SIN00629,informe_perito,True,True,2025-06-05,False,False,
DOC002517,SIN00630,denuncia,True,True,2024-12-24,False,False,
DOC002518,SIN00630,factura_taller,True,True,2024-12-24,False,False,
DOC002519,SIN00630,fotos,True,True,2024-12-24,False,False,
DOC002520,SIN00630,informe_perito,True,True,2024-12-24,False,False,
DOC002521,SIN00631,denuncia,True,True,2024-06-04,False,False,
DOC002522,SIN00631,factura_taller,True,True,2024-06-04,False,False,
DOC002523,SIN00631,fotos,True,True,2024-06-04,False,False,
DOC002524,SIN00631,informe_perito,True,True,2024-06-04,False,False,
DOC002525,SIN00632,denuncia,True,True,2025-08-21,True,False,
DOC002526,SIN00632,factura_taller,True,True,2025-08-21,True,False,
DOC002527,SIN00632,fotos,True,True,2025-08-21,True,False,
DOC002528,SIN00632,informe_perito,True,False,2025-08-21,False,False,
DOC002529,SIN00633,denuncia,True,True,2025-07-08,False,False,
DOC002530,SIN00633,factura_taller,True,True,2025-07-08,False,False,
DOC002531,SIN00633,fotos,True,True,2025-07-08,False,False,
DOC002532,SIN00633,informe_perito,True,True,2025-07-08,False,False,
DOC002533,SIN00634,denuncia,True,True,2026-03-08,False,False,
DOC002534,SIN00634,factura_taller,True,True,2026-03-08,False,False,
DOC002535,SIN00634,fotos,True,True,2026-03-08,False,False,
DOC002536,SIN00634,informe_perito,True,True,2026-03-08,False,False,
DOC002537,SIN00635,denuncia,False,True,2024-08-18,False,False,
DOC002538,SIN00635,factura_taller,True,True,2024-08-18,False,False,
DOC002539,SIN00635,fotos,True,True,2024-08-18,False,False,
DOC002540,SIN00635,informe_perito,True,True,2024-08-18,True,False,
DOC002541,SIN00636,denuncia,True,True,2025-01-09,False,False,
DOC002542,SIN00636,factura_taller,True,True,2025-01-09,False,False,
DOC002543,SIN00636,fotos,True,True,2025-01-09,False,False,
DOC002544,SIN00636,informe_perito,True,True,2025-01-09,False,False,
DOC002545,SIN00637,denuncia,True,True,2025-10-03,False,False,
DOC002546,SIN00637,factura_taller,True,True,2025-10-03,False,False,
DOC002547,SIN00637,fotos,True,True,2025-10-03,False,False,
DOC002548,SIN00637,informe_perito,True,True,2025-10-03,False,False,
DOC002549,SIN00638,denuncia,True,True,2026-05-31,False,False,
DOC002550,SIN00638,factura_taller,False,True,2026-05-31,True,False,
DOC002551,SIN00638,fotos,True,True,2026-05-31,False,False,
DOC002552,SIN00638,informe_perito,True,False,2026-05-31,True,False,
DOC002553,SIN00639,denuncia,True,True,2025-07-17,False,False,
DOC002554,SIN00639,factura_taller,True,True,2025-07-17,False,False,
DOC002555,SIN00639,fotos,True,True,2025-07-17,False,False,
DOC002556,SIN00639,informe_perito,True,True,2025-07-17,False,False,
DOC002557,SIN00640,denuncia,True,True,2025-06-18,False,False,
DOC002558,SIN00640,factura_taller,True,True,2025-06-18,False,False,
DOC002559,SIN00640,fotos,True,False,2025-06-18,True,False,
DOC002560,SIN00640,informe_perito,False,True,2025-06-18,True,False,
DOC002561,SIN00641,denuncia,False,True,2025-08-28,False,False,
DOC002562,SIN00641,factura_taller,True,True,2025-08-28,False,False,
DOC002563,SIN00641,fotos,True,True,2025-08-28,False,False,
DOC002564,SIN00641,informe_perito,True,True,2025-08-28,False,False,
DOC002565,SIN00642,denuncia,True,True,2024-06-24,False,False,
DOC002566,SIN00642,factura_taller,True,True,2024-06-24,False,False,
DOC002567,SIN00642,fotos,True,True,2024-06-24,False,False,
DOC002568,SIN00642,informe_perito,True,True,2024-06-24,False,False,
DOC002569,SIN00643,denuncia,True,True,2025-03-16,False,False,
DOC002570,SIN00643,factura_taller,True,True,2025-03-16,False,False,
DOC002571,SIN00643,fotos,True,True,2025-03-16,False,False,
DOC002572,SIN00643,informe_perito,True,True,2025-03-16,False,False,
DOC002573,SIN00644,denuncia,True,True,2025-11-22,False,False,
DOC002574,SIN00644,factura_taller,True,True,2025-11-22,False,False,
DOC002575,SIN00644,fotos,True,True,2025-11-22,False,False,
DOC002576,SIN00644,informe_perito,True,True,2025-11-22,False,False,
DOC002577,SIN00645,denuncia,True,True,2024-12-15,False,False,
DOC002578,SIN00645,factura_taller,True,True,2024-12-15,False,False,
DOC002579,SIN00645,fotos,False,True,2024-12-15,False,False,
DOC002580,SIN00645,informe_perito,True,False,2024-12-15,False,False,
DOC002581,SIN00646,denuncia,True,True,2025-07-05,False,False,
DOC002582,SIN00646,factura_taller,True,True,2025-07-05,False,False,
DOC002583,SIN00646,fotos,True,True,2025-07-05,False,False,
DOC002584,SIN00646,informe_perito,True,True,2025-07-05,False,False,
DOC002585,SIN00647,denuncia,True,True,2025-06-01,False,False,
DOC002586,SIN00647,factura_taller,True,True,2025-06-01,False,False,
DOC002587,SIN00647,fotos,True,True,2025-06-01,False,False,
DOC002588,SIN00647,informe_perito,True,True,2025-06-01,False,False,
DOC002589,SIN00648,denuncia,True,True,2025-03-03,False,False,
DOC002590,SIN00648,factura_taller,False,True,2025-03-03,True,False,
DOC002591,SIN00648,fotos,True,True,2025-03-03,False,False,
DOC002592,SIN00648,informe_perito,False,True,2025-03-03,False,False,
DOC002593,SIN00649,denuncia,True,True,2025-12-09,False,False,
DOC002594,SIN00649,factura_taller,True,True,2025-12-09,False,False,
DOC002595,SIN00649,fotos,True,True,2025-12-09,False,False,
DOC002596,SIN00649,informe_perito,True,False,2025-12-09,False,False,
DOC002597,SIN00650,denuncia,True,True,2025-11-28,False,False,
DOC002598,SIN00650,factura_taller,True,True,2025-11-28,False,False,
DOC002599,SIN00650,fotos,True,True,2025-11-28,False,False,
DOC002600,SIN00650,informe_perito,True,True,2025-11-28,False,False,
DOC002601,SIN00651,denuncia,True,True,2024-11-17,False,False,
DOC002602,SIN00651,factura_taller,True,True,2024-11-17,False,False,
DOC002603,SIN00651,fotos,True,True,2024-11-17,False,False,
DOC002604,SIN00651,informe_perito,True,True,2024-11-17,False,False,
DOC002605,SIN00652,denuncia,True,True,2026-04-05,False,False,
DOC002606,SIN00652,factura_taller,True,True,2026-04-05,False,False,
DOC002607,SIN00652,fotos,True,True,2026-04-05,False,False,
DOC002608,SIN00652,informe_perito,True,True,2026-04-05,False,False,
DOC002609,SIN00653,denuncia,True,False,2026-04-18,False,False,
DOC002610,SIN00653,factura_taller,True,True,2026-04-18,False,False,
DOC002611,SIN00653,fotos,True,True,2026-04-18,False,False,
DOC002612,SIN00653,informe_perito,True,True,2026-04-18,False,False,
DOC002613,SIN00654,denuncia,True,True,2025-08-10,False,False,
DOC002614,SIN00654,factura_taller,True,True,2025-08-10,False,False,
DOC002615,SIN00654,fotos,True,True,2025-08-10,False,False,
DOC002616,SIN00654,informe_perito,True,True,2025-08-10,False,False,
DOC002617,SIN00655,denuncia,True,True,2025-02-01,False,False,
DOC002618,SIN00655,factura_taller,True,True,2025-02-01,False,False,
DOC002619,SIN00655,fotos,True,True,2025-02-01,False,False,
DOC002620,SIN00655,informe_perito,True,True,2025-02-01,False,False,
DOC002621,SIN00656,denuncia,False,True,2025-02-02,False,False,
DOC002622,SIN00656,factura_taller,True,True,2025-02-02,False,False,
DOC002623,SIN00656,fotos,True,True,2025-02-02,False,False,
DOC002624,SIN00656,informe_perito,True,True,2025-02-02,False,False,
DOC002625,SIN00657,denuncia,True,True,2025-10-21,False,False,
DOC002626,SIN00657,factura_taller,True,True,2025-10-21,False,False,
DOC002627,SIN00657,fotos,True,True,2025-10-21,False,False,
DOC002628,SIN00657,informe_perito,True,True,2025-10-21,False,False,
DOC002629,SIN00658,denuncia,True,True,2024-10-04,False,False,
DOC002630,SIN00658,factura_taller,True,True,2024-10-04,False,False,
DOC002631,SIN00658,fotos,True,True,2024-10-04,False,False,
DOC002632,SIN00658,informe_perito,True,True,2024-10-04,False,False,
DOC002633,SIN00659,denuncia,True,True,2025-02-12,False,False,
DOC002634,SIN00659,factura_taller,True,True,2025-02-12,False,False,
DOC002635,SIN00659,fotos,True,True,2025-02-12,False,False,
DOC002636,SIN00659,informe_perito,True,True,2025-02-12,False,False,
DOC002637,SIN00660,denuncia,True,False,2025-01-21,False,False,
DOC002638,SIN00660,factura_taller,True,True,2025-01-21,False,False,
DOC002639,SIN00660,fotos,True,True,2025-01-21,False,False,
DOC002640,SIN00660,informe_perito,True,True,2025-01-21,False,False,
DOC002641,SIN00661,denuncia,True,True,2025-04-01,False,False,
DOC002642,SIN00661,factura_taller,True,True,2025-04-01,True,False,
DOC002643,SIN00661,fotos,True,True,2025-04-01,False,False,
DOC002644,SIN00661,informe_perito,True,True,2025-04-01,False,False,
DOC002645,SIN00662,denuncia,True,True,2025-10-11,False,False,
DOC002646,SIN00662,factura_taller,True,True,2025-10-11,False,False,
DOC002647,SIN00662,fotos,True,True,2025-10-11,False,False,
DOC002648,SIN00662,informe_perito,True,False,2025-10-11,False,False,
DOC002649,SIN00663,denuncia,True,True,2025-05-22,False,False,
DOC002650,SIN00663,factura_taller,True,True,2025-05-22,False,False,
DOC002651,SIN00663,fotos,True,True,2025-05-22,False,False,
DOC002652,SIN00663,informe_perito,True,True,2025-05-22,False,False,
DOC002653,SIN00664,denuncia,True,True,2026-03-08,True,False,
DOC002654,SIN00664,factura_taller,True,True,2026-03-08,False,False,
DOC002655,SIN00664,fotos,True,True,2026-03-08,False,False,
DOC002656,SIN00664,informe_perito,True,True,2026-03-08,False,False,
DOC002657,SIN00665,denuncia,True,True,2024-08-20,False,False,
DOC002658,SIN00665,factura_taller,True,True,2024-08-20,False,False,
DOC002659,SIN00665,fotos,True,True,2024-08-20,False,False,
DOC002660,SIN00665,informe_perito,True,True,2024-08-20,False,False,
DOC002661,SIN00666,denuncia,False,True,2025-11-22,True,False,
DOC002662,SIN00666,factura_taller,True,False,2025-11-22,False,False,
DOC002663,SIN00666,fotos,False,True,2025-11-22,True,False,
DOC002664,SIN00666,informe_perito,True,False,2025-11-22,True,False,
DOC002665,SIN00667,denuncia,True,True,2025-07-13,False,False,
DOC002666,SIN00667,factura_taller,True,True,2025-07-13,False,False,
DOC002667,SIN00667,fotos,True,True,2025-07-13,False,False,
DOC002668,SIN00667,informe_perito,True,True,2025-07-13,False,False,
DOC002669,SIN00668,denuncia,True,True,2025-06-06,False,False,
DOC002670,SIN00668,factura_taller,True,True,2025-06-06,False,False,
DOC002671,SIN00668,fotos,True,True,2025-06-06,False,False,
DOC002672,SIN00668,informe_perito,True,True,2025-06-06,False,False,
DOC002673,SIN00669,denuncia,True,True,2024-06-24,False,False,
DOC002674,SIN00669,factura_taller,True,True,2024-06-24,False,False,
DOC002675,SIN00669,fotos,True,False,2024-06-24,False,False,
DOC002676,SIN00669,informe_perito,True,False,2024-06-24,False,False,
DOC002677,SIN00670,denuncia,True,True,2024-11-27,False,False,
DOC002678,SIN00670,factura_taller,True,True,2024-11-27,False,False,
DOC002679,SIN00670,fotos,True,True,2024-11-27,True,False,
DOC002680,SIN00670,informe_perito,True,True,2024-11-27,False,False,
DOC002681,SIN00671,denuncia,True,True,2025-10-05,False,False,
DOC002682,SIN00671,factura_taller,True,True,2025-10-05,False,False,
DOC002683,SIN00671,fotos,True,True,2025-10-05,False,False,
DOC002684,SIN00671,informe_perito,True,True,2025-10-05,False,False,
DOC002685,SIN00672,denuncia,True,True,2025-01-31,False,False,
DOC002686,SIN00672,factura_taller,True,True,2025-01-31,False,False,
DOC002687,SIN00672,fotos,True,True,2025-01-31,False,False,
DOC002688,SIN00672,informe_perito,True,True,2025-01-31,False,False,
DOC002689,SIN00673,denuncia,True,True,2025-08-12,False,False,
DOC002690,SIN00673,factura_taller,True,True,2025-08-12,False,False,
DOC002691,SIN00673,fotos,True,True,2025-08-12,False,False,
DOC002692,SIN00673,informe_perito,True,True,2025-08-12,False,False,
DOC002693,SIN00674,denuncia,True,True,2025-10-21,True,False,
DOC002694,SIN00674,factura_taller,True,True,2025-10-21,False,False,
DOC002695,SIN00674,fotos,True,True,2025-10-21,False,False,
DOC002696,SIN00674,informe_perito,True,True,2025-10-21,False,False,
DOC002697,SIN00675,denuncia,True,True,2026-02-10,False,False,
DOC002698,SIN00675,factura_taller,True,True,2026-02-10,False,False,
DOC002699,SIN00675,fotos,True,False,2026-02-10,False,False,
DOC002700,SIN00675,informe_perito,True,True,2026-02-10,False,False,
DOC002701,SIN00676,denuncia,True,True,2024-12-25,False,False,
DOC002702,SIN00676,factura_taller,True,True,2024-12-25,False,False,
DOC002703,SIN00676,fotos,True,True,2024-12-25,False,False,
DOC002704,SIN00676,informe_perito,True,True,2024-12-25,False,False,
DOC002705,SIN00677,denuncia,True,True,2024-05-20,False,False,
DOC002706,SIN00677,factura_taller,True,True,2024-05-20,False,False,
DOC002707,SIN00677,fotos,False,True,2024-05-20,False,False,
DOC002708,SIN00677,informe_perito,False,True,2024-05-20,False,False,
DOC002709,SIN00678,denuncia,True,True,2026-03-26,False,False,
DOC002710,SIN00678,factura_taller,True,True,2026-03-26,False,False,
DOC002711,SIN00678,fotos,True,True,2026-03-26,False,False,
DOC002712,SIN00678,informe_perito,True,True,2026-03-26,False,False,
DOC002713,SIN00679,denuncia,False,True,2025-07-27,False,False,
DOC002714,SIN00679,factura_taller,True,True,2025-07-27,False,False,
DOC002715,SIN00679,fotos,True,True,2025-07-27,False,False,
DOC002716,SIN00679,informe_perito,True,True,2025-07-27,False,False,
DOC002717,SIN00680,denuncia,True,True,2025-02-15,False,False,
DOC002718,SIN00680,factura_taller,True,True,2025-02-15,False,False,
DOC002719,SIN00680,fotos,True,True,2025-02-15,False,False,
DOC002720,SIN00680,informe_perito,True,True,2025-02-15,False,False,
DOC002721,SIN00681,denuncia,True,True,2024-07-04,False,False,
DOC002722,SIN00681,factura_taller,True,True,2024-07-04,False,False,
DOC002723,SIN00681,fotos,True,True,2024-07-04,False,False,
DOC002724,SIN00681,informe_perito,True,True,2024-07-04,False,False,
DOC002725,SIN00682,denuncia,True,True,2024-10-02,False,False,
DOC002726,SIN00682,factura_taller,True,True,2024-10-02,False,False,
DOC002727,SIN00682,fotos,True,True,2024-10-02,False,False,
DOC002728,SIN00682,informe_perito,True,True,2024-10-02,False,False,
DOC002729,SIN00683,denuncia,True,True,2025-04-01,False,False,
DOC002730,SIN00683,factura_taller,True,True,2025-04-01,False,False,
DOC002731,SIN00683,fotos,True,True,2025-04-01,False,False,
DOC002732,SIN00683,informe_perito,True,True,2025-04-01,False,False,
DOC002733,SIN00684,denuncia,True,True,2025-07-29,False,False,
DOC002734,SIN00684,factura_taller,True,True,2025-07-29,False,False,
DOC002735,SIN00684,fotos,True,True,2025-07-29,False,False,
DOC002736,SIN00684,informe_perito,True,True,2025-07-29,False,False,
DOC002737,SIN00685,denuncia,True,True,2025-03-10,False,False,
DOC002738,SIN00685,factura_taller,True,True,2025-03-10,False,False,
DOC002739,SIN00685,fotos,True,True,2025-03-10,False,False,
DOC002740,SIN00685,informe_perito,True,True,2025-03-10,False,False,
DOC002741,SIN00686,denuncia,True,True,2025-11-17,False,False,
DOC002742,SIN00686,factura_taller,True,True,2025-11-17,False,False,
DOC002743,SIN00686,fotos,True,True,2025-11-17,False,False,
DOC002744,SIN00686,informe_perito,True,True,2025-11-17,False,False,
DOC002745,SIN00687,denuncia,True,True,2025-05-14,False,False,
DOC002746,SIN00687,factura_taller,True,True,2025-05-14,False,False,
DOC002747,SIN00687,fotos,True,True,2025-05-14,False,False,
DOC002748,SIN00687,informe_perito,True,True,2025-05-14,False,False,
DOC002749,SIN00688,denuncia,True,True,2025-04-02,False,False,
DOC002750,SIN00688,factura_taller,True,False,2025-04-02,False,False,
DOC002751,SIN00688,fotos,True,True,2025-04-02,False,False,
DOC002752,SIN00688,informe_perito,True,True,2025-04-02,False,False,
DOC002753,SIN00689,denuncia,False,True,2026-03-03,False,False,
DOC002754,SIN00689,factura_taller,True,True,2026-03-03,False,False,
DOC002755,SIN00689,fotos,True,True,2026-03-03,False,False,
DOC002756,SIN00689,informe_perito,True,True,2026-03-03,False,False,
DOC002757,SIN00690,denuncia,True,True,2024-11-21,False,False,
DOC002758,SIN00690,factura_taller,True,True,2024-11-21,False,False,
DOC002759,SIN00690,fotos,True,True,2024-11-21,False,False,
DOC002760,SIN00690,informe_perito,True,True,2024-11-21,False,False,
DOC002761,SIN00691,denuncia,True,True,2026-04-23,False,False,
DOC002762,SIN00691,factura_taller,True,True,2026-04-23,False,False,
DOC002763,SIN00691,fotos,True,True,2026-04-23,False,False,
DOC002764,SIN00691,informe_perito,True,True,2026-04-23,False,False,
DOC002765,SIN00692,denuncia,True,True,2025-06-06,False,False,
DOC002766,SIN00692,factura_taller,True,True,2025-06-06,False,False,
DOC002767,SIN00692,fotos,True,True,2025-06-06,False,False,
DOC002768,SIN00692,informe_perito,True,True,2025-06-06,False,False,
DOC002769,SIN00693,denuncia,True,True,2025-09-05,False,False,
DOC002770,SIN00693,factura_taller,True,False,2025-09-05,False,False,
DOC002771,SIN00693,fotos,False,True,2025-09-05,False,False,
DOC002772,SIN00693,informe_perito,True,True,2025-09-05,False,False,
DOC002773,SIN00694,denuncia,True,False,2025-06-19,False,False,
DOC002774,SIN00694,factura_taller,True,True,2025-06-19,False,False,
DOC002775,SIN00694,fotos,False,True,2025-06-19,False,False,
DOC002776,SIN00694,informe_perito,True,True,2025-06-19,True,False,
DOC002777,SIN00695,denuncia,True,True,2025-02-02,False,False,
DOC002778,SIN00695,factura_taller,True,True,2025-02-02,False,False,
DOC002779,SIN00695,fotos,True,True,2025-02-02,False,False,
DOC002780,SIN00695,informe_perito,True,True,2025-02-02,False,False,
DOC002781,SIN00696,denuncia,True,True,2025-01-22,False,False,
DOC002782,SIN00696,factura_taller,True,True,2025-01-22,False,False,
DOC002783,SIN00696,fotos,True,True,2025-01-22,False,False,
DOC002784,SIN00696,informe_perito,True,True,2025-01-22,False,False,
DOC002785,SIN00697,denuncia,True,True,2025-10-18,False,False,
DOC002786,SIN00697,factura_taller,True,True,2025-10-18,False,False,
DOC002787,SIN00697,fotos,True,True,2025-10-18,False,False,
DOC002788,SIN00697,informe_perito,True,True,2025-10-18,False,False,
DOC002789,SIN00698,denuncia,True,True,2025-01-04,False,False,
DOC002790,SIN00698,factura_taller,True,False,2025-01-04,False,False,
DOC002791,SIN00698,fotos,True,True,2025-01-04,False,False,
DOC002792,SIN00698,informe_perito,True,True,2025-01-04,False,False,
DOC002793,SIN00699,denuncia,True,True,2024-11-12,False,False,
DOC002794,SIN00699,factura_taller,True,True,2024-11-12,False,False,
DOC002795,SIN00699,fotos,True,True,2024-11-12,False,False,
DOC002796,SIN00699,informe_perito,True,True,2024-11-12,False,False,
DOC002797,SIN00700,denuncia,True,True,2025-05-28,False,False,
DOC002798,SIN00700,factura_taller,True,True,2025-05-28,True,False,
DOC002799,SIN00700,fotos,True,True,2025-05-28,False,False,
DOC002800,SIN00700,informe_perito,True,True,2025-05-28,False,False,
DOC002801,SIN00701,denuncia,True,True,2025-06-04,False,False,
DOC002802,SIN00701,factura_taller,True,True,2025-06-04,False,False,
DOC002803,SIN00701,fotos,True,True,2025-06-04,False,False,
DOC002804,SIN00701,informe_perito,True,True,2025-06-04,False,False,
DOC002805,SIN00702,denuncia,True,True,2025-02-13,False,False,
DOC002806,SIN00702,factura_taller,True,True,2025-02-13,False,False,
DOC002807,SIN00702,fotos,True,True,2025-02-13,False,False,
DOC002808,SIN00702,informe_perito,True,True,2025-02-13,False,False,
DOC002809,SIN00703,denuncia,True,True,2026-05-03,False,False,
DOC002810,SIN00703,factura_taller,True,True,2026-05-03,False,False,
DOC002811,SIN00703,fotos,True,True,2026-05-03,False,False,
DOC002812,SIN00703,informe_perito,True,True,2026-05-03,False,False,
DOC002813,SIN00704,denuncia,False,False,2024-12-08,False,False,
DOC002814,SIN00704,factura_taller,True,True,2024-12-08,False,False,
DOC002815,SIN00704,fotos,True,True,2024-12-08,False,False,
DOC002816,SIN00704,informe_perito,True,True,2024-12-08,False,False,
DOC002817,SIN00705,denuncia,True,True,2025-08-23,False,False,
DOC002818,SIN00705,factura_taller,True,True,2025-08-23,False,False,
DOC002819,SIN00705,fotos,True,True,2025-08-23,False,False,
DOC002820,SIN00705,informe_perito,True,True,2025-08-23,False,False,
DOC002821,SIN00706,denuncia,False,True,2025-07-19,False,False,
DOC002822,SIN00706,factura_taller,True,False,2025-07-19,False,False,
DOC002823,SIN00706,fotos,True,True,2025-07-19,False,False,
DOC002824,SIN00706,informe_perito,True,True,2025-07-19,False,False,
DOC002825,SIN00707,denuncia,True,True,2024-10-02,False,False,
DOC002826,SIN00707,factura_taller,True,True,2024-10-02,False,False,
DOC002827,SIN00707,fotos,True,True,2024-10-02,False,False,
DOC002828,SIN00707,informe_perito,True,True,2024-10-02,False,False,
DOC002829,SIN00708,denuncia,True,True,2024-10-14,False,False,
DOC002830,SIN00708,factura_taller,True,True,2024-10-14,True,False,
DOC002831,SIN00708,fotos,True,True,2024-10-14,False,False,
DOC002832,SIN00708,informe_perito,True,True,2024-10-14,False,False,
DOC002833,SIN00709,denuncia,True,True,2024-08-07,False,False,
DOC002834,SIN00709,factura_taller,True,True,2024-08-07,False,False,
DOC002835,SIN00709,fotos,True,False,2024-08-07,False,False,
DOC002836,SIN00709,informe_perito,True,True,2024-08-07,False,False,
DOC002837,SIN00710,denuncia,True,True,2024-06-21,False,False,
DOC002838,SIN00710,factura_taller,False,True,2024-06-21,False,False,
DOC002839,SIN00710,fotos,True,True,2024-06-21,False,False,
DOC002840,SIN00710,informe_perito,True,True,2024-06-21,False,False,
DOC002841,SIN00711,denuncia,True,True,2024-06-26,True,False,
DOC002842,SIN00711,factura_taller,True,True,2024-06-26,True,False,
DOC002843,SIN00711,fotos,False,True,2024-06-26,False,False,
DOC002844,SIN00711,informe_perito,False,True,2024-06-26,False,False,
DOC002845,SIN00712,denuncia,True,True,2024-11-27,False,False,
DOC002846,SIN00712,factura_taller,True,True,2024-11-27,False,False,
DOC002847,SIN00712,fotos,False,True,2024-11-27,False,False,
DOC002848,SIN00712,informe_perito,True,True,2024-11-27,False,False,
DOC002849,SIN00713,denuncia,True,False,2025-03-10,False,False,
DOC002850,SIN00713,factura_taller,True,True,2025-03-10,True,True,Alteracion simulada para demo
DOC002851,SIN00713,fotos,True,False,2025-03-10,False,False,
DOC002852,SIN00713,informe_perito,False,True,2025-03-10,False,False,
DOC002853,SIN00714,denuncia,True,False,2026-03-23,False,False,
DOC002854,SIN00714,factura_taller,True,True,2026-03-23,False,False,
DOC002855,SIN00714,fotos,True,True,2026-03-23,True,False,
DOC002856,SIN00714,informe_perito,True,True,2026-03-23,False,False,
DOC002857,SIN00715,denuncia,True,True,2024-07-18,False,False,
DOC002858,SIN00715,factura_taller,True,True,2024-07-18,False,False,
DOC002859,SIN00715,fotos,True,True,2024-07-18,False,False,
DOC002860,SIN00715,informe_perito,True,True,2024-07-18,False,False,
DOC002861,SIN00716,denuncia,True,False,2025-03-03,False,False,
DOC002862,SIN00716,factura_taller,False,True,2025-03-03,True,False,
DOC002863,SIN00716,fotos,False,True,2025-03-03,False,False,
DOC002864,SIN00716,informe_perito,True,True,2025-03-03,True,False,
DOC002865,SIN00717,denuncia,True,True,2024-10-24,False,False,
DOC002866,SIN00717,factura_taller,True,True,2024-10-24,False,False,
DOC002867,SIN00717,fotos,True,True,2024-10-24,False,False,
DOC002868,SIN00717,informe_perito,True,True,2024-10-24,False,False,
DOC002869,SIN00718,denuncia,True,True,2026-01-15,False,False,
DOC002870,SIN00718,factura_taller,True,False,2026-01-15,True,False,
DOC002871,SIN00718,fotos,True,True,2026-01-15,False,False,
DOC002872,SIN00718,informe_perito,False,True,2026-01-15,False,False,
DOC002873,SIN00719,denuncia,True,True,2024-11-17,False,False,
DOC002874,SIN00719,factura_taller,True,True,2024-11-17,False,False,
DOC002875,SIN00719,fotos,True,True,2024-11-17,False,False,
DOC002876,SIN00719,informe_perito,True,True,2024-11-17,False,False,
DOC002877,SIN00720,denuncia,True,True,2025-05-24,False,False,
DOC002878,SIN00720,factura_taller,True,True,2025-05-24,False,False,
DOC002879,SIN00720,fotos,True,True,2025-05-24,False,False,
DOC002880,SIN00720,informe_perito,True,True,2025-05-24,False,False,
DOC002881,SIN00721,denuncia,True,True,2025-07-13,False,False,
DOC002882,SIN00721,factura_taller,True,True,2025-07-13,False,False,
DOC002883,SIN00721,fotos,True,True,2025-07-13,False,False,
DOC002884,SIN00721,informe_perito,True,True,2025-07-13,False,False,
DOC002885,SIN00722,denuncia,True,True,2025-08-15,False,False,
DOC002886,SIN00722,factura_taller,True,True,2025-08-15,False,False,
DOC002887,SIN00722,fotos,True,True,2025-08-15,False,False,
DOC002888,SIN00722,informe_perito,True,True,2025-08-15,False,False,
DOC002889,SIN00723,denuncia,True,True,2025-05-20,False,False,
DOC002890,SIN00723,factura_taller,True,True,2025-05-20,False,False,
DOC002891,SIN00723,fotos,True,True,2025-05-20,False,False,
DOC002892,SIN00723,informe_perito,True,True,2025-05-20,False,False,
DOC002893,SIN00724,denuncia,True,True,2025-07-30,False,False,
DOC002894,SIN00724,factura_taller,True,True,2025-07-30,False,False,
DOC002895,SIN00724,fotos,True,True,2025-07-30,False,False,
DOC002896,SIN00724,informe_perito,True,True,2025-07-30,False,False,
DOC002897,SIN00725,denuncia,True,True,2024-11-28,False,False,
DOC002898,SIN00725,factura_taller,True,True,2024-11-28,False,False,
DOC002899,SIN00725,fotos,True,True,2024-11-28,False,False,
DOC002900,SIN00725,informe_perito,True,True,2024-11-28,False,False,
DOC002901,SIN00726,denuncia,True,True,2025-02-26,False,False,
DOC002902,SIN00726,factura_taller,True,True,2025-02-26,False,False,
DOC002903,SIN00726,fotos,True,True,2025-02-26,False,False,
DOC002904,SIN00726,informe_perito,True,True,2025-02-26,False,False,
DOC002905,SIN00727,denuncia,True,True,2024-08-22,False,False,
DOC002906,SIN00727,factura_taller,True,True,2024-08-22,False,False,
DOC002907,SIN00727,fotos,True,True,2024-08-22,False,False,
DOC002908,SIN00727,informe_perito,True,True,2024-08-22,True,False,
DOC002909,SIN00728,denuncia,True,True,2025-01-29,False,False,
DOC002910,SIN00728,factura_taller,True,True,2025-01-29,False,False,
DOC002911,SIN00728,fotos,True,True,2025-01-29,False,False,
DOC002912,SIN00728,informe_perito,True,True,2025-01-29,False,False,
DOC002913,SIN00729,denuncia,True,True,2025-11-18,False,False,
DOC002914,SIN00729,factura_taller,True,True,2025-11-18,False,False,
DOC002915,SIN00729,fotos,True,True,2025-11-18,False,False,
DOC002916,SIN00729,informe_perito,True,True,2025-11-18,False,False,
DOC002917,SIN00730,denuncia,True,True,2024-10-16,False,False,
DOC002918,SIN00730,factura_taller,True,True,2024-10-16,False,False,
DOC002919,SIN00730,fotos,True,True,2024-10-16,False,False,
DOC002920,SIN00730,informe_perito,True,True,2024-10-16,False,False,
DOC002921,SIN00731,denuncia,True,True,2025-09-02,False,False,
DOC002922,SIN00731,factura_taller,True,True,2025-09-02,False,False,
DOC002923,SIN00731,fotos,True,True,2025-09-02,False,False,
DOC002924,SIN00731,informe_perito,True,True,2025-09-02,False,False,
DOC002925,SIN00732,denuncia,True,True,2025-08-16,False,False,
DOC002926,SIN00732,factura_taller,True,True,2025-08-16,False,False,
DOC002927,SIN00732,fotos,True,True,2025-08-16,False,False,
DOC002928,SIN00732,informe_perito,True,True,2025-08-16,False,False,
DOC002929,SIN00733,denuncia,False,True,2026-05-07,False,False,
DOC002930,SIN00733,factura_taller,True,True,2026-05-07,False,False,
DOC002931,SIN00733,fotos,True,True,2026-05-07,False,False,
DOC002932,SIN00733,informe_perito,True,True,2026-05-07,True,False,
DOC002933,SIN00734,denuncia,True,True,2025-11-18,False,False,
DOC002934,SIN00734,factura_taller,True,True,2025-11-18,False,False,
DOC002935,SIN00734,fotos,True,True,2025-11-18,False,False,
DOC002936,SIN00734,informe_perito,True,True,2025-11-18,False,False,
DOC002937,SIN00735,denuncia,True,True,2024-12-17,False,False,
DOC002938,SIN00735,factura_taller,True,True,2024-12-17,True,False,
DOC002939,SIN00735,fotos,True,False,2024-12-17,False,False,
DOC002940,SIN00735,informe_perito,False,True,2024-12-17,False,False,
DOC002941,SIN00736,denuncia,True,True,2024-12-23,False,False,
DOC002942,SIN00736,factura_taller,True,True,2024-12-23,False,False,
DOC002943,SIN00736,fotos,True,True,2024-12-23,False,False,
DOC002944,SIN00736,informe_perito,True,True,2024-12-23,False,False,
DOC002945,SIN00737,denuncia,False,False,2025-03-17,False,False,
DOC002946,SIN00737,factura_taller,True,True,2025-03-17,True,False,
DOC002947,SIN00737,fotos,False,True,2025-03-17,True,False,
DOC002948,SIN00737,informe_perito,True,True,2025-03-17,False,False,
DOC002949,SIN00738,denuncia,True,True,2024-03-15,False,False,
DOC002950,SIN00738,factura_taller,True,True,2024-03-15,False,False,
DOC002951,SIN00738,fotos,True,True,2024-03-15,False,False,
DOC002952,SIN00738,informe_perito,True,True,2024-03-15,False,False,
DOC002953,SIN00739,denuncia,True,True,2025-06-05,False,False,
DOC002954,SIN00739,factura_taller,True,True,2025-06-05,False,False,
DOC002955,SIN00739,fotos,True,True,2025-06-05,False,False,
DOC002956,SIN00739,informe_perito,True,True,2025-06-05,False,False,
DOC002957,SIN00740,denuncia,True,True,2024-12-04,False,False,
DOC002958,SIN00740,factura_taller,True,True,2024-12-04,False,False,
DOC002959,SIN00740,fotos,True,True,2024-12-04,False,False,
DOC002960,SIN00740,informe_perito,True,True,2024-12-04,False,False,
DOC002961,SIN00741,denuncia,True,True,2024-06-28,False,False,
DOC002962,SIN00741,factura_taller,True,True,2024-06-28,False,False,
DOC002963,SIN00741,fotos,True,True,2024-06-28,True,False,
DOC002964,SIN00741,informe_perito,True,False,2024-06-28,True,False,
DOC002965,SIN00742,denuncia,True,True,2026-01-30,False,False,
DOC002966,SIN00742,factura_taller,True,True,2026-01-30,False,False,
DOC002967,SIN00742,fotos,True,True,2026-01-30,False,False,
DOC002968,SIN00742,informe_perito,True,True,2026-01-30,False,False,
DOC002969,SIN00743,denuncia,True,True,2025-06-03,True,False,
DOC002970,SIN00743,factura_taller,False,True,2025-06-03,True,False,
DOC002971,SIN00743,fotos,True,True,2025-06-03,False,False,
DOC002972,SIN00743,informe_perito,True,True,2025-06-03,False,False,
DOC002973,SIN00744,denuncia,True,True,2024-08-18,False,False,
DOC002974,SIN00744,factura_taller,True,True,2024-08-18,False,False,
DOC002975,SIN00744,fotos,True,True,2024-08-18,False,False,
DOC002976,SIN00744,informe_perito,True,True,2024-08-18,False,False,
DOC002977,SIN00745,denuncia,True,True,2025-07-16,False,False,
DOC002978,SIN00745,factura_taller,True,True,2025-07-16,False,False,
DOC002979,SIN00745,fotos,True,True,2025-07-16,False,False,
DOC002980,SIN00745,informe_perito,True,True,2025-07-16,False,False,
DOC002981,SIN00746,denuncia,True,True,2025-09-07,True,False,
DOC002982,SIN00746,factura_taller,False,False,2025-09-07,True,True,Alteracion simulada para demo
DOC002983,SIN00746,fotos,True,True,2025-09-07,False,False,
DOC002984,SIN00746,informe_perito,True,True,2025-09-07,False,False,
DOC002985,SIN00747,denuncia,True,True,2025-04-07,False,False,
DOC002986,SIN00747,factura_taller,True,True,2025-04-07,False,False,
DOC002987,SIN00747,fotos,True,False,2025-04-07,False,False,
DOC002988,SIN00747,informe_perito,True,True,2025-04-07,False,False,
DOC002989,SIN00748,denuncia,True,True,2024-12-12,False,False,
DOC002990,SIN00748,factura_taller,True,True,2024-12-12,False,False,
DOC002991,SIN00748,fotos,True,True,2024-12-12,False,False,
DOC002992,SIN00748,informe_perito,True,True,2024-12-12,False,False,
DOC002993,SIN00749,denuncia,True,True,2025-07-26,False,False,
DOC002994,SIN00749,factura_taller,True,True,2025-07-26,False,False,
DOC002995,SIN00749,fotos,True,True,2025-07-26,False,False,
DOC002996,SIN00749,informe_perito,True,True,2025-07-26,False,False,
DOC002997,SIN00750,denuncia,True,True,2025-06-24,False,False,
DOC002998,SIN00750,factura_taller,True,True,2025-06-24,False,False,
DOC002999,SIN00750,fotos,False,True,2025-06-24,False,False,
DOC003000,SIN00750,informe_perito,True,True,2025-06-24,False,False,
DOC003001,SIN00751,denuncia,True,True,2026-04-11,False,False,
DOC003002,SIN00751,factura_taller,True,True,2026-04-11,False,False,
DOC003003,SIN00751,fotos,True,True,2026-04-11,False,False,
DOC003004,SIN00751,informe_perito,True,True,2026-04-11,False,False,
DOC003005,SIN00752,denuncia,True,False,2024-08-17,False,False,
DOC003006,SIN00752,factura_taller,True,True,2024-08-17,False,False,
DOC003007,SIN00752,fotos,True,True,2024-08-17,False,False,
DOC003008,SIN00752,informe_perito,False,False,2024-08-17,False,False,
DOC003009,SIN00753,denuncia,True,True,2025-10-24,False,False,
DOC003010,SIN00753,factura_taller,True,True,2025-10-24,False,False,
DOC003011,SIN00753,fotos,True,True,2025-10-24,False,False,
DOC003012,SIN00753,informe_perito,True,True,2025-10-24,False,False,
DOC003013,SIN00754,denuncia,True,True,2024-12-01,False,False,
DOC003014,SIN00754,factura_taller,True,True,2024-12-01,False,False,
DOC003015,SIN00754,fotos,True,True,2024-12-01,False,False,
DOC003016,SIN00754,informe_perito,True,True,2024-12-01,False,False,
DOC003017,SIN00755,denuncia,True,True,2024-09-27,False,False,
DOC003018,SIN00755,factura_taller,True,True,2024-09-27,False,False,
DOC003019,SIN00755,fotos,True,True,2024-09-27,False,False,
DOC003020,SIN00755,informe_perito,True,True,2024-09-27,False,False,
DOC003021,SIN00756,denuncia,True,True,2024-07-16,True,False,
DOC003022,SIN00756,factura_taller,True,False,2024-07-16,True,True,Alteracion simulada para demo
DOC003023,SIN00756,fotos,True,True,2024-07-16,False,False,
DOC003024,SIN00756,informe_perito,False,True,2024-07-16,True,False,
DOC003025,SIN00757,denuncia,True,True,2026-04-10,False,False,
DOC003026,SIN00757,factura_taller,True,True,2026-04-10,False,False,
DOC003027,SIN00757,fotos,True,True,2026-04-10,False,False,
DOC003028,SIN00757,informe_perito,True,True,2026-04-10,False,False,
DOC003029,SIN00758,denuncia,True,True,2024-07-22,False,False,
DOC003030,SIN00758,factura_taller,True,True,2024-07-22,False,False,
DOC003031,SIN00758,fotos,True,True,2024-07-22,False,False,
DOC003032,SIN00758,informe_perito,True,True,2024-07-22,False,False,
DOC003033,SIN00759,denuncia,True,True,2026-04-12,False,False,
DOC003034,SIN00759,factura_taller,True,True,2026-04-12,False,False,
DOC003035,SIN00759,fotos,True,True,2026-04-12,False,False,
DOC003036,SIN00759,informe_perito,True,True,2026-04-12,False,False,
DOC003037,SIN00760,denuncia,True,True,2026-02-04,False,False,
DOC003038,SIN00760,factura_taller,True,True,2026-02-04,False,False,
DOC003039,SIN00760,fotos,True,True,2026-02-04,True,False,
DOC003040,SIN00760,informe_perito,True,True,2026-02-04,False,False,
DOC003041,SIN00761,denuncia,True,True,2025-07-29,False,False,
DOC003042,SIN00761,factura_taller,True,True,2025-07-29,False,False,
DOC003043,SIN00761,fotos,True,True,2025-07-29,False,False,
DOC003044,SIN00761,informe_perito,True,True,2025-07-29,False,False,
DOC003045,SIN00762,denuncia,True,True,2025-10-11,False,False,
DOC003046,SIN00762,factura_taller,True,True,2025-10-11,False,False,
DOC003047,SIN00762,fotos,True,True,2025-10-11,False,False,
DOC003048,SIN00762,informe_perito,True,True,2025-10-11,False,False,
DOC003049,SIN00763,denuncia,True,True,2025-07-10,False,False,
DOC003050,SIN00763,factura_taller,True,True,2025-07-10,False,False,
DOC003051,SIN00763,fotos,True,True,2025-07-10,False,False,
DOC003052,SIN00763,informe_perito,True,True,2025-07-10,False,False,
DOC003053,SIN00764,denuncia,True,True,2025-02-17,False,False,
DOC003054,SIN00764,factura_taller,True,False,2025-02-17,False,False,
DOC003055,SIN00764,fotos,True,False,2025-02-17,False,False,
DOC003056,SIN00764,informe_perito,True,True,2025-02-17,False,False,
DOC003057,SIN00765,denuncia,False,True,2025-09-02,False,False,
DOC003058,SIN00765,factura_taller,True,True,2025-09-02,False,False,
DOC003059,SIN00765,fotos,True,True,2025-09-02,True,False,
DOC003060,SIN00765,informe_perito,True,True,2025-09-02,False,False,
DOC003061,SIN00766,denuncia,True,False,2025-04-27,False,False,
DOC003062,SIN00766,factura_taller,True,True,2025-04-27,False,False,
DOC003063,SIN00766,fotos,False,True,2025-04-27,True,False,
DOC003064,SIN00766,informe_perito,True,True,2025-04-27,True,False,
DOC003065,SIN00767,denuncia,True,True,2026-05-24,False,False,
DOC003066,SIN00767,factura_taller,True,False,2026-05-24,False,False,
DOC003067,SIN00767,fotos,True,True,2026-05-24,False,False,
DOC003068,SIN00767,informe_perito,True,True,2026-05-24,False,False,
DOC003069,SIN00768,denuncia,True,True,2024-06-28,False,False,
DOC003070,SIN00768,factura_taller,True,True,2024-06-28,False,False,
DOC003071,SIN00768,fotos,False,True,2024-06-28,False,False,
DOC003072,SIN00768,informe_perito,True,True,2024-06-28,False,False,
DOC003073,SIN00769,denuncia,True,True,2025-09-02,False,False,
DOC003074,SIN00769,factura_taller,False,True,2025-09-02,False,False,
DOC003075,SIN00769,fotos,True,True,2025-09-02,False,False,
DOC003076,SIN00769,informe_perito,True,True,2025-09-02,False,False,
DOC003077,SIN00770,denuncia,True,True,2024-10-14,False,False,
DOC003078,SIN00770,factura_taller,True,False,2024-10-14,False,False,
DOC003079,SIN00770,fotos,True,True,2024-10-14,False,False,
DOC003080,SIN00770,informe_perito,True,True,2024-10-14,False,False,
DOC003081,SIN00771,denuncia,True,True,2025-04-07,False,False,
DOC003082,SIN00771,factura_taller,True,True,2025-04-07,False,False,
DOC003083,SIN00771,fotos,True,True,2025-04-07,False,False,
DOC003084,SIN00771,informe_perito,True,True,2025-04-07,False,False,
DOC003085,SIN00772,denuncia,True,True,2025-05-12,False,False,
DOC003086,SIN00772,factura_taller,True,True,2025-05-12,False,False,
DOC003087,SIN00772,fotos,True,True,2025-05-12,False,False,
DOC003088,SIN00772,informe_perito,True,True,2025-05-12,False,False,
DOC003089,SIN00773,denuncia,True,True,2025-10-27,False,False,
DOC003090,SIN00773,factura_taller,True,True,2025-10-27,True,False,
DOC003091,SIN00773,fotos,True,True,2025-10-27,False,False,
DOC003092,SIN00773,informe_perito,True,True,2025-10-27,False,False,
DOC003093,SIN00774,denuncia,True,True,2024-10-25,False,False,
DOC003094,SIN00774,factura_taller,True,True,2024-10-25,False,False,
DOC003095,SIN00774,fotos,True,True,2024-10-25,False,False,
DOC003096,SIN00774,informe_perito,False,True,2024-10-25,False,False,
DOC003097,SIN00775,denuncia,True,True,2026-04-22,False,False,
DOC003098,SIN00775,factura_taller,True,True,2026-04-22,False,False,
DOC003099,SIN00775,fotos,True,True,2026-04-22,False,False,
DOC003100,SIN00775,informe_perito,True,True,2026-04-22,False,False,
DOC003101,SIN00776,denuncia,True,True,2024-05-14,False,False,
DOC003102,SIN00776,factura_taller,True,True,2024-05-14,True,False,
DOC003103,SIN00776,fotos,True,False,2024-05-14,True,False,
DOC003104,SIN00776,informe_perito,True,True,2024-05-14,False,False,
DOC003105,SIN00777,denuncia,True,True,2026-01-08,False,False,
DOC003106,SIN00777,factura_taller,True,True,2026-01-08,False,False,
DOC003107,SIN00777,fotos,True,True,2026-01-08,True,False,
DOC003108,SIN00777,informe_perito,True,True,2026-01-08,True,False,
DOC003109,SIN00778,denuncia,True,True,2024-09-02,False,False,
DOC003110,SIN00778,factura_taller,True,True,2024-09-02,False,False,
DOC003111,SIN00778,fotos,True,True,2024-09-02,False,False,
DOC003112,SIN00778,informe_perito,True,True,2024-09-02,False,False,
DOC003113,SIN00779,denuncia,False,True,2025-06-30,False,False,
DOC003114,SIN00779,factura_taller,False,True,2025-06-30,False,False,
DOC003115,SIN00779,fotos,True,True,2025-06-30,False,False,
DOC003116,SIN00779,informe_perito,True,True,2025-06-30,False,False,
DOC003117,SIN00780,denuncia,True,True,2025-05-22,False,False,
DOC003118,SIN00780,factura_taller,True,True,2025-05-22,False,False,
DOC003119,SIN00780,fotos,True,True,2025-05-22,False,False,
DOC003120,SIN00780,informe_perito,True,True,2025-05-22,False,False,
DOC003121,SIN00781,denuncia,True,True,2024-02-25,False,False,
DOC003122,SIN00781,factura_taller,True,True,2024-02-25,False,False,
DOC003123,SIN00781,fotos,True,True,2024-02-25,False,False,
DOC003124,SIN00781,informe_perito,True,True,2024-02-25,False,False,
DOC003125,SIN00782,denuncia,True,False,2026-01-08,False,False,
DOC003126,SIN00782,factura_taller,True,True,2026-01-08,False,False,
DOC003127,SIN00782,fotos,True,True,2026-01-08,False,False,
DOC003128,SIN00782,informe_perito,True,True,2026-01-08,False,False,
DOC003129,SIN00783,denuncia,True,True,2025-03-28,False,False,
DOC003130,SIN00783,factura_taller,True,False,2025-03-28,True,False,
DOC003131,SIN00783,fotos,True,True,2025-03-28,False,False,
DOC003132,SIN00783,informe_perito,True,True,2025-03-28,True,False,
DOC003133,SIN00784,denuncia,True,True,2024-05-05,False,False,
DOC003134,SIN00784,factura_taller,True,True,2024-05-05,False,False,
DOC003135,SIN00784,fotos,True,True,2024-05-05,False,False,
DOC003136,SIN00784,informe_perito,True,True,2024-05-05,False,False,
DOC003137,SIN00785,denuncia,True,True,2024-11-18,False,False,
DOC003138,SIN00785,factura_taller,False,True,2024-11-18,False,False,
DOC003139,SIN00785,fotos,True,True,2024-11-18,False,False,
DOC003140,SIN00785,informe_perito,True,True,2024-11-18,False,False,
DOC003141,SIN00786,denuncia,True,True,2025-02-26,False,False,
DOC003142,SIN00786,factura_taller,True,True,2025-02-26,False,False,
DOC003143,SIN00786,fotos,True,True,2025-02-26,False,False,
DOC003144,SIN00786,informe_perito,True,True,2025-02-26,False,False,
DOC003145,SIN00787,denuncia,True,True,2024-10-05,False,False,
DOC003146,SIN00787,factura_taller,True,True,2024-10-05,True,False,
DOC003147,SIN00787,fotos,True,True,2024-10-05,False,False,
DOC003148,SIN00787,informe_perito,True,True,2024-10-05,False,False,
DOC003149,SIN00788,denuncia,True,True,2025-03-20,False,False,
DOC003150,SIN00788,factura_taller,True,True,2025-03-20,False,False,
DOC003151,SIN00788,fotos,True,True,2025-03-20,False,False,
DOC003152,SIN00788,informe_perito,True,True,2025-03-20,False,False,
DOC003153,SIN00789,denuncia,True,True,2024-08-25,False,False,
DOC003154,SIN00789,factura_taller,True,True,2024-08-25,False,False,
DOC003155,SIN00789,fotos,True,True,2024-08-25,False,False,
DOC003156,SIN00789,informe_perito,True,True,2024-08-25,False,False,
DOC003157,SIN00790,denuncia,True,True,2026-03-11,False,False,
DOC003158,SIN00790,factura_taller,True,True,2026-03-11,False,False,
DOC003159,SIN00790,fotos,True,True,2026-03-11,False,False,
DOC003160,SIN00790,informe_perito,True,True,2026-03-11,False,False,
DOC003161,SIN00791,denuncia,True,False,2025-10-24,False,False,
DOC003162,SIN00791,factura_taller,True,True,2025-10-24,False,False,
DOC003163,SIN00791,fotos,True,True,2025-10-24,False,False,
DOC003164,SIN00791,informe_perito,True,True,2025-10-24,False,False,
DOC003165,SIN00792,denuncia,True,True,2024-05-26,False,False,
DOC003166,SIN00792,factura_taller,True,True,2024-05-26,False,False,
DOC003167,SIN00792,fotos,True,True,2024-05-26,False,False,
DOC003168,SIN00792,informe_perito,True,True,2024-05-26,False,False,
DOC003169,SIN00793,denuncia,True,True,2024-12-06,False,False,
DOC003170,SIN00793,factura_taller,True,True,2024-12-06,False,False,
DOC003171,SIN00793,fotos,True,True,2024-12-06,False,False,
DOC003172,SIN00793,informe_perito,True,True,2024-12-06,False,False,
DOC003173,SIN00794,denuncia,True,True,2024-04-23,False,False,
DOC003174,SIN00794,factura_taller,True,True,2024-04-23,False,False,
DOC003175,SIN00794,fotos,True,True,2024-04-23,False,False,
DOC003176,SIN00794,informe_perito,True,True,2024-04-23,False,False,
DOC003177,SIN00795,denuncia,True,True,2025-01-13,False,False,
DOC003178,SIN00795,factura_taller,True,True,2025-01-13,False,False,
DOC003179,SIN00795,fotos,True,True,2025-01-13,False,False,
DOC003180,SIN00795,informe_perito,True,True,2025-01-13,False,False,
DOC003181,SIN00796,denuncia,True,True,2026-01-10,False,False,
DOC003182,SIN00796,factura_taller,True,True,2026-01-10,False,False,
DOC003183,SIN00796,fotos,True,True,2026-01-10,False,False,
DOC003184,SIN00796,informe_perito,True,True,2026-01-10,False,False,
DOC003185,SIN00797,denuncia,True,True,2024-06-22,False,False,
DOC003186,SIN00797,factura_taller,True,True,2024-06-22,False,False,
DOC003187,SIN00797,fotos,True,True,2024-06-22,False,False,
DOC003188,SIN00797,informe_perito,True,True,2024-06-22,False,False,
DOC003189,SIN00798,denuncia,True,True,2025-11-06,False,False,
DOC003190,SIN00798,factura_taller,True,True,2025-11-06,False,False,
DOC003191,SIN00798,fotos,True,True,2025-11-06,False,False,
DOC003192,SIN00798,informe_perito,True,True,2025-11-06,False,False,
DOC003193,SIN00799,denuncia,True,True,2025-12-09,False,False,
DOC003194,SIN00799,factura_taller,True,False,2025-12-09,True,False,
DOC003195,SIN00799,fotos,False,True,2025-12-09,False,False,
DOC003196,SIN00799,informe_perito,True,True,2025-12-09,False,False,
DOC003197,SIN00800,denuncia,True,True,2025-02-17,False,False,
DOC003198,SIN00800,factura_taller,True,True,2025-02-17,False,False,
DOC003199,SIN00800,fotos,True,True,2025-02-17,False,False,
DOC003200,SIN00800,informe_perito,True,True,2025-02-17,False,False,
DOC003201,SIN00801,denuncia,True,True,2025-10-20,False,False,
DOC003202,SIN00801,factura_taller,True,True,2025-10-20,False,False,
DOC003203,SIN00801,fotos,True,True,2025-10-20,False,False,
DOC003204,SIN00801,informe_perito,False,True,2025-10-20,False,False,
DOC003205,SIN00802,denuncia,True,True,2026-01-06,False,False,
DOC003206,SIN00802,factura_taller,True,True,2026-01-06,False,False,
DOC003207,SIN00802,fotos,True,True,2026-01-06,False,False,
DOC003208,SIN00802,informe_perito,True,True,2026-01-06,False,False,
DOC003209,SIN00803,denuncia,True,True,2025-12-26,False,False,
DOC003210,SIN00803,factura_taller,True,True,2025-12-26,False,False,
DOC003211,SIN00803,fotos,True,True,2025-12-26,False,False,
DOC003212,SIN00803,informe_perito,True,True,2025-12-26,False,False,
DOC003213,SIN00804,denuncia,True,True,2025-04-27,False,False,
DOC003214,SIN00804,factura_taller,True,True,2025-04-27,False,False,
DOC003215,SIN00804,fotos,True,True,2025-04-27,False,False,
DOC003216,SIN00804,informe_perito,True,True,2025-04-27,False,False,
DOC003217,SIN00805,denuncia,True,True,2024-08-22,False,False,
DOC003218,SIN00805,factura_taller,True,True,2024-08-22,False,False,
DOC003219,SIN00805,fotos,True,True,2024-08-22,False,False,
DOC003220,SIN00805,informe_perito,True,True,2024-08-22,False,False,
DOC003221,SIN00806,denuncia,True,True,2025-07-27,False,False,
DOC003222,SIN00806,factura_taller,True,True,2025-07-27,False,False,
DOC003223,SIN00806,fotos,True,True,2025-07-27,False,False,
DOC003224,SIN00806,informe_perito,True,True,2025-07-27,False,False,
DOC003225,SIN00807,denuncia,False,False,2026-04-17,False,False,
DOC003226,SIN00807,factura_taller,True,True,2026-04-17,False,False,
DOC003227,SIN00807,fotos,True,True,2026-04-17,True,False,
DOC003228,SIN00807,informe_perito,True,True,2026-04-17,False,False,
DOC003229,SIN00808,denuncia,True,True,2026-01-20,False,False,
DOC003230,SIN00808,factura_taller,True,True,2026-01-20,False,False,
DOC003231,SIN00808,fotos,True,True,2026-01-20,False,False,
DOC003232,SIN00808,informe_perito,True,True,2026-01-20,True,False,
DOC003233,SIN00809,denuncia,True,True,2024-12-20,False,False,
DOC003234,SIN00809,factura_taller,True,True,2024-12-20,False,False,
DOC003235,SIN00809,fotos,True,True,2024-12-20,False,False,
DOC003236,SIN00809,informe_perito,True,True,2024-12-20,False,False,
DOC003237,SIN00810,denuncia,True,False,2026-03-27,False,False,
DOC003238,SIN00810,factura_taller,True,True,2026-03-27,False,False,
DOC003239,SIN00810,fotos,True,True,2026-03-27,False,False,
DOC003240,SIN00810,informe_perito,True,True,2026-03-27,False,False,
DOC003241,SIN00811,denuncia,True,True,2026-03-21,False,False,
DOC003242,SIN00811,factura_taller,True,True,2026-03-21,False,False,
DOC003243,SIN00811,fotos,True,True,2026-03-21,False,False,
DOC003244,SIN00811,informe_perito,True,True,2026-03-21,False,False,
DOC003245,SIN00812,denuncia,True,True,2025-08-27,False,False,
DOC003246,SIN00812,factura_taller,True,True,2025-08-27,False,False,
DOC003247,SIN00812,fotos,True,True,2025-08-27,False,False,
DOC003248,SIN00812,informe_perito,True,False,2025-08-27,False,False,
DOC003249,SIN00813,denuncia,True,True,2024-10-26,False,False,
DOC003250,SIN00813,factura_taller,True,True,2024-10-26,False,False,
DOC003251,SIN00813,fotos,True,True,2024-10-26,False,False,
DOC003252,SIN00813,informe_perito,True,True,2024-10-26,False,False,
DOC003253,SIN00814,denuncia,True,True,2024-11-03,False,False,
DOC003254,SIN00814,factura_taller,True,True,2024-11-03,False,False,
DOC003255,SIN00814,fotos,True,True,2024-11-03,False,False,
DOC003256,SIN00814,informe_perito,True,True,2024-11-03,False,False,
DOC003257,SIN00815,denuncia,True,True,2024-07-29,False,False,
DOC003258,SIN00815,factura_taller,True,True,2024-07-29,False,False,
DOC003259,SIN00815,fotos,True,True,2024-07-29,False,False,
DOC003260,SIN00815,informe_perito,True,True,2024-07-29,False,False,
DOC003261,SIN00816,denuncia,True,True,2024-09-27,True,False,
DOC003262,SIN00816,factura_taller,True,True,2024-09-27,False,False,
DOC003263,SIN00816,fotos,True,False,2024-09-27,True,False,
DOC003264,SIN00816,informe_perito,True,True,2024-09-27,False,False,
DOC003265,SIN00817,denuncia,True,True,2025-05-29,False,False,
DOC003266,SIN00817,factura_taller,False,True,2025-05-29,False,False,
DOC003267,SIN00817,fotos,True,True,2025-05-29,True,False,
DOC003268,SIN00817,informe_perito,True,True,2025-05-29,False,False,
DOC003269,SIN00818,denuncia,True,True,2025-08-07,False,False,
DOC003270,SIN00818,factura_taller,True,True,2025-08-07,False,False,
DOC003271,SIN00818,fotos,True,True,2025-08-07,False,False,
DOC003272,SIN00818,informe_perito,True,True,2025-08-07,False,False,
DOC003273,SIN00819,denuncia,True,True,2025-05-23,False,False,
DOC003274,SIN00819,factura_taller,True,True,2025-05-23,True,False,
DOC003275,SIN00819,fotos,True,True,2025-05-23,False,False,
DOC003276,SIN00819,informe_perito,True,True,2025-05-23,False,False,
DOC003277,SIN00820,denuncia,True,False,2024-02-23,True,False,
DOC003278,SIN00820,factura_taller,True,True,2024-02-23,False,False,
DOC003279,SIN00820,fotos,False,True,2024-02-23,False,False,
DOC003280,SIN00820,informe_perito,True,True,2024-02-23,False,False,
DOC003281,SIN00821,denuncia,True,True,2025-04-14,False,False,
DOC003282,SIN00821,factura_taller,True,False,2025-04-14,False,False,
DOC003283,SIN00821,fotos,True,True,2025-04-14,False,False,
DOC003284,SIN00821,informe_perito,True,True,2025-04-14,False,False,
DOC003285,SIN00822,denuncia,True,True,2025-07-29,False,False,
DOC003286,SIN00822,factura_taller,True,True,2025-07-29,False,False,
DOC003287,SIN00822,fotos,True,True,2025-07-29,False,False,
DOC003288,SIN00822,informe_perito,True,True,2025-07-29,True,False,
DOC003289,SIN00823,denuncia,True,True,2024-05-14,False,False,
DOC003290,SIN00823,factura_taller,True,True,2024-05-14,False,False,
DOC003291,SIN00823,fotos,True,False,2024-05-14,True,False,
DOC003292,SIN00823,informe_perito,True,False,2024-05-14,False,False,
DOC003293,SIN00824,denuncia,True,True,2026-06-14,False,False,
DOC003294,SIN00824,factura_taller,True,True,2026-06-14,False,False,
DOC003295,SIN00824,fotos,True,True,2026-06-14,False,False,
DOC003296,SIN00824,informe_perito,True,False,2026-06-14,False,False,
DOC003297,SIN00825,denuncia,True,True,2025-11-01,False,False,
DOC003298,SIN00825,factura_taller,True,True,2025-11-01,False,False,
DOC003299,SIN00825,fotos,True,True,2025-11-01,False,False,
DOC003300,SIN00825,informe_perito,True,True,2025-11-01,False,False,
DOC003301,SIN00826,denuncia,True,True,2025-11-19,False,False,
DOC003302,SIN00826,factura_taller,True,True,2025-11-19,False,False,
DOC003303,SIN00826,fotos,True,True,2025-11-19,False,False,
DOC003304,SIN00826,informe_perito,True,True,2025-11-19,False,False,
DOC003305,SIN00827,denuncia,False,True,2025-08-15,False,False,
DOC003306,SIN00827,factura_taller,True,True,2025-08-15,False,False,
DOC003307,SIN00827,fotos,True,True,2025-08-15,False,False,
DOC003308,SIN00827,informe_perito,True,True,2025-08-15,False,False,
DOC003309,SIN00828,denuncia,True,True,2025-05-20,False,False,
DOC003310,SIN00828,factura_taller,True,True,2025-05-20,False,False,
DOC003311,SIN00828,fotos,True,True,2025-05-20,False,False,
DOC003312,SIN00828,informe_perito,True,True,2025-05-20,False,False,
DOC003313,SIN00829,denuncia,True,True,2025-06-15,False,False,
DOC003314,SIN00829,factura_taller,True,True,2025-06-15,False,False,
DOC003315,SIN00829,fotos,True,True,2025-06-15,False,False,
DOC003316,SIN00829,informe_perito,True,True,2025-06-15,False,False,
DOC003317,SIN00830,denuncia,True,True,2026-03-20,False,False,
DOC003318,SIN00830,factura_taller,True,True,2026-03-20,False,False,
DOC003319,SIN00830,fotos,True,True,2026-03-20,False,False,
DOC003320,SIN00830,informe_perito,True,False,2026-03-20,False,False,
DOC003321,SIN00831,denuncia,True,True,2024-11-20,False,False,
DOC003322,SIN00831,factura_taller,True,True,2024-11-20,False,False,
DOC003323,SIN00831,fotos,True,True,2024-11-20,False,False,
DOC003324,SIN00831,informe_perito,True,True,2024-11-20,False,False,
DOC003325,SIN00832,denuncia,True,True,2024-08-26,False,False,
DOC003326,SIN00832,factura_taller,True,True,2024-08-26,False,False,
DOC003327,SIN00832,fotos,True,True,2024-08-26,False,False,
DOC003328,SIN00832,informe_perito,False,True,2024-08-26,False,False,
DOC003329,SIN00833,denuncia,True,True,2025-09-02,False,False,
DOC003330,SIN00833,factura_taller,True,True,2025-09-02,False,False,
DOC003331,SIN00833,fotos,True,True,2025-09-02,False,False,
DOC003332,SIN00833,informe_perito,True,True,2025-09-02,False,False,
DOC003333,SIN00834,denuncia,True,True,2025-01-08,False,False,
DOC003334,SIN00834,factura_taller,True,True,2025-01-08,False,False,
DOC003335,SIN00834,fotos,True,True,2025-01-08,False,False,
DOC003336,SIN00834,informe_perito,True,True,2025-01-08,False,False,
DOC003337,SIN00835,denuncia,True,True,2025-05-14,False,False,
DOC003338,SIN00835,factura_taller,True,True,2025-05-14,False,False,
DOC003339,SIN00835,fotos,True,True,2025-05-14,False,False,
DOC003340,SIN00835,informe_perito,True,True,2025-05-14,False,False,
DOC003341,SIN00836,denuncia,True,True,2025-12-13,False,False,
DOC003342,SIN00836,factura_taller,True,True,2025-12-13,False,False,
DOC003343,SIN00836,fotos,True,True,2025-12-13,False,False,
DOC003344,SIN00836,informe_perito,True,True,2025-12-13,False,False,
DOC003345,SIN00837,denuncia,False,True,2025-07-25,False,False,
DOC003346,SIN00837,factura_taller,False,True,2025-07-25,True,True,Alteracion simulada para demo
DOC003347,SIN00837,fotos,True,False,2025-07-25,False,False,
DOC003348,SIN00837,informe_perito,True,True,2025-07-25,False,False,
DOC003349,SIN00838,denuncia,True,True,2024-07-19,False,False,
DOC003350,SIN00838,factura_taller,True,True,2024-07-19,False,False,
DOC003351,SIN00838,fotos,True,True,2024-07-19,False,False,
DOC003352,SIN00838,informe_perito,True,True,2024-07-19,False,False,
DOC003353,SIN00839,denuncia,True,True,2025-07-29,False,False,
DOC003354,SIN00839,factura_taller,True,True,2025-07-29,False,False,
DOC003355,SIN00839,fotos,True,True,2025-07-29,False,False,
DOC003356,SIN00839,informe_perito,True,True,2025-07-29,False,False,
DOC003357,SIN00840,denuncia,True,True,2025-07-24,False,False,
DOC003358,SIN00840,factura_taller,True,True,2025-07-24,False,False,
DOC003359,SIN00840,fotos,True,True,2025-07-24,False,False,
DOC003360,SIN00840,informe_perito,False,True,2025-07-24,False,False,
DOC003361,SIN00841,denuncia,True,True,2025-06-29,False,False,
DOC003362,SIN00841,factura_taller,True,True,2025-06-29,False,False,
DOC003363,SIN00841,fotos,True,True,2025-06-29,False,False,
DOC003364,SIN00841,informe_perito,True,True,2025-06-29,False,False,
DOC003365,SIN00842,denuncia,True,True,2024-12-31,False,False,
DOC003366,SIN00842,factura_taller,True,True,2024-12-31,True,False,
DOC003367,SIN00842,fotos,True,True,2024-12-31,False,False,
DOC003368,SIN00842,informe_perito,True,True,2024-12-31,True,False,
DOC003369,SIN00843,denuncia,True,True,2025-10-06,False,False,
DOC003370,SIN00843,factura_taller,True,True,2025-10-06,False,False,
DOC003371,SIN00843,fotos,True,True,2025-10-06,False,False,
DOC003372,SIN00843,informe_perito,True,True,2025-10-06,False,False,
DOC003373,SIN00844,denuncia,True,True,2024-12-23,False,False,
DOC003374,SIN00844,factura_taller,True,True,2024-12-23,False,False,
DOC003375,SIN00844,fotos,True,True,2024-12-23,False,False,
DOC003376,SIN00844,informe_perito,True,True,2024-12-23,False,False,
DOC003377,SIN00845,denuncia,True,True,2026-02-21,False,False,
DOC003378,SIN00845,factura_taller,True,True,2026-02-21,False,False,
DOC003379,SIN00845,fotos,True,True,2026-02-21,False,False,
DOC003380,SIN00845,informe_perito,True,True,2026-02-21,False,False,
DOC003381,SIN00846,denuncia,True,True,2025-11-07,False,False,
DOC003382,SIN00846,factura_taller,True,True,2025-11-07,False,False,
DOC003383,SIN00846,fotos,True,True,2025-11-07,False,False,
DOC003384,SIN00846,informe_perito,True,True,2025-11-07,False,False,
DOC003385,SIN00847,denuncia,True,True,2024-02-17,False,False,
DOC003386,SIN00847,factura_taller,True,True,2024-02-17,True,True,Alteracion simulada para demo
DOC003387,SIN00847,fotos,True,True,2024-02-17,False,False,
DOC003388,SIN00847,informe_perito,True,True,2024-02-17,False,False,
DOC003389,SIN00848,denuncia,True,True,2026-02-12,False,False,
DOC003390,SIN00848,factura_taller,True,True,2026-02-12,False,False,
DOC003391,SIN00848,fotos,True,True,2026-02-12,False,False,
DOC003392,SIN00848,informe_perito,True,True,2026-02-12,False,False,
DOC003393,SIN00849,denuncia,True,True,2024-11-03,False,False,
DOC003394,SIN00849,factura_taller,True,True,2024-11-03,False,False,
DOC003395,SIN00849,fotos,True,True,2024-11-03,False,False,
DOC003396,SIN00849,informe_perito,True,True,2024-11-03,False,False,
DOC003397,SIN00850,denuncia,True,False,2025-09-17,True,False,
DOC003398,SIN00850,factura_taller,False,True,2025-09-17,False,False,
DOC003399,SIN00850,fotos,False,True,2025-09-17,False,False,
DOC003400,SIN00850,informe_perito,True,True,2025-09-17,False,False,
DOC003401,SIN00851,denuncia,True,True,2025-02-15,False,False,
DOC003402,SIN00851,factura_taller,True,True,2025-02-15,False,False,
DOC003403,SIN00851,fotos,True,True,2025-02-15,False,False,
DOC003404,SIN00851,informe_perito,True,True,2025-02-15,False,False,
DOC003405,SIN00852,denuncia,True,True,2026-02-24,False,False,
DOC003406,SIN00852,factura_taller,True,True,2026-02-24,False,False,
DOC003407,SIN00852,fotos,True,True,2026-02-24,False,False,
DOC003408,SIN00852,informe_perito,True,True,2026-02-24,False,False,
DOC003409,SIN00853,denuncia,True,True,2024-08-18,False,False,
DOC003410,SIN00853,factura_taller,True,True,2024-08-18,False,False,
DOC003411,SIN00853,fotos,True,True,2024-08-18,False,False,
DOC003412,SIN00853,informe_perito,True,True,2024-08-18,False,False,
DOC003413,SIN00854,denuncia,True,True,2024-11-17,False,False,
DOC003414,SIN00854,factura_taller,True,True,2024-11-17,False,False,
DOC003415,SIN00854,fotos,True,True,2024-11-17,False,False,
DOC003416,SIN00854,informe_perito,True,True,2024-11-17,False,False,
DOC003417,SIN00855,denuncia,True,True,2025-09-28,False,False,
DOC003418,SIN00855,factura_taller,True,True,2025-09-28,False,False,
DOC003419,SIN00855,fotos,True,True,2025-09-28,False,False,
DOC003420,SIN00855,informe_perito,True,True,2025-09-28,False,False,
DOC003421,SIN00856,denuncia,True,True,2026-02-18,True,False,
DOC003422,SIN00856,factura_taller,True,True,2026-02-18,False,False,
DOC003423,SIN00856,fotos,True,True,2026-02-18,False,False,
DOC003424,SIN00856,informe_perito,True,True,2026-02-18,False,False,
DOC003425,SIN00857,denuncia,True,True,2025-12-18,False,False,
DOC003426,SIN00857,factura_taller,True,True,2025-12-18,False,False,
DOC003427,SIN00857,fotos,True,True,2025-12-18,False,False,
DOC003428,SIN00857,informe_perito,True,True,2025-12-18,False,False,
DOC003429,SIN00858,denuncia,True,True,2025-03-14,False,False,
DOC003430,SIN00858,factura_taller,True,True,2025-03-14,False,False,
DOC003431,SIN00858,fotos,True,True,2025-03-14,False,False,
DOC003432,SIN00858,informe_perito,True,True,2025-03-14,False,False,
DOC003433,SIN00859,denuncia,True,True,2024-05-24,False,False,
DOC003434,SIN00859,factura_taller,True,True,2024-05-24,False,False,
DOC003435,SIN00859,fotos,True,True,2024-05-24,False,False,
DOC003436,SIN00859,informe_perito,True,True,2024-05-24,False,False,
DOC003437,SIN00860,denuncia,True,True,2024-07-15,False,False,
DOC003438,SIN00860,factura_taller,True,True,2024-07-15,False,False,
DOC003439,SIN00860,fotos,False,True,2024-07-15,False,False,
DOC003440,SIN00860,informe_perito,True,True,2024-07-15,False,False,
DOC003441,SIN00861,denuncia,True,True,2025-07-29,False,False,
DOC003442,SIN00861,factura_taller,True,True,2025-07-29,False,False,
DOC003443,SIN00861,fotos,True,True,2025-07-29,False,False,
DOC003444,SIN00861,informe_perito,True,True,2025-07-29,False,False,
DOC003445,SIN00862,denuncia,True,True,2025-12-24,False,False,
DOC003446,SIN00862,factura_taller,True,True,2025-12-24,True,False,
DOC003447,SIN00862,fotos,True,True,2025-12-24,False,False,
DOC003448,SIN00862,informe_perito,False,True,2025-12-24,False,False,
DOC003449,SIN00863,denuncia,True,True,2025-03-02,False,False,
DOC003450,SIN00863,factura_taller,True,True,2025-03-02,False,False,
DOC003451,SIN00863,fotos,True,True,2025-03-02,False,False,
DOC003452,SIN00863,informe_perito,True,True,2025-03-02,False,False,
DOC003453,SIN00864,denuncia,True,True,2024-12-31,False,False,
DOC003454,SIN00864,factura_taller,True,True,2024-12-31,False,False,
DOC003455,SIN00864,fotos,True,True,2024-12-31,False,False,
DOC003456,SIN00864,informe_perito,True,True,2024-12-31,False,False,
DOC003457,SIN00865,denuncia,True,True,2025-10-23,False,False,
DOC003458,SIN00865,factura_taller,True,True,2025-10-23,False,False,
DOC003459,SIN00865,fotos,True,True,2025-10-23,False,False,
DOC003460,SIN00865,informe_perito,True,True,2025-10-23,False,False,
DOC003461,SIN00866,denuncia,True,True,2025-09-06,False,False,
DOC003462,SIN00866,factura_taller,True,True,2025-09-06,False,False,
DOC003463,SIN00866,fotos,True,True,2025-09-06,False,False,
DOC003464,SIN00866,informe_perito,False,True,2025-09-06,False,False,
DOC003465,SIN00867,denuncia,True,True,2025-09-05,False,False,
DOC003466,SIN00867,factura_taller,True,True,2025-09-05,False,False,
DOC003467,SIN00867,fotos,True,True,2025-09-05,False,False,
DOC003468,SIN00867,informe_perito,True,True,2025-09-05,False,False,
DOC003469,SIN00868,denuncia,True,True,2025-10-21,False,False,
DOC003470,SIN00868,factura_taller,True,True,2025-10-21,False,False,
DOC003471,SIN00868,fotos,True,True,2025-10-21,False,False,
DOC003472,SIN00868,informe_perito,True,True,2025-10-21,False,False,
DOC003473,SIN00869,denuncia,True,True,2025-11-24,False,False,
DOC003474,SIN00869,factura_taller,True,True,2025-11-24,False,False,
DOC003475,SIN00869,fotos,True,True,2025-11-24,False,False,
DOC003476,SIN00869,informe_perito,True,True,2025-11-24,False,False,
DOC003477,SIN00870,denuncia,True,True,2026-02-20,False,False,
DOC003478,SIN00870,factura_taller,True,True,2026-02-20,False,False,
DOC003479,SIN00870,fotos,True,True,2026-02-20,False,False,
DOC003480,SIN00870,informe_perito,True,True,2026-02-20,False,False,
DOC003481,SIN00871,denuncia,False,True,2026-02-12,False,False,
DOC003482,SIN00871,factura_taller,True,True,2026-02-12,False,False,
DOC003483,SIN00871,fotos,True,True,2026-02-12,False,False,
DOC003484,SIN00871,informe_perito,True,True,2026-02-12,False,False,
DOC003485,SIN00872,denuncia,True,True,2026-02-18,False,False,
DOC003486,SIN00872,factura_taller,True,True,2026-02-18,False,False,
DOC003487,SIN00872,fotos,False,True,2026-02-18,False,False,
DOC003488,SIN00872,informe_perito,True,True,2026-02-18,False,False,
DOC003489,SIN00873,denuncia,True,True,2024-08-28,False,False,
DOC003490,SIN00873,factura_taller,True,False,2024-08-28,False,False,
DOC003491,SIN00873,fotos,True,True,2024-08-28,True,False,
DOC003492,SIN00873,informe_perito,True,True,2024-08-28,False,False,
DOC003493,SIN00874,denuncia,True,True,2025-10-12,False,False,
DOC003494,SIN00874,factura_taller,True,True,2025-10-12,False,False,
DOC003495,SIN00874,fotos,True,True,2025-10-12,False,False,
DOC003496,SIN00874,informe_perito,True,True,2025-10-12,False,False,
DOC003497,SIN00875,denuncia,True,True,2025-05-13,False,False,
DOC003498,SIN00875,factura_taller,True,True,2025-05-13,False,False,
DOC003499,SIN00875,fotos,True,True,2025-05-13,False,False,
DOC003500,SIN00875,informe_perito,True,True,2025-05-13,False,False,
DOC003501,SIN00876,denuncia,False,False,2025-07-02,False,False,
DOC003502,SIN00876,factura_taller,True,False,2025-07-02,False,False,
DOC003503,SIN00876,fotos,True,False,2025-07-02,True,False,
DOC003504,SIN00876,informe_perito,True,True,2025-07-02,True,False,
DOC003505,SIN00877,denuncia,True,True,2025-06-15,False,False,
DOC003506,SIN00877,factura_taller,True,True,2025-06-15,False,False,
DOC003507,SIN00877,fotos,True,True,2025-06-15,False,False,
DOC003508,SIN00877,informe_perito,True,True,2025-06-15,False,False,
DOC003509,SIN00878,denuncia,True,True,2025-08-09,False,False,
DOC003510,SIN00878,factura_taller,True,True,2025-08-09,False,False,
DOC003511,SIN00878,fotos,True,True,2025-08-09,False,False,
DOC003512,SIN00878,informe_perito,True,True,2025-08-09,False,False,
DOC003513,SIN00879,denuncia,True,True,2025-06-23,False,False,
DOC003514,SIN00879,factura_taller,False,True,2025-06-23,False,False,
DOC003515,SIN00879,fotos,True,True,2025-06-23,False,False,
DOC003516,SIN00879,informe_perito,True,True,2025-06-23,False,False,
DOC003517,SIN00880,denuncia,True,True,2024-04-27,False,False,
DOC003518,SIN00880,factura_taller,True,True,2024-04-27,False,False,
DOC003519,SIN00880,fotos,True,True,2024-04-27,False,False,
DOC003520,SIN00880,informe_perito,True,True,2024-04-27,False,False,
DOC003521,SIN00881,denuncia,True,True,2025-09-06,False,False,
DOC003522,SIN00881,factura_taller,True,True,2025-09-06,False,False,
DOC003523,SIN00881,fotos,True,True,2025-09-06,False,False,
DOC003524,SIN00881,informe_perito,False,True,2025-09-06,False,False,
DOC003525,SIN00882,denuncia,True,True,2026-02-17,False,False,
DOC003526,SIN00882,factura_taller,True,False,2026-02-17,False,False,
DOC003527,SIN00882,fotos,True,True,2026-02-17,False,False,
DOC003528,SIN00882,informe_perito,True,True,2026-02-17,False,False,
DOC003529,SIN00883,denuncia,True,True,2025-11-17,False,False,
DOC003530,SIN00883,factura_taller,True,True,2025-11-17,False,False,
DOC003531,SIN00883,fotos,True,True,2025-11-17,False,False,
DOC003532,SIN00883,informe_perito,True,True,2025-11-17,False,False,
DOC003533,SIN00884,denuncia,True,True,2024-08-17,False,False,
DOC003534,SIN00884,factura_taller,True,False,2024-08-17,False,False,
DOC003535,SIN00884,fotos,True,True,2024-08-17,False,False,
DOC003536,SIN00884,informe_perito,True,True,2024-08-17,False,False,
DOC003537,SIN00885,denuncia,True,True,2025-11-05,False,False,
DOC003538,SIN00885,factura_taller,True,True,2025-11-05,False,False,
DOC003539,SIN00885,fotos,True,True,2025-11-05,False,False,
DOC003540,SIN00885,informe_perito,True,True,2025-11-05,False,False,
DOC003541,SIN00886,denuncia,True,True,2025-09-15,False,False,
DOC003542,SIN00886,factura_taller,True,False,2025-09-15,False,False,
DOC003543,SIN00886,fotos,True,True,2025-09-15,False,False,
DOC003544,SIN00886,informe_perito,True,True,2025-09-15,False,False,
DOC003545,SIN00887,denuncia,True,True,2024-11-11,False,False,
DOC003546,SIN00887,factura_taller,False,True,2024-11-11,False,False,
DOC003547,SIN00887,fotos,True,True,2024-11-11,False,False,
DOC003548,SIN00887,informe_perito,True,False,2024-11-11,False,False,
DOC003549,SIN00888,denuncia,True,False,2025-04-19,False,False,
DOC003550,SIN00888,factura_taller,False,False,2025-04-19,False,False,
DOC003551,SIN00888,fotos,False,True,2025-04-19,False,False,
DOC003552,SIN00888,informe_perito,True,False,2025-04-19,False,False,
DOC003553,SIN00889,denuncia,True,True,2025-07-30,False,False,
DOC003554,SIN00889,factura_taller,True,True,2025-07-30,False,False,
DOC003555,SIN00889,fotos,True,True,2025-07-30,False,False,
DOC003556,SIN00889,informe_perito,True,True,2025-07-30,False,False,
DOC003557,SIN00890,denuncia,True,True,2024-05-04,False,False,
DOC003558,SIN00890,factura_taller,True,True,2024-05-04,False,False,
DOC003559,SIN00890,fotos,True,True,2024-05-04,False,False,
DOC003560,SIN00890,informe_perito,True,True,2024-05-04,False,False,
DOC003561,SIN00891,denuncia,True,True,2025-11-03,False,False,
DOC003562,SIN00891,factura_taller,True,True,2025-11-03,False,False,
DOC003563,SIN00891,fotos,True,True,2025-11-03,False,False,
DOC003564,SIN00891,informe_perito,True,True,2025-11-03,False,False,
DOC003565,SIN00892,denuncia,False,True,2025-06-04,False,False,
DOC003566,SIN00892,factura_taller,True,True,2025-06-04,False,False,
DOC003567,SIN00892,fotos,False,True,2025-06-04,False,False,
DOC003568,SIN00892,informe_perito,True,True,2025-06-04,False,False,
DOC003569,SIN00893,denuncia,True,True,2025-04-03,False,False,
DOC003570,SIN00893,factura_taller,True,True,2025-04-03,False,False,
DOC003571,SIN00893,fotos,True,True,2025-04-03,False,False,
DOC003572,SIN00893,informe_perito,True,True,2025-04-03,False,False,
DOC003573,SIN00894,denuncia,True,True,2025-04-03,False,False,
DOC003574,SIN00894,factura_taller,True,True,2025-04-03,False,False,
DOC003575,SIN00894,fotos,True,True,2025-04-03,False,False,
DOC003576,SIN00894,informe_perito,True,True,2025-04-03,False,False,
DOC003577,SIN00895,denuncia,True,True,2024-12-23,False,False,
DOC003578,SIN00895,factura_taller,True,True,2024-12-23,False,False,
DOC003579,SIN00895,fotos,True,True,2024-12-23,True,False,
DOC003580,SIN00895,informe_perito,True,True,2024-12-23,False,False,
DOC003581,SIN00896,denuncia,True,True,2026-01-27,False,False,
DOC003582,SIN00896,factura_taller,True,True,2026-01-27,False,False,
DOC003583,SIN00896,fotos,True,True,2026-01-27,False,False,
DOC003584,SIN00896,informe_perito,True,True,2026-01-27,False,False,
DOC003585,SIN00897,denuncia,True,True,2025-11-28,False,False,
DOC003586,SIN00897,factura_taller,True,True,2025-11-28,False,False,
DOC003587,SIN00897,fotos,True,True,2025-11-28,False,False,
DOC003588,SIN00897,informe_perito,True,True,2025-11-28,False,False,
DOC003589,SIN00898,denuncia,True,True,2026-06-17,False,False,
DOC003590,SIN00898,factura_taller,True,True,2026-06-17,False,False,
DOC003591,SIN00898,fotos,True,True,2026-06-17,False,False,
DOC003592,SIN00898,informe_perito,True,True,2026-06-17,False,False,
DOC003593,SIN00899,denuncia,True,True,2025-08-11,False,False,
DOC003594,SIN00899,factura_taller,True,True,2025-08-11,False,False,
DOC003595,SIN00899,fotos,False,True,2025-08-11,False,False,
DOC003596,SIN00899,informe_perito,True,True,2025-08-11,False,False,
DOC003597,SIN00900,denuncia,True,True,2024-09-26,False,False,
DOC003598,SIN00900,factura_taller,True,True,2024-09-26,False,False,
DOC003599,SIN00900,fotos,True,True,2024-09-26,False,False,
DOC003600,SIN00900,informe_perito,True,True,2024-09-26,False,False,
DOC003601,SIN00901,denuncia,True,False,2025-09-28,False,False,
DOC003602,SIN00901,factura_taller,True,True,2025-09-28,False,False,
DOC003603,SIN00901,fotos,True,True,2025-09-28,False,False,
DOC003604,SIN00901,informe_perito,True,True,2025-09-28,False,False,
DOC003605,SIN00902,denuncia,True,True,2025-04-23,False,False,
DOC003606,SIN00902,factura_taller,True,True,2025-04-23,False,False,
DOC003607,SIN00902,fotos,True,True,2025-04-23,False,False,
DOC003608,SIN00902,informe_perito,True,True,2025-04-23,True,False,
DOC003609,SIN00903,denuncia,True,True,2024-05-23,False,False,
DOC003610,SIN00903,factura_taller,True,True,2024-05-23,False,False,
DOC003611,SIN00903,fotos,True,True,2024-05-23,False,False,
DOC003612,SIN00903,informe_perito,True,True,2024-05-23,False,False,
DOC003613,SIN00904,denuncia,True,True,2025-08-24,False,False,
DOC003614,SIN00904,factura_taller,True,True,2025-08-24,False,False,
DOC003615,SIN00904,fotos,True,True,2025-08-24,False,False,
DOC003616,SIN00904,informe_perito,True,True,2025-08-24,False,False,
DOC003617,SIN00905,denuncia,True,True,2025-09-18,False,False,
DOC003618,SIN00905,factura_taller,True,True,2025-09-18,False,False,
DOC003619,SIN00905,fotos,True,True,2025-09-18,False,False,
DOC003620,SIN00905,informe_perito,True,True,2025-09-18,False,False,
DOC003621,SIN00906,denuncia,True,True,2025-05-27,True,False,
DOC003622,SIN00906,factura_taller,True,True,2025-05-27,True,False,
DOC003623,SIN00906,fotos,True,True,2025-05-27,False,False,
DOC003624,SIN00906,informe_perito,True,True,2025-05-27,False,False,
DOC003625,SIN00907,denuncia,True,True,2026-01-23,False,False,
DOC003626,SIN00907,factura_taller,True,False,2026-01-23,False,False,
DOC003627,SIN00907,fotos,True,True,2026-01-23,False,False,
DOC003628,SIN00907,informe_perito,True,True,2026-01-23,False,False,
DOC003629,SIN00908,denuncia,True,True,2025-07-25,False,False,
DOC003630,SIN00908,factura_taller,True,True,2025-07-25,False,False,
DOC003631,SIN00908,fotos,True,True,2025-07-25,False,False,
DOC003632,SIN00908,informe_perito,True,True,2025-07-25,False,False,
DOC003633,SIN00909,denuncia,True,True,2026-02-26,False,False,
DOC003634,SIN00909,factura_taller,True,True,2026-02-26,False,False,
DOC003635,SIN00909,fotos,True,True,2026-02-26,False,False,
DOC003636,SIN00909,informe_perito,True,True,2026-02-26,False,False,
DOC003637,SIN00910,denuncia,True,True,2025-10-07,False,False,
DOC003638,SIN00910,factura_taller,True,True,2025-10-07,False,False,
DOC003639,SIN00910,fotos,True,True,2025-10-07,False,False,
DOC003640,SIN00910,informe_perito,True,True,2025-10-07,False,False,
DOC003641,SIN00911,denuncia,True,True,2025-03-19,False,False,
DOC003642,SIN00911,factura_taller,True,True,2025-03-19,False,False,
DOC003643,SIN00911,fotos,True,True,2025-03-19,False,False,
DOC003644,SIN00911,informe_perito,True,True,2025-03-19,False,False,
DOC003645,SIN00912,denuncia,True,True,2026-04-12,False,False,
DOC003646,SIN00912,factura_taller,True,True,2026-04-12,False,False,
DOC003647,SIN00912,fotos,True,True,2026-04-12,True,False,
DOC003648,SIN00912,informe_perito,True,True,2026-04-12,False,False,
DOC003649,SIN00913,denuncia,True,True,2024-12-12,False,False,
DOC003650,SIN00913,factura_taller,True,True,2024-12-12,False,False,
DOC003651,SIN00913,fotos,True,True,2024-12-12,False,False,
DOC003652,SIN00913,informe_perito,True,True,2024-12-12,False,False,
DOC003653,SIN00914,denuncia,True,True,2025-06-27,False,False,
DOC003654,SIN00914,factura_taller,True,False,2025-06-27,False,False,
DOC003655,SIN00914,fotos,True,True,2025-06-27,False,False,
DOC003656,SIN00914,informe_perito,True,True,2025-06-27,False,False,
DOC003657,SIN00915,denuncia,True,True,2026-03-14,False,False,
DOC003658,SIN00915,factura_taller,True,True,2026-03-14,False,False,
DOC003659,SIN00915,fotos,True,True,2026-03-14,False,False,
DOC003660,SIN00915,informe_perito,True,True,2026-03-14,False,False,
DOC003661,SIN00916,denuncia,True,True,2024-07-02,False,False,
DOC003662,SIN00916,factura_taller,True,True,2024-07-02,False,False,
DOC003663,SIN00916,fotos,True,True,2024-07-02,False,False,
DOC003664,SIN00916,informe_perito,True,True,2024-07-02,False,False,
DOC003665,SIN00917,denuncia,True,True,2024-07-03,False,False,
DOC003666,SIN00917,factura_taller,True,True,2024-07-03,False,False,
DOC003667,SIN00917,fotos,True,True,2024-07-03,False,False,
DOC003668,SIN00917,informe_perito,True,True,2024-07-03,False,False,
DOC003669,SIN00918,denuncia,True,True,2025-01-24,False,False,
DOC003670,SIN00918,factura_taller,True,True,2025-01-24,False,False,
DOC003671,SIN00918,fotos,True,True,2025-01-24,False,False,
DOC003672,SIN00918,informe_perito,True,True,2025-01-24,False,False,
DOC003673,SIN00919,denuncia,True,True,2025-12-21,True,False,
DOC003674,SIN00919,factura_taller,True,True,2025-12-21,False,False,
DOC003675,SIN00919,fotos,True,True,2025-12-21,False,False,
DOC003676,SIN00919,informe_perito,True,True,2025-12-21,False,False,
DOC003677,SIN00920,denuncia,True,True,2024-05-26,False,False,
DOC003678,SIN00920,factura_taller,True,True,2024-05-26,False,False,
DOC003679,SIN00920,fotos,True,True,2024-05-26,False,False,
DOC003680,SIN00920,informe_perito,True,True,2024-05-26,False,False,
DOC003681,SIN00921,denuncia,True,True,2025-02-22,False,False,
DOC003682,SIN00921,factura_taller,True,True,2025-02-22,False,False,
DOC003683,SIN00921,fotos,True,True,2025-02-22,False,False,
DOC003684,SIN00921,informe_perito,True,True,2025-02-22,False,False,
DOC003685,SIN00922,denuncia,True,True,2024-07-06,False,False,
DOC003686,SIN00922,factura_taller,True,True,2024-07-06,False,False,
DOC003687,SIN00922,fotos,True,True,2024-07-06,False,False,
DOC003688,SIN00922,informe_perito,True,True,2024-07-06,False,False,
DOC003689,SIN00923,denuncia,True,True,2025-08-25,False,False,
DOC003690,SIN00923,factura_taller,True,True,2025-08-25,False,False,
DOC003691,SIN00923,fotos,True,True,2025-08-25,False,False,
DOC003692,SIN00923,informe_perito,True,True,2025-08-25,False,False,
DOC003693,SIN00924,denuncia,True,True,2025-11-24,False,False,
DOC003694,SIN00924,factura_taller,True,True,2025-11-24,False,False,
DOC003695,SIN00924,fotos,True,True,2025-11-24,False,False,
DOC003696,SIN00924,informe_perito,True,True,2025-11-24,False,False,
DOC003697,SIN00925,denuncia,True,True,2024-01-30,False,False,
DOC003698,SIN00925,factura_taller,True,True,2024-01-30,False,False,
DOC003699,SIN00925,fotos,True,True,2024-01-30,False,False,
DOC003700,SIN00925,informe_perito,True,True,2024-01-30,False,False,
DOC003701,SIN00926,denuncia,False,True,2024-02-08,False,False,
DOC003702,SIN00926,factura_taller,True,True,2024-02-08,True,False,
DOC003703,SIN00926,fotos,True,True,2024-02-08,False,False,
DOC003704,SIN00926,informe_perito,True,True,2024-02-08,False,False,
DOC003705,SIN00927,denuncia,True,True,2024-10-28,False,False,
DOC003706,SIN00927,factura_taller,True,True,2024-10-28,False,False,
DOC003707,SIN00927,fotos,True,True,2024-10-28,False,False,
DOC003708,SIN00927,informe_perito,True,True,2024-10-28,False,False,
DOC003709,SIN00928,denuncia,True,True,2024-02-04,False,False,
DOC003710,SIN00928,factura_taller,True,True,2024-02-04,True,False,
DOC003711,SIN00928,fotos,True,True,2024-02-04,False,False,
DOC003712,SIN00928,informe_perito,True,True,2024-02-04,False,False,
DOC003713,SIN00929,denuncia,False,True,2024-03-12,False,False,
DOC003714,SIN00929,factura_taller,True,True,2024-03-12,False,False,
DOC003715,SIN00929,fotos,True,True,2024-03-12,False,False,
DOC003716,SIN00929,informe_perito,True,False,2024-03-12,False,False,
DOC003717,SIN00930,denuncia,True,True,2025-11-22,False,False,
DOC003718,SIN00930,factura_taller,True,True,2025-11-22,False,False,
DOC003719,SIN00930,fotos,True,True,2025-11-22,False,False,
DOC003720,SIN00930,informe_perito,False,True,2025-11-22,False,False,
DOC003721,SIN00931,denuncia,True,True,2024-04-22,False,False,
DOC003722,SIN00931,factura_taller,True,True,2024-04-22,False,False,
DOC003723,SIN00931,fotos,True,False,2024-04-22,False,False,
DOC003724,SIN00931,informe_perito,True,True,2024-04-22,False,False,
DOC003725,SIN00932,denuncia,True,True,2026-04-23,False,False,
DOC003726,SIN00932,factura_taller,True,True,2026-04-23,False,False,
DOC003727,SIN00932,fotos,True,True,2026-04-23,False,False,
DOC003728,SIN00932,informe_perito,True,True,2026-04-23,False,False,
DOC003729,SIN00933,denuncia,True,True,2025-08-09,False,False,
DOC003730,SIN00933,factura_taller,True,True,2025-08-09,False,False,
DOC003731,SIN00933,fotos,True,True,2025-08-09,False,False,
DOC003732,SIN00933,informe_perito,True,True,2025-08-09,False,False,
DOC003733,SIN00934,denuncia,True,True,2024-09-29,False,False,
DOC003734,SIN00934,factura_taller,True,True,2024-09-29,False,False,
DOC003735,SIN00934,fotos,True,True,2024-09-29,False,False,
DOC003736,SIN00934,informe_perito,True,True,2024-09-29,False,False,
DOC003737,SIN00935,denuncia,True,True,2024-12-24,False,False,
DOC003738,SIN00935,factura_taller,True,True,2024-12-24,False,False,
DOC003739,SIN00935,fotos,True,True,2024-12-24,False,False,
DOC003740,SIN00935,informe_perito,True,True,2024-12-24,False,False,
DOC003741,SIN00936,denuncia,True,True,2026-02-02,False,False,
DOC003742,SIN00936,factura_taller,True,True,2026-02-02,False,False,
DOC003743,SIN00936,fotos,True,True,2026-02-02,False,False,
DOC003744,SIN00936,informe_perito,True,True,2026-02-02,False,False,
DOC003745,SIN00937,denuncia,False,True,2025-01-25,True,False,
DOC003746,SIN00937,factura_taller,True,True,2025-01-25,True,True,Alteracion simulada para demo
DOC003747,SIN00937,fotos,True,True,2025-01-25,False,False,
DOC003748,SIN00937,informe_perito,False,True,2025-01-25,False,False,
DOC003749,SIN00938,denuncia,True,True,2026-03-08,False,False,
DOC003750,SIN00938,factura_taller,True,True,2026-03-08,True,False,
DOC003751,SIN00938,fotos,True,True,2026-03-08,False,False,
DOC003752,SIN00938,informe_perito,True,True,2026-03-08,False,False,
DOC003753,SIN00939,denuncia,True,True,2025-03-09,False,False,
DOC003754,SIN00939,factura_taller,True,True,2025-03-09,False,False,
DOC003755,SIN00939,fotos,False,True,2025-03-09,False,False,
DOC003756,SIN00939,informe_perito,True,True,2025-03-09,False,False,
DOC003757,SIN00940,denuncia,True,True,2025-12-27,False,False,
DOC003758,SIN00940,factura_taller,True,True,2025-12-27,False,False,
DOC003759,SIN00940,fotos,True,True,2025-12-27,False,False,
DOC003760,SIN00940,informe_perito,True,True,2025-12-27,False,False,
DOC003761,SIN00941,denuncia,True,True,2026-06-13,True,False,
DOC003762,SIN00941,factura_taller,True,False,2026-06-13,False,False,
DOC003763,SIN00941,fotos,False,True,2026-06-13,False,False,
DOC003764,SIN00941,informe_perito,True,True,2026-06-13,True,False,
DOC003765,SIN00942,denuncia,False,True,2025-06-14,True,False,
DOC003766,SIN00942,factura_taller,True,True,2025-06-14,False,False,
DOC003767,SIN00942,fotos,True,True,2025-06-14,False,False,
DOC003768,SIN00942,informe_perito,True,True,2025-06-14,False,False,
DOC003769,SIN00943,denuncia,True,True,2024-08-24,False,False,
DOC003770,SIN00943,factura_taller,True,True,2024-08-24,False,False,
DOC003771,SIN00943,fotos,True,True,2024-08-24,False,False,
DOC003772,SIN00943,informe_perito,True,True,2024-08-24,False,False,
DOC003773,SIN00944,denuncia,True,True,2024-12-12,False,False,
DOC003774,SIN00944,factura_taller,True,True,2024-12-12,False,False,
DOC003775,SIN00944,fotos,True,True,2024-12-12,False,False,
DOC003776,SIN00944,informe_perito,True,True,2024-12-12,False,False,
DOC003777,SIN00945,denuncia,False,True,2024-11-29,False,False,
DOC003778,SIN00945,factura_taller,True,True,2024-11-29,False,False,
DOC003779,SIN00945,fotos,True,True,2024-11-29,False,False,
DOC003780,SIN00945,informe_perito,True,True,2024-11-29,False,False,
DOC003781,SIN00946,denuncia,True,True,2025-02-17,False,False,
DOC003782,SIN00946,factura_taller,True,True,2025-02-17,False,False,
DOC003783,SIN00946,fotos,True,True,2025-02-17,False,False,
DOC003784,SIN00946,informe_perito,True,True,2025-02-17,False,False,
DOC003785,SIN00947,denuncia,True,True,2024-03-23,False,False,
DOC003786,SIN00947,factura_taller,True,True,2024-03-23,True,False,
DOC003787,SIN00947,fotos,True,True,2024-03-23,False,False,
DOC003788,SIN00947,informe_perito,True,True,2024-03-23,False,False,
DOC003789,SIN00948,denuncia,True,True,2026-01-31,False,False,
DOC003790,SIN00948,factura_taller,True,False,2026-01-31,False,False,
DOC003791,SIN00948,fotos,True,True,2026-01-31,False,False,
DOC003792,SIN00948,informe_perito,True,True,2026-01-31,False,False,
DOC003793,SIN00949,denuncia,True,True,2026-03-24,False,False,
DOC003794,SIN00949,factura_taller,True,True,2026-03-24,False,False,
DOC003795,SIN00949,fotos,True,True,2026-03-24,False,False,
DOC003796,SIN00949,informe_perito,True,True,2026-03-24,False,False,
DOC003797,SIN00950,denuncia,True,True,2026-03-03,False,False,
DOC003798,SIN00950,factura_taller,True,True,2026-03-03,False,False,
DOC003799,SIN00950,fotos,True,True,2026-03-03,False,False,
DOC003800,SIN00950,informe_perito,True,True,2026-03-03,False,False,
DOC003801,SIN00951,denuncia,True,True,2026-05-29,False,False,
DOC003802,SIN00951,factura_taller,True,True,2026-05-29,False,False,
DOC003803,SIN00951,fotos,True,True,2026-05-29,False,False,
DOC003804,SIN00951,informe_perito,True,True,2026-05-29,False,False,
DOC003805,SIN00952,denuncia,True,True,2024-12-22,False,False,
DOC003806,SIN00952,factura_taller,True,True,2024-12-22,False,False,
DOC003807,SIN00952,fotos,True,True,2024-12-22,False,False,
DOC003808,SIN00952,informe_perito,True,True,2024-12-22,True,False,
DOC003809,SIN00953,denuncia,True,True,2025-10-11,False,False,
DOC003810,SIN00953,factura_taller,True,True,2025-10-11,False,False,
DOC003811,SIN00953,fotos,True,True,2025-10-11,False,False,
DOC003812,SIN00953,informe_perito,True,True,2025-10-11,False,False,
DOC003813,SIN00954,denuncia,True,True,2026-04-22,False,False,
DOC003814,SIN00954,factura_taller,True,True,2026-04-22,False,False,
DOC003815,SIN00954,fotos,True,True,2026-04-22,False,False,
DOC003816,SIN00954,informe_perito,True,True,2026-04-22,False,False,
DOC003817,SIN00955,denuncia,True,True,2025-12-11,True,False,
DOC003818,SIN00955,factura_taller,True,True,2025-12-11,False,False,
DOC003819,SIN00955,fotos,True,True,2025-12-11,False,False,
DOC003820,SIN00955,informe_perito,True,True,2025-12-11,False,False,
DOC003821,SIN00956,denuncia,True,False,2025-01-11,False,False,
DOC003822,SIN00956,factura_taller,True,True,2025-01-11,False,False,
DOC003823,SIN00956,fotos,True,True,2025-01-11,False,False,
DOC003824,SIN00956,informe_perito,True,True,2025-01-11,False,False,
DOC003825,SIN00957,denuncia,True,True,2026-01-25,False,False,
DOC003826,SIN00957,factura_taller,True,True,2026-01-25,False,False,
DOC003827,SIN00957,fotos,True,True,2026-01-25,False,False,
DOC003828,SIN00957,informe_perito,True,True,2026-01-25,False,False,
DOC003829,SIN00958,denuncia,True,True,2026-04-21,False,False,
DOC003830,SIN00958,factura_taller,True,False,2026-04-21,False,False,
DOC003831,SIN00958,fotos,True,True,2026-04-21,True,False,
DOC003832,SIN00958,informe_perito,True,True,2026-04-21,False,False,
DOC003833,SIN00959,denuncia,True,True,2025-07-12,False,False,
DOC003834,SIN00959,factura_taller,True,True,2025-07-12,False,False,
DOC003835,SIN00959,fotos,True,True,2025-07-12,False,False,
DOC003836,SIN00959,informe_perito,True,True,2025-07-12,False,False,
DOC003837,SIN00960,denuncia,True,True,2026-01-08,False,False,
DOC003838,SIN00960,factura_taller,True,False,2026-01-08,False,False,
DOC003839,SIN00960,fotos,True,True,2026-01-08,False,False,
DOC003840,SIN00960,informe_perito,True,False,2026-01-08,False,False,
DOC003841,SIN00961,denuncia,True,True,2024-11-03,False,False,
DOC003842,SIN00961,factura_taller,True,True,2024-11-03,False,False,
DOC003843,SIN00961,fotos,True,True,2024-11-03,False,False,
DOC003844,SIN00961,informe_perito,True,True,2024-11-03,False,False,
DOC003845,SIN00962,denuncia,True,True,2025-06-24,False,False,
DOC003846,SIN00962,factura_taller,True,True,2025-06-24,False,False,
DOC003847,SIN00962,fotos,True,True,2025-06-24,False,False,
DOC003848,SIN00962,informe_perito,True,True,2025-06-24,False,False,
DOC003849,SIN00963,denuncia,True,True,2024-08-10,False,False,
DOC003850,SIN00963,factura_taller,True,True,2024-08-10,False,False,
DOC003851,SIN00963,fotos,False,True,2024-08-10,False,False,
DOC003852,SIN00963,informe_perito,True,True,2024-08-10,False,False,
DOC003853,SIN00964,denuncia,True,True,2026-04-23,False,False,
DOC003854,SIN00964,factura_taller,True,True,2026-04-23,False,False,
DOC003855,SIN00964,fotos,True,True,2026-04-23,False,False,
DOC003856,SIN00964,informe_perito,True,True,2026-04-23,False,False,
DOC003857,SIN00965,denuncia,True,True,2025-02-19,False,False,
DOC003858,SIN00965,factura_taller,True,True,2025-02-19,False,False,
DOC003859,SIN00965,fotos,True,True,2025-02-19,False,False,
DOC003860,SIN00965,informe_perito,True,True,2025-02-19,False,False,
DOC003861,SIN00966,denuncia,True,True,2026-03-06,False,False,
DOC003862,SIN00966,factura_taller,True,True,2026-03-06,False,False,
DOC003863,SIN00966,fotos,True,True,2026-03-06,False,False,
DOC003864,SIN00966,informe_perito,True,True,2026-03-06,False,False,
DOC003865,SIN00967,denuncia,True,True,2024-08-23,False,False,
DOC003866,SIN00967,factura_taller,True,True,2024-08-23,False,False,
DOC003867,SIN00967,fotos,True,True,2024-08-23,False,False,
DOC003868,SIN00967,informe_perito,True,True,2024-08-23,False,False,
DOC003869,SIN00968,denuncia,True,True,2025-03-11,False,False,
DOC003870,SIN00968,factura_taller,True,True,2025-03-11,False,False,
DOC003871,SIN00968,fotos,True,False,2025-03-11,False,False,
DOC003872,SIN00968,informe_perito,True,True,2025-03-11,False,False,
DOC003873,SIN00969,denuncia,True,True,2025-05-09,False,False,
DOC003874,SIN00969,factura_taller,True,True,2025-05-09,False,False,
DOC003875,SIN00969,fotos,True,True,2025-05-09,True,False,
DOC003876,SIN00969,informe_perito,True,True,2025-05-09,False,False,
DOC003877,SIN00970,denuncia,True,True,2024-11-17,False,False,
DOC003878,SIN00970,factura_taller,True,True,2024-11-17,False,False,
DOC003879,SIN00970,fotos,True,True,2024-11-17,False,False,
DOC003880,SIN00970,informe_perito,True,True,2024-11-17,False,False,
DOC003881,SIN00971,denuncia,True,True,2025-06-26,False,False,
DOC003882,SIN00971,factura_taller,True,True,2025-06-26,False,False,
DOC003883,SIN00971,fotos,True,True,2025-06-26,False,False,
DOC003884,SIN00971,informe_perito,True,True,2025-06-26,False,False,
DOC003885,SIN00972,denuncia,True,True,2025-08-26,False,False,
DOC003886,SIN00972,factura_taller,True,True,2025-08-26,False,False,
DOC003887,SIN00972,fotos,True,True,2025-08-26,False,False,
DOC003888,SIN00972,informe_perito,True,True,2025-08-26,False,False,
DOC003889,SIN00973,denuncia,True,True,2024-07-09,False,False,
DOC003890,SIN00973,factura_taller,True,False,2024-07-09,False,False,
DOC003891,SIN00973,fotos,False,True,2024-07-09,False,False,
DOC003892,SIN00973,informe_perito,True,True,2024-07-09,False,False,
DOC003893,SIN00974,denuncia,True,True,2024-11-18,False,False,
DOC003894,SIN00974,factura_taller,True,True,2024-11-18,False,False,
DOC003895,SIN00974,fotos,True,True,2024-11-18,False,False,
DOC003896,SIN00974,informe_perito,True,True,2024-11-18,False,False,
DOC003897,SIN00975,denuncia,True,True,2025-03-02,True,False,
DOC003898,SIN00975,factura_taller,True,False,2025-03-02,True,False,
DOC003899,SIN00975,fotos,True,False,2025-03-02,True,False,
DOC003900,SIN00975,informe_perito,True,True,2025-03-02,True,False,
DOC003901,SIN00976,denuncia,True,True,2025-05-26,False,False,
DOC003902,SIN00976,factura_taller,True,True,2025-05-26,False,False,
DOC003903,SIN00976,fotos,True,True,2025-05-26,False,False,
DOC003904,SIN00976,informe_perito,True,True,2025-05-26,True,False,
DOC003905,SIN00977,denuncia,True,True,2026-01-02,False,False,
DOC003906,SIN00977,factura_taller,True,True,2026-01-02,False,False,
DOC003907,SIN00977,fotos,True,True,2026-01-02,False,False,
DOC003908,SIN00977,informe_perito,True,True,2026-01-02,False,False,
DOC003909,SIN00978,denuncia,True,True,2024-05-11,False,False,
DOC003910,SIN00978,factura_taller,True,True,2024-05-11,False,False,
DOC003911,SIN00978,fotos,True,True,2024-05-11,False,False,
DOC003912,SIN00978,informe_perito,True,True,2024-05-11,False,False,
DOC003913,SIN00979,denuncia,True,True,2025-12-16,False,False,
DOC003914,SIN00979,factura_taller,True,True,2025-12-16,False,False,
DOC003915,SIN00979,fotos,False,True,2025-12-16,False,False,
DOC003916,SIN00979,informe_perito,True,True,2025-12-16,False,False,
DOC003917,SIN00980,denuncia,True,True,2025-03-17,False,False,
DOC003918,SIN00980,factura_taller,True,True,2025-03-17,False,False,
DOC003919,SIN00980,fotos,True,True,2025-03-17,False,False,
DOC003920,SIN00980,informe_perito,True,True,2025-03-17,False,False,
DOC003921,SIN00981,denuncia,True,True,2025-01-08,False,False,
DOC003922,SIN00981,factura_taller,True,True,2025-01-08,False,False,
DOC003923,SIN00981,fotos,True,True,2025-01-08,False,False,
DOC003924,SIN00981,informe_perito,True,True,2025-01-08,False,False,
DOC003925,SIN00982,denuncia,True,True,2025-09-16,False,False,
DOC003926,SIN00982,factura_taller,True,True,2025-09-16,False,False,
DOC003927,SIN00982,fotos,True,True,2025-09-16,False,False,
DOC003928,SIN00982,informe_perito,True,True,2025-09-16,False,False,
DOC003929,SIN00983,denuncia,True,True,2025-05-17,False,False,
DOC003930,SIN00983,factura_taller,True,True,2025-05-17,False,False,
DOC003931,SIN00983,fotos,True,True,2025-05-17,True,False,
DOC003932,SIN00983,informe_perito,True,True,2025-05-17,False,False,
DOC003933,SIN00984,denuncia,True,True,2025-04-06,False,False,
DOC003934,SIN00984,factura_taller,True,False,2025-04-06,False,False,
DOC003935,SIN00984,fotos,True,True,2025-04-06,False,False,
DOC003936,SIN00984,informe_perito,True,True,2025-04-06,False,False,
DOC003937,SIN00985,denuncia,True,True,2024-10-09,False,False,
DOC003938,SIN00985,factura_taller,True,True,2024-10-09,False,False,
DOC003939,SIN00985,fotos,True,True,2024-10-09,False,False,
DOC003940,SIN00985,informe_perito,True,True,2024-10-09,False,False,
DOC003941,SIN00986,denuncia,True,True,2025-07-22,False,False,
DOC003942,SIN00986,factura_taller,True,True,2025-07-22,False,False,
DOC003943,SIN00986,fotos,True,True,2025-07-22,False,False,
DOC003944,SIN00986,informe_perito,True,True,2025-07-22,False,False,
DOC003945,SIN00987,denuncia,True,True,2024-06-25,False,False,
DOC003946,SIN00987,factura_taller,True,True,2024-06-25,False,False,
DOC003947,SIN00987,fotos,True,True,2024-06-25,False,False,
DOC003948,SIN00987,informe_perito,True,True,2024-06-25,False,False,
DOC003949,SIN00988,denuncia,True,True,2025-02-27,False,False,
DOC003950,SIN00988,factura_taller,True,True,2025-02-27,False,False,
DOC003951,SIN00988,fotos,True,True,2025-02-27,False,False,
DOC003952,SIN00988,informe_perito,True,True,2025-02-27,False,False,
DOC003953,SIN00989,denuncia,True,True,2025-09-12,False,False,
DOC003954,SIN00989,factura_taller,True,True,2025-09-12,False,False,
DOC003955,SIN00989,fotos,True,True,2025-09-12,False,False,
DOC003956,SIN00989,informe_perito,True,True,2025-09-12,False,False,
DOC003957,SIN00990,denuncia,True,True,2024-08-04,False,False,
DOC003958,SIN00990,factura_taller,True,True,2024-08-04,False,False,
DOC003959,SIN00990,fotos,True,True,2024-08-04,False,False,
DOC003960,SIN00990,informe_perito,True,True,2024-08-04,False,False,
DOC003961,SIN00991,denuncia,True,True,2025-03-23,False,False,
DOC003962,SIN00991,factura_taller,True,True,2025-03-23,False,False,
DOC003963,SIN00991,fotos,True,False,2025-03-23,False,False,
DOC003964,SIN00991,informe_perito,True,True,2025-03-23,False,False,
DOC003965,SIN00992,denuncia,True,True,2025-05-17,False,False,
DOC003966,SIN00992,factura_taller,True,True,2025-05-17,False,False,
DOC003967,SIN00992,fotos,True,True,2025-05-17,False,False,
DOC003968,SIN00992,informe_perito,True,True,2025-05-17,False,False,
DOC003969,SIN00993,denuncia,True,True,2025-05-23,False,False,
DOC003970,SIN00993,factura_taller,True,True,2025-05-23,False,False,
DOC003971,SIN00993,fotos,True,True,2025-05-23,False,False,
DOC003972,SIN00993,informe_perito,True,True,2025-05-23,False,False,
DOC003973,SIN00994,denuncia,True,True,2025-11-22,False,False,
DOC003974,SIN00994,factura_taller,True,True,2025-11-22,False,False,
DOC003975,SIN00994,fotos,True,True,2025-11-22,False,False,
DOC003976,SIN00994,informe_perito,True,True,2025-11-22,False,False,
DOC003977,SIN00995,denuncia,True,True,2024-11-11,False,False,
DOC003978,SIN00995,factura_taller,True,True,2024-11-11,False,False,
DOC003979,SIN00995,fotos,True,True,2024-11-11,False,False,
DOC003980,SIN00995,informe_perito,False,True,2024-11-11,False,False,
DOC003981,SIN00996,denuncia,True,True,2026-04-30,False,False,
DOC003982,SIN00996,factura_taller,True,True,2026-04-30,False,False,
DOC003983,SIN00996,fotos,True,True,2026-04-30,False,False,
DOC003984,SIN00996,informe_perito,True,True,2026-04-30,False,False,
DOC003985,SIN00997,denuncia,True,True,2025-06-11,False,False,
DOC003986,SIN00997,factura_taller,True,True,2025-06-11,False,False,
DOC003987,SIN00997,fotos,True,False,2025-06-11,False,False,
DOC003988,SIN00997,informe_perito,False,True,2025-06-11,False,False,
DOC003989,SIN00998,denuncia,True,True,2025-11-02,False,False,
DOC003990,SIN00998,factura_taller,True,True,2025-11-02,True,False,
DOC003991,SIN00998,fotos,True,True,2025-11-02,True,False,
DOC003992,SIN00998,informe_perito,True,True,2025-11-02,False,False,
DOC003993,SIN00999,denuncia,True,True,2025-07-28,False,False,
DOC003994,SIN00999,factura_taller,True,True,2025-07-28,False,False,
DOC003995,SIN00999,fotos,True,True,2025-07-28,False,False,
DOC003996,SIN00999,informe_perito,True,True,2025-07-28,True,False,
DOC003997,SIN01000,denuncia,True,True,2025-05-08,False,False,
DOC003998,SIN01000,factura_taller,True,True,2025-05-08,False,False,
DOC003999,SIN01000,fotos,True,True,2025-05-08,False,False,
DOC004000,SIN01000,informe_perito,True,True,2025-05-08,False,False,
DOC004001,SIN01001,factura_clinica,True,True,2024-07-22,False,False,
DOC004002,SIN01001,orden_medica,True,True,2024-07-22,False,False,
DOC004003,SIN01001,historia_clinica,True,True,2024-07-22,False,False,
DOC004004,SIN01002,factura_clinica,True,True,2025-11-30,False,False,
DOC004005,SIN01002,orden_medica,True,True,2025-11-30,False,False,
DOC004006,SIN01002,historia_clinica,False,True,2025-11-30,False,False,
DOC004007,SIN01003,factura_clinica,True,True,2024-04-21,False,False,
DOC004008,SIN01003,orden_medica,True,True,2024-04-21,False,False,
DOC004009,SIN01003,historia_clinica,True,True,2024-04-21,False,False,
DOC004010,SIN01004,factura_clinica,True,True,2025-07-20,False,False,
DOC004011,SIN01004,orden_medica,True,True,2025-07-20,True,False,
DOC004012,SIN01004,historia_clinica,True,True,2025-07-20,False,False,
DOC004013,SIN01005,factura_clinica,True,True,2025-10-10,False,False,
DOC004014,SIN01005,orden_medica,True,False,2025-10-10,False,False,
DOC004015,SIN01005,historia_clinica,True,True,2025-10-10,False,False,
DOC004016,SIN01006,factura_clinica,True,True,2025-09-25,False,False,
DOC004017,SIN01006,orden_medica,True,True,2025-09-25,False,False,
DOC004018,SIN01006,historia_clinica,True,True,2025-09-25,False,False,
DOC004019,SIN01007,factura_clinica,True,True,2024-12-05,False,False,
DOC004020,SIN01007,orden_medica,True,True,2024-12-05,False,False,
DOC004021,SIN01007,historia_clinica,True,True,2024-12-05,False,False,
DOC004022,SIN01008,factura_clinica,True,True,2024-09-24,False,False,
DOC004023,SIN01008,orden_medica,True,True,2024-09-24,False,False,
DOC004024,SIN01008,historia_clinica,True,True,2024-09-24,False,False,
DOC004025,SIN01009,factura_clinica,True,True,2025-04-28,False,False,
DOC004026,SIN01009,orden_medica,True,True,2025-04-28,False,False,
DOC004027,SIN01009,historia_clinica,True,True,2025-04-28,False,False,
DOC004028,SIN01010,factura_clinica,True,True,2024-11-01,False,False,
DOC004029,SIN01010,orden_medica,True,False,2024-11-01,True,False,
DOC004030,SIN01010,historia_clinica,True,True,2024-11-01,False,False,
DOC004031,SIN01011,factura_clinica,True,True,2025-02-16,False,False,
DOC004032,SIN01011,orden_medica,True,True,2025-02-16,False,False,
DOC004033,SIN01011,historia_clinica,True,True,2025-02-16,False,False,
DOC004034,SIN01012,factura_clinica,True,True,2026-03-17,False,False,
DOC004035,SIN01012,orden_medica,True,True,2026-03-17,False,False,
DOC004036,SIN01012,historia_clinica,True,True,2026-03-17,False,False,
DOC004037,SIN01013,factura_clinica,True,True,2025-10-19,False,False,
DOC004038,SIN01013,orden_medica,True,False,2025-10-19,False,False,
DOC004039,SIN01013,historia_clinica,True,True,2025-10-19,False,False,
DOC004040,SIN01014,factura_clinica,True,False,2025-09-28,False,False,
DOC004041,SIN01014,orden_medica,False,True,2025-09-28,True,False,
DOC004042,SIN01014,historia_clinica,True,True,2025-09-28,False,False,
DOC004043,SIN01015,factura_clinica,True,True,2024-12-13,False,False,
DOC004044,SIN01015,orden_medica,True,True,2024-12-13,False,False,
DOC004045,SIN01015,historia_clinica,False,True,2024-12-13,False,False,
DOC004046,SIN01016,factura_clinica,True,True,2025-10-14,False,False,
DOC004047,SIN01016,orden_medica,False,True,2025-10-14,False,False,
DOC004048,SIN01016,historia_clinica,True,True,2025-10-14,False,False,
DOC004049,SIN01017,factura_clinica,True,True,2025-04-01,False,False,
DOC004050,SIN01017,orden_medica,True,True,2025-04-01,False,False,
DOC004051,SIN01017,historia_clinica,True,True,2025-04-01,False,False,
DOC004052,SIN01018,factura_clinica,True,True,2025-02-05,False,False,
DOC004053,SIN01018,orden_medica,True,True,2025-02-05,False,False,
DOC004054,SIN01018,historia_clinica,True,True,2025-02-05,False,False,
DOC004055,SIN01019,factura_clinica,True,True,2024-06-17,True,False,
DOC004056,SIN01019,orden_medica,True,True,2024-06-17,False,False,
DOC004057,SIN01019,historia_clinica,True,True,2024-06-17,False,False,
DOC004058,SIN01020,factura_clinica,True,True,2025-02-18,False,False,
DOC004059,SIN01020,orden_medica,False,True,2025-02-18,False,False,
DOC004060,SIN01020,historia_clinica,True,True,2025-02-18,False,False,
DOC004061,SIN01021,factura_clinica,True,True,2024-08-10,False,False,
DOC004062,SIN01021,orden_medica,True,True,2024-08-10,False,False,
DOC004063,SIN01021,historia_clinica,True,True,2024-08-10,False,False,
DOC004064,SIN01022,factura_clinica,True,True,2024-09-01,False,False,
DOC004065,SIN01022,orden_medica,True,True,2024-09-01,False,False,
DOC004066,SIN01022,historia_clinica,True,True,2024-09-01,False,False,
DOC004067,SIN01023,factura_clinica,True,True,2025-05-15,False,False,
DOC004068,SIN01023,orden_medica,True,True,2025-05-15,False,False,
DOC004069,SIN01023,historia_clinica,True,True,2025-05-15,False,False,
DOC004070,SIN01024,factura_clinica,True,True,2024-12-24,False,False,
DOC004071,SIN01024,orden_medica,True,True,2024-12-24,False,False,
DOC004072,SIN01024,historia_clinica,True,True,2024-12-24,False,False,
DOC004073,SIN01025,factura_clinica,True,True,2025-02-18,False,False,
DOC004074,SIN01025,orden_medica,True,True,2025-02-18,False,False,
DOC004075,SIN01025,historia_clinica,True,True,2025-02-18,False,False,
DOC004076,SIN01026,factura_clinica,True,True,2024-08-25,False,False,
DOC004077,SIN01026,orden_medica,True,True,2024-08-25,False,False,
DOC004078,SIN01026,historia_clinica,True,True,2024-08-25,False,False,
DOC004079,SIN01027,factura_clinica,True,True,2025-02-06,False,False,
DOC004080,SIN01027,orden_medica,False,True,2025-02-06,False,False,
DOC004081,SIN01027,historia_clinica,False,True,2025-02-06,True,False,
DOC004082,SIN01028,factura_clinica,True,True,2025-02-24,False,False,
DOC004083,SIN01028,orden_medica,True,True,2025-02-24,False,False,
DOC004084,SIN01028,historia_clinica,True,False,2025-02-24,False,False,
DOC004085,SIN01029,factura_clinica,True,True,2024-10-05,True,False,
DOC004086,SIN01029,orden_medica,True,True,2024-10-05,False,False,
DOC004087,SIN01029,historia_clinica,True,True,2024-10-05,False,False,
DOC004088,SIN01030,factura_clinica,True,True,2025-10-19,False,False,
DOC004089,SIN01030,orden_medica,True,False,2025-10-19,False,False,
DOC004090,SIN01030,historia_clinica,True,True,2025-10-19,True,False,
DOC004091,SIN01031,factura_clinica,True,True,2024-10-28,False,False,
DOC004092,SIN01031,orden_medica,True,False,2024-10-28,False,False,
DOC004093,SIN01031,historia_clinica,True,True,2024-10-28,False,False,
DOC004094,SIN01032,factura_clinica,True,True,2024-09-12,False,False,
DOC004095,SIN01032,orden_medica,True,True,2024-09-12,True,False,
DOC004096,SIN01032,historia_clinica,True,True,2024-09-12,False,False,
DOC004097,SIN01033,factura_clinica,True,True,2025-04-30,False,False,
DOC004098,SIN01033,orden_medica,True,True,2025-04-30,False,False,
DOC004099,SIN01033,historia_clinica,True,True,2025-04-30,False,False,
DOC004100,SIN01034,factura_clinica,True,True,2025-12-31,False,False,
DOC004101,SIN01034,orden_medica,True,True,2025-12-31,False,False,
DOC004102,SIN01034,historia_clinica,True,True,2025-12-31,False,False,
DOC004103,SIN01035,factura_clinica,True,True,2024-10-14,True,False,
DOC004104,SIN01035,orden_medica,True,True,2024-10-14,False,False,
DOC004105,SIN01035,historia_clinica,True,True,2024-10-14,False,False,
DOC004106,SIN01036,factura_clinica,True,False,2024-02-02,False,False,
DOC004107,SIN01036,orden_medica,True,True,2024-02-02,False,False,
DOC004108,SIN01036,historia_clinica,True,True,2024-02-02,False,False,
DOC004109,SIN01037,factura_clinica,True,True,2024-08-10,False,False,
DOC004110,SIN01037,orden_medica,True,True,2024-08-10,False,False,
DOC004111,SIN01037,historia_clinica,True,True,2024-08-10,False,False,
DOC004112,SIN01038,factura_clinica,True,True,2025-09-02,False,False,
DOC004113,SIN01038,orden_medica,True,False,2025-09-02,False,False,
DOC004114,SIN01038,historia_clinica,True,True,2025-09-02,False,False,
DOC004115,SIN01039,factura_clinica,True,True,2025-01-21,False,False,
DOC004116,SIN01039,orden_medica,True,True,2025-01-21,False,False,
DOC004117,SIN01039,historia_clinica,True,True,2025-01-21,False,False,
DOC004118,SIN01040,factura_clinica,True,True,2025-07-05,False,False,
DOC004119,SIN01040,orden_medica,True,True,2025-07-05,False,False,
DOC004120,SIN01040,historia_clinica,True,True,2025-07-05,False,False,
DOC004121,SIN01041,factura_clinica,True,True,2024-11-19,False,False,
DOC004122,SIN01041,orden_medica,True,True,2024-11-19,False,False,
DOC004123,SIN01041,historia_clinica,True,True,2024-11-19,False,False,
DOC004124,SIN01042,factura_clinica,True,True,2026-03-16,False,False,
DOC004125,SIN01042,orden_medica,True,True,2026-03-16,False,False,
DOC004126,SIN01042,historia_clinica,True,False,2026-03-16,False,False,
DOC004127,SIN01043,factura_clinica,True,True,2025-03-23,False,False,
DOC004128,SIN01043,orden_medica,True,True,2025-03-23,False,False,
DOC004129,SIN01043,historia_clinica,True,True,2025-03-23,False,False,
DOC004130,SIN01044,factura_clinica,True,True,2025-06-21,False,False,
DOC004131,SIN01044,orden_medica,True,True,2025-06-21,False,False,
DOC004132,SIN01044,historia_clinica,True,True,2025-06-21,False,False,
DOC004133,SIN01045,factura_clinica,True,True,2025-02-10,False,False,
DOC004134,SIN01045,orden_medica,True,True,2025-02-10,False,False,
DOC004135,SIN01045,historia_clinica,True,True,2025-02-10,False,False,
DOC004136,SIN01046,factura_clinica,True,True,2025-04-30,False,False,
DOC004137,SIN01046,orden_medica,True,True,2025-04-30,False,False,
DOC004138,SIN01046,historia_clinica,True,True,2025-04-30,False,False,
DOC004139,SIN01047,factura_clinica,True,True,2024-11-13,False,False,
DOC004140,SIN01047,orden_medica,True,True,2024-11-13,True,False,
DOC004141,SIN01047,historia_clinica,True,True,2024-11-13,False,False,
DOC004142,SIN01048,factura_clinica,True,True,2024-10-07,False,False,
DOC004143,SIN01048,orden_medica,True,True,2024-10-07,False,False,
DOC004144,SIN01048,historia_clinica,True,True,2024-10-07,False,False,
DOC004145,SIN01049,factura_clinica,True,True,2025-06-23,False,False,
DOC004146,SIN01049,orden_medica,True,True,2025-06-23,False,False,
DOC004147,SIN01049,historia_clinica,True,True,2025-06-23,False,False,
DOC004148,SIN01050,factura_clinica,True,True,2025-05-03,False,False,
DOC004149,SIN01050,orden_medica,True,True,2025-05-03,False,False,
DOC004150,SIN01050,historia_clinica,True,True,2025-05-03,False,False,
DOC004151,SIN01051,factura_clinica,True,True,2025-09-04,False,False,
DOC004152,SIN01051,orden_medica,True,True,2025-09-04,False,False,
DOC004153,SIN01051,historia_clinica,False,True,2025-09-04,False,False,
DOC004154,SIN01052,factura_clinica,True,True,2025-08-01,False,False,
DOC004155,SIN01052,orden_medica,True,True,2025-08-01,False,False,
DOC004156,SIN01052,historia_clinica,True,True,2025-08-01,False,False,
DOC004157,SIN01053,factura_clinica,True,True,2025-10-28,False,False,
DOC004158,SIN01053,orden_medica,True,True,2025-10-28,False,False,
DOC004159,SIN01053,historia_clinica,True,True,2025-10-28,False,False,
DOC004160,SIN01054,factura_clinica,True,True,2025-09-16,False,False,
DOC004161,SIN01054,orden_medica,True,True,2025-09-16,False,False,
DOC004162,SIN01054,historia_clinica,False,True,2025-09-16,False,False,
DOC004163,SIN01055,factura_clinica,True,True,2025-08-09,False,False,
DOC004164,SIN01055,orden_medica,True,True,2025-08-09,False,False,
DOC004165,SIN01055,historia_clinica,True,True,2025-08-09,False,False,
DOC004166,SIN01056,factura_clinica,True,True,2024-04-16,False,False,
DOC004167,SIN01056,orden_medica,True,True,2024-04-16,True,False,
DOC004168,SIN01056,historia_clinica,False,True,2024-04-16,True,False,
DOC004169,SIN01057,factura_clinica,True,True,2025-01-08,False,False,
DOC004170,SIN01057,orden_medica,True,True,2025-01-08,False,False,
DOC004171,SIN01057,historia_clinica,True,True,2025-01-08,False,False,
DOC004172,SIN01058,factura_clinica,True,True,2025-07-24,False,False,
DOC004173,SIN01058,orden_medica,True,True,2025-07-24,False,False,
DOC004174,SIN01058,historia_clinica,True,True,2025-07-24,False,False,
DOC004175,SIN01059,factura_clinica,True,True,2025-01-07,False,False,
DOC004176,SIN01059,orden_medica,True,True,2025-01-07,False,False,
DOC004177,SIN01059,historia_clinica,True,True,2025-01-07,False,False,
DOC004178,SIN01060,factura_clinica,True,True,2025-01-27,False,False,
DOC004179,SIN01060,orden_medica,True,True,2025-01-27,False,False,
DOC004180,SIN01060,historia_clinica,True,True,2025-01-27,False,False,
DOC004181,SIN01061,factura_clinica,True,True,2025-01-30,False,False,
DOC004182,SIN01061,orden_medica,True,True,2025-01-30,False,False,
DOC004183,SIN01061,historia_clinica,True,True,2025-01-30,False,False,
DOC004184,SIN01062,factura_clinica,True,True,2025-03-25,False,False,
DOC004185,SIN01062,orden_medica,True,True,2025-03-25,True,False,
DOC004186,SIN01062,historia_clinica,True,True,2025-03-25,False,False,
DOC004187,SIN01063,factura_clinica,True,True,2024-05-04,False,False,
DOC004188,SIN01063,orden_medica,True,True,2024-05-04,True,False,
DOC004189,SIN01063,historia_clinica,True,True,2024-05-04,False,False,
DOC004190,SIN01064,factura_clinica,True,True,2025-01-29,False,False,
DOC004191,SIN01064,orden_medica,True,True,2025-01-29,False,False,
DOC004192,SIN01064,historia_clinica,True,True,2025-01-29,False,False,
DOC004193,SIN01065,factura_clinica,True,True,2025-07-31,False,False,
DOC004194,SIN01065,orden_medica,True,True,2025-07-31,False,False,
DOC004195,SIN01065,historia_clinica,True,True,2025-07-31,False,False,
DOC004196,SIN01066,factura_clinica,True,True,2024-08-09,False,False,
DOC004197,SIN01066,orden_medica,True,True,2024-08-09,False,False,
DOC004198,SIN01066,historia_clinica,True,True,2024-08-09,False,False,
DOC004199,SIN01067,factura_clinica,True,True,2025-03-08,False,False,
DOC004200,SIN01067,orden_medica,True,True,2025-03-08,False,False,
DOC004201,SIN01067,historia_clinica,True,True,2025-03-08,False,False,
DOC004202,SIN01068,factura_clinica,True,True,2025-04-12,False,False,
DOC004203,SIN01068,orden_medica,True,True,2025-04-12,False,False,
DOC004204,SIN01068,historia_clinica,True,True,2025-04-12,False,False,
DOC004205,SIN01069,factura_clinica,True,True,2026-02-23,False,False,
DOC004206,SIN01069,orden_medica,True,True,2026-02-23,False,False,
DOC004207,SIN01069,historia_clinica,True,True,2026-02-23,False,False,
DOC004208,SIN01070,factura_clinica,True,True,2024-07-08,False,False,
DOC004209,SIN01070,orden_medica,True,True,2024-07-08,False,False,
DOC004210,SIN01070,historia_clinica,True,True,2024-07-08,False,False,
DOC004211,SIN01071,factura_clinica,True,True,2024-08-07,False,False,
DOC004212,SIN01071,orden_medica,True,True,2024-08-07,False,False,
DOC004213,SIN01071,historia_clinica,True,True,2024-08-07,False,False,
DOC004214,SIN01072,factura_clinica,True,True,2025-03-30,False,False,
DOC004215,SIN01072,orden_medica,True,True,2025-03-30,False,False,
DOC004216,SIN01072,historia_clinica,True,True,2025-03-30,False,False,
DOC004217,SIN01073,factura_clinica,True,True,2024-12-24,False,False,
DOC004218,SIN01073,orden_medica,True,True,2024-12-24,False,False,
DOC004219,SIN01073,historia_clinica,True,True,2024-12-24,False,False,
DOC004220,SIN01074,factura_clinica,True,True,2025-06-29,False,False,
DOC004221,SIN01074,orden_medica,True,True,2025-06-29,False,False,
DOC004222,SIN01074,historia_clinica,True,False,2025-06-29,False,False,
DOC004223,SIN01075,factura_clinica,True,True,2024-08-06,False,False,
DOC004224,SIN01075,orden_medica,True,True,2024-08-06,False,False,
DOC004225,SIN01075,historia_clinica,True,True,2024-08-06,False,False,
DOC004226,SIN01076,factura_clinica,True,True,2025-01-26,False,False,
DOC004227,SIN01076,orden_medica,True,True,2025-01-26,False,False,
DOC004228,SIN01076,historia_clinica,True,True,2025-01-26,False,False,
DOC004229,SIN01077,factura_clinica,True,True,2025-01-30,False,False,
DOC004230,SIN01077,orden_medica,True,True,2025-01-30,False,False,
DOC004231,SIN01077,historia_clinica,True,True,2025-01-30,False,False,
DOC004232,SIN01078,factura_clinica,True,True,2024-08-30,False,False,
DOC004233,SIN01078,orden_medica,True,True,2024-08-30,False,False,
DOC004234,SIN01078,historia_clinica,True,True,2024-08-30,False,False,
DOC004235,SIN01079,factura_clinica,True,True,2025-09-15,False,False,
DOC004236,SIN01079,orden_medica,True,True,2025-09-15,False,False,
DOC004237,SIN01079,historia_clinica,True,True,2025-09-15,False,False,
DOC004238,SIN01080,factura_clinica,True,True,2024-08-15,False,False,
DOC004239,SIN01080,orden_medica,False,True,2024-08-15,False,False,
DOC004240,SIN01080,historia_clinica,True,True,2024-08-15,False,False,
DOC004241,SIN01081,factura_clinica,True,True,2025-11-07,False,False,
DOC004242,SIN01081,orden_medica,True,True,2025-11-07,False,False,
DOC004243,SIN01081,historia_clinica,True,True,2025-11-07,False,False,
DOC004244,SIN01082,factura_clinica,True,True,2025-08-15,False,False,
DOC004245,SIN01082,orden_medica,True,True,2025-08-15,False,False,
DOC004246,SIN01082,historia_clinica,True,True,2025-08-15,False,False,
DOC004247,SIN01083,factura_clinica,True,True,2024-08-14,False,False,
DOC004248,SIN01083,orden_medica,True,True,2024-08-14,False,False,
DOC004249,SIN01083,historia_clinica,True,True,2024-08-14,False,False,
DOC004250,SIN01084,factura_clinica,True,True,2025-09-10,False,False,
DOC004251,SIN01084,orden_medica,True,True,2025-09-10,False,False,
DOC004252,SIN01084,historia_clinica,True,True,2025-09-10,False,False,
DOC004253,SIN01085,factura_clinica,True,True,2024-05-05,False,False,
DOC004254,SIN01085,orden_medica,False,True,2024-05-05,False,False,
DOC004255,SIN01085,historia_clinica,True,True,2024-05-05,False,False,
DOC004256,SIN01086,factura_clinica,True,True,2025-12-02,False,False,
DOC004257,SIN01086,orden_medica,True,True,2025-12-02,False,False,
DOC004258,SIN01086,historia_clinica,True,True,2025-12-02,False,False,
DOC004259,SIN01087,factura_clinica,True,True,2025-08-06,False,False,
DOC004260,SIN01087,orden_medica,True,True,2025-08-06,False,False,
DOC004261,SIN01087,historia_clinica,True,True,2025-08-06,False,False,
DOC004262,SIN01088,factura_clinica,True,True,2026-05-01,False,False,
DOC004263,SIN01088,orden_medica,True,True,2026-05-01,False,False,
DOC004264,SIN01088,historia_clinica,True,True,2026-05-01,False,False,
DOC004265,SIN01089,factura_clinica,True,True,2025-06-04,False,False,
DOC004266,SIN01089,orden_medica,True,True,2025-06-04,False,False,
DOC004267,SIN01089,historia_clinica,True,True,2025-06-04,False,False,
DOC004268,SIN01090,factura_clinica,True,True,2024-11-29,False,False,
DOC004269,SIN01090,orden_medica,True,True,2024-11-29,False,False,
DOC004270,SIN01090,historia_clinica,True,True,2024-11-29,False,False,
DOC004271,SIN01091,factura_clinica,True,True,2026-02-03,False,False,
DOC004272,SIN01091,orden_medica,True,True,2026-02-03,False,False,
DOC004273,SIN01091,historia_clinica,True,True,2026-02-03,True,False,
DOC004274,SIN01092,factura_clinica,False,True,2025-10-04,False,False,
DOC004275,SIN01092,orden_medica,True,True,2025-10-04,False,False,
DOC004276,SIN01092,historia_clinica,True,True,2025-10-04,False,False,
DOC004277,SIN01093,factura_clinica,True,True,2024-06-26,False,False,
DOC004278,SIN01093,orden_medica,True,True,2024-06-26,False,False,
DOC004279,SIN01093,historia_clinica,True,True,2024-06-26,True,False,
DOC004280,SIN01094,factura_clinica,True,True,2024-10-29,False,False,
DOC004281,SIN01094,orden_medica,True,True,2024-10-29,False,False,
DOC004282,SIN01094,historia_clinica,True,True,2024-10-29,False,False,
DOC004283,SIN01095,factura_clinica,True,True,2025-06-01,False,False,
DOC004284,SIN01095,orden_medica,True,True,2025-06-01,False,False,
DOC004285,SIN01095,historia_clinica,True,True,2025-06-01,False,False,
DOC004286,SIN01096,factura_clinica,True,True,2024-03-17,False,False,
DOC004287,SIN01096,orden_medica,True,True,2024-03-17,False,False,
DOC004288,SIN01096,historia_clinica,True,True,2024-03-17,False,False,
DOC004289,SIN01097,factura_clinica,True,True,2025-09-22,False,False,
DOC004290,SIN01097,orden_medica,True,True,2025-09-22,False,False,
DOC004291,SIN01097,historia_clinica,True,True,2025-09-22,False,False,
DOC004292,SIN01098,factura_clinica,True,True,2025-12-11,False,False,
DOC004293,SIN01098,orden_medica,True,True,2025-12-11,False,False,
DOC004294,SIN01098,historia_clinica,True,True,2025-12-11,False,False,
DOC004295,SIN01099,factura_clinica,True,False,2026-01-18,True,False,
DOC004296,SIN01099,orden_medica,True,True,2026-01-18,False,False,
DOC004297,SIN01099,historia_clinica,True,True,2026-01-18,False,False,
DOC004298,SIN01100,factura_clinica,True,True,2025-11-22,False,False,
DOC004299,SIN01100,orden_medica,True,True,2025-11-22,False,False,
DOC004300,SIN01100,historia_clinica,True,True,2025-11-22,False,False,
DOC004301,SIN01101,factura_clinica,True,True,2025-07-12,False,False,
DOC004302,SIN01101,orden_medica,True,True,2025-07-12,False,False,
DOC004303,SIN01101,historia_clinica,True,True,2025-07-12,False,False,
DOC004304,SIN01102,factura_clinica,True,True,2026-02-04,False,False,
DOC004305,SIN01102,orden_medica,True,True,2026-02-04,False,False,
DOC004306,SIN01102,historia_clinica,True,True,2026-02-04,False,False,
DOC004307,SIN01103,factura_clinica,True,True,2024-12-08,False,False,
DOC004308,SIN01103,orden_medica,True,True,2024-12-08,False,False,
DOC004309,SIN01103,historia_clinica,True,True,2024-12-08,False,False,
DOC004310,SIN01104,factura_clinica,True,True,2024-11-07,True,False,
DOC004311,SIN01104,orden_medica,True,True,2024-11-07,True,False,
DOC004312,SIN01104,historia_clinica,True,True,2024-11-07,True,False,
DOC004313,SIN01105,factura_clinica,True,True,2025-06-25,False,False,
DOC004314,SIN01105,orden_medica,True,True,2025-06-25,False,False,
DOC004315,SIN01105,historia_clinica,True,True,2025-06-25,False,False,
DOC004316,SIN01106,factura_clinica,True,True,2025-04-10,False,False,
DOC004317,SIN01106,orden_medica,True,True,2025-04-10,False,False,
DOC004318,SIN01106,historia_clinica,True,True,2025-04-10,False,False,
DOC004319,SIN01107,factura_clinica,True,False,2025-07-27,False,False,
DOC004320,SIN01107,orden_medica,True,True,2025-07-27,False,False,
DOC004321,SIN01107,historia_clinica,True,True,2025-07-27,False,False,
DOC004322,SIN01108,factura_clinica,True,True,2024-09-19,False,False,
DOC004323,SIN01108,orden_medica,True,True,2024-09-19,False,False,
DOC004324,SIN01108,historia_clinica,True,True,2024-09-19,False,False,
DOC004325,SIN01109,factura_clinica,True,True,2025-07-19,False,False,
DOC004326,SIN01109,orden_medica,True,True,2025-07-19,False,False,
DOC004327,SIN01109,historia_clinica,True,True,2025-07-19,False,False,
DOC004328,SIN01110,factura_clinica,True,True,2025-11-26,True,False,
DOC004329,SIN01110,orden_medica,True,True,2025-11-26,False,False,
DOC004330,SIN01110,historia_clinica,True,True,2025-11-26,False,False,
DOC004331,SIN01111,factura_clinica,False,True,2025-07-20,True,False,
DOC004332,SIN01111,orden_medica,False,True,2025-07-20,True,False,
DOC004333,SIN01111,historia_clinica,True,True,2025-07-20,False,False,
DOC004334,SIN01112,factura_clinica,True,True,2024-07-09,False,False,
DOC004335,SIN01112,orden_medica,True,True,2024-07-09,False,False,
DOC004336,SIN01112,historia_clinica,True,True,2024-07-09,False,False,
DOC004337,SIN01113,factura_clinica,True,True,2026-02-14,False,False,
DOC004338,SIN01113,orden_medica,True,True,2026-02-14,False,False,
DOC004339,SIN01113,historia_clinica,True,True,2026-02-14,False,False,
DOC004340,SIN01114,factura_clinica,True,True,2024-06-12,False,False,
DOC004341,SIN01114,orden_medica,True,True,2024-06-12,False,False,
DOC004342,SIN01114,historia_clinica,True,True,2024-06-12,False,False,
DOC004343,SIN01115,factura_clinica,True,True,2025-12-07,False,False,
DOC004344,SIN01115,orden_medica,True,True,2025-12-07,False,False,
DOC004345,SIN01115,historia_clinica,True,True,2025-12-07,False,False,
DOC004346,SIN01116,factura_clinica,True,True,2025-01-26,False,False,
DOC004347,SIN01116,orden_medica,True,True,2025-01-26,False,False,
DOC004348,SIN01116,historia_clinica,True,True,2025-01-26,False,False,
DOC004349,SIN01117,factura_clinica,True,True,2025-12-02,False,False,
DOC004350,SIN01117,orden_medica,True,True,2025-12-02,False,False,
DOC004351,SIN01117,historia_clinica,True,True,2025-12-02,False,False,
DOC004352,SIN01118,factura_clinica,True,True,2024-02-23,False,False,
DOC004353,SIN01118,orden_medica,True,True,2024-02-23,False,False,
DOC004354,SIN01118,historia_clinica,True,True,2024-02-23,False,False,
DOC004355,SIN01119,factura_clinica,True,True,2024-12-26,False,False,
DOC004356,SIN01119,orden_medica,True,True,2024-12-26,False,False,
DOC004357,SIN01119,historia_clinica,True,True,2024-12-26,False,False,
DOC004358,SIN01120,factura_clinica,True,True,2025-10-06,False,False,
DOC004359,SIN01120,orden_medica,True,True,2025-10-06,False,False,
DOC004360,SIN01120,historia_clinica,True,True,2025-10-06,False,False,
DOC004361,SIN01121,factura_clinica,True,True,2024-03-01,False,False,
DOC004362,SIN01121,orden_medica,True,False,2024-03-01,False,False,
DOC004363,SIN01121,historia_clinica,True,True,2024-03-01,False,False,
DOC004364,SIN01122,factura_clinica,True,True,2025-02-26,False,False,
DOC004365,SIN01122,orden_medica,True,True,2025-02-26,False,False,
DOC004366,SIN01122,historia_clinica,True,False,2025-02-26,False,False,
DOC004367,SIN01123,factura_clinica,True,True,2025-10-08,False,False,
DOC004368,SIN01123,orden_medica,True,True,2025-10-08,False,False,
DOC004369,SIN01123,historia_clinica,True,True,2025-10-08,False,False,
DOC004370,SIN01124,factura_clinica,True,True,2025-06-22,False,False,
DOC004371,SIN01124,orden_medica,True,True,2025-06-22,False,False,
DOC004372,SIN01124,historia_clinica,True,True,2025-06-22,True,False,
DOC004373,SIN01125,factura_clinica,True,True,2025-05-20,False,False,
DOC004374,SIN01125,orden_medica,True,True,2025-05-20,False,False,
DOC004375,SIN01125,historia_clinica,True,True,2025-05-20,False,False,
DOC004376,SIN01126,factura_clinica,True,True,2025-10-05,False,False,
DOC004377,SIN01126,orden_medica,True,True,2025-10-05,False,False,
DOC004378,SIN01126,historia_clinica,True,True,2025-10-05,False,False,
DOC004379,SIN01127,factura_clinica,True,True,2025-10-28,False,False,
DOC004380,SIN01127,orden_medica,True,False,2025-10-28,False,False,
DOC004381,SIN01127,historia_clinica,True,True,2025-10-28,False,False,
DOC004382,SIN01128,factura_clinica,True,True,2025-09-25,False,False,
DOC004383,SIN01128,orden_medica,True,True,2025-09-25,False,False,
DOC004384,SIN01128,historia_clinica,True,True,2025-09-25,False,False,
DOC004385,SIN01129,factura_clinica,True,True,2026-01-24,False,False,
DOC004386,SIN01129,orden_medica,True,True,2026-01-24,False,False,
DOC004387,SIN01129,historia_clinica,True,True,2026-01-24,False,False,
DOC004388,SIN01130,factura_clinica,True,True,2025-09-27,False,False,
DOC004389,SIN01130,orden_medica,True,True,2025-09-27,False,False,
DOC004390,SIN01130,historia_clinica,True,True,2025-09-27,False,False,
DOC004391,SIN01131,factura_clinica,True,True,2025-10-19,False,False,
DOC004392,SIN01131,orden_medica,False,True,2025-10-19,False,False,
DOC004393,SIN01131,historia_clinica,True,True,2025-10-19,False,False,
DOC004394,SIN01132,factura_clinica,True,True,2025-10-22,False,False,
DOC004395,SIN01132,orden_medica,True,True,2025-10-22,False,False,
DOC004396,SIN01132,historia_clinica,True,True,2025-10-22,False,False,
DOC004397,SIN01133,factura_clinica,True,True,2026-04-08,False,False,
DOC004398,SIN01133,orden_medica,True,True,2026-04-08,False,False,
DOC004399,SIN01133,historia_clinica,True,True,2026-04-08,True,False,
DOC004400,SIN01134,factura_clinica,True,True,2025-07-31,False,False,
DOC004401,SIN01134,orden_medica,True,False,2025-07-31,False,False,
DOC004402,SIN01134,historia_clinica,True,True,2025-07-31,False,False,
DOC004403,SIN01135,factura_clinica,True,True,2025-08-06,False,False,
DOC004404,SIN01135,orden_medica,True,True,2025-08-06,False,False,
DOC004405,SIN01135,historia_clinica,True,True,2025-08-06,False,False,
DOC004406,SIN01136,factura_clinica,True,True,2025-06-29,False,False,
DOC004407,SIN01136,orden_medica,True,True,2025-06-29,False,False,
DOC004408,SIN01136,historia_clinica,True,True,2025-06-29,False,False,
DOC004409,SIN01137,factura_clinica,True,True,2025-03-19,False,False,
DOC004410,SIN01137,orden_medica,True,True,2025-03-19,False,False,
DOC004411,SIN01137,historia_clinica,True,True,2025-03-19,True,False,
DOC004412,SIN01138,factura_clinica,True,True,2025-01-31,False,False,
DOC004413,SIN01138,orden_medica,True,True,2025-01-31,False,False,
DOC004414,SIN01138,historia_clinica,True,True,2025-01-31,False,False,
DOC004415,SIN01139,factura_clinica,True,True,2024-12-29,False,False,
DOC004416,SIN01139,orden_medica,True,True,2024-12-29,False,False,
DOC004417,SIN01139,historia_clinica,True,True,2024-12-29,False,False,
DOC004418,SIN01140,factura_clinica,True,True,2025-02-02,False,False,
DOC004419,SIN01140,orden_medica,True,True,2025-02-02,False,False,
DOC004420,SIN01140,historia_clinica,True,True,2025-02-02,False,False,
DOC004421,SIN01141,factura_clinica,True,True,2025-01-28,False,False,
DOC004422,SIN01141,orden_medica,True,True,2025-01-28,False,False,
DOC004423,SIN01141,historia_clinica,True,True,2025-01-28,False,False,
DOC004424,SIN01142,factura_clinica,True,True,2024-11-07,False,False,
DOC004425,SIN01142,orden_medica,True,True,2024-11-07,False,False,
DOC004426,SIN01142,historia_clinica,True,True,2024-11-07,False,False,
DOC004427,SIN01143,factura_clinica,False,True,2024-11-18,False,False,
DOC004428,SIN01143,orden_medica,True,True,2024-11-18,False,False,
DOC004429,SIN01143,historia_clinica,True,True,2024-11-18,False,False,
DOC004430,SIN01144,factura_clinica,False,True,2026-01-26,False,False,
DOC004431,SIN01144,orden_medica,False,True,2026-01-26,False,False,
DOC004432,SIN01144,historia_clinica,True,True,2026-01-26,False,False,
DOC004433,SIN01145,factura_clinica,True,True,2025-10-15,False,False,
DOC004434,SIN01145,orden_medica,True,True,2025-10-15,False,False,
DOC004435,SIN01145,historia_clinica,True,True,2025-10-15,False,False,
DOC004436,SIN01146,factura_clinica,True,True,2024-09-20,False,False,
DOC004437,SIN01146,orden_medica,True,True,2024-09-20,False,False,
DOC004438,SIN01146,historia_clinica,True,True,2024-09-20,False,False,
DOC004439,SIN01147,factura_clinica,True,True,2024-06-20,False,False,
DOC004440,SIN01147,orden_medica,True,True,2024-06-20,False,False,
DOC004441,SIN01147,historia_clinica,True,True,2024-06-20,False,False,
DOC004442,SIN01148,factura_clinica,True,True,2025-03-04,False,False,
DOC004443,SIN01148,orden_medica,True,True,2025-03-04,False,False,
DOC004444,SIN01148,historia_clinica,True,True,2025-03-04,False,False,
DOC004445,SIN01149,factura_clinica,True,True,2025-02-09,False,False,
DOC004446,SIN01149,orden_medica,True,False,2025-02-09,False,False,
DOC004447,SIN01149,historia_clinica,True,True,2025-02-09,False,False,
DOC004448,SIN01150,factura_clinica,True,True,2024-09-15,False,False,
DOC004449,SIN01150,orden_medica,True,True,2024-09-15,False,False,
DOC004450,SIN01150,historia_clinica,True,True,2024-09-15,False,False,
DOC004451,SIN01151,factura_clinica,True,True,2026-03-18,False,False,
DOC004452,SIN01151,orden_medica,True,True,2026-03-18,False,False,
DOC004453,SIN01151,historia_clinica,True,True,2026-03-18,False,False,
DOC004454,SIN01152,factura_clinica,True,True,2025-01-29,False,False,
DOC004455,SIN01152,orden_medica,True,True,2025-01-29,False,False,
DOC004456,SIN01152,historia_clinica,True,True,2025-01-29,False,False,
DOC004457,SIN01153,factura_clinica,True,True,2024-05-17,False,False,
DOC004458,SIN01153,orden_medica,True,True,2024-05-17,False,False,
DOC004459,SIN01153,historia_clinica,True,True,2024-05-17,False,False,
DOC004460,SIN01154,factura_clinica,False,True,2025-01-08,False,False,
DOC004461,SIN01154,orden_medica,True,True,2025-01-08,False,False,
DOC004462,SIN01154,historia_clinica,True,True,2025-01-08,False,False,
DOC004463,SIN01155,factura_clinica,True,True,2025-06-05,False,False,
DOC004464,SIN01155,orden_medica,True,True,2025-06-05,False,False,
DOC004465,SIN01155,historia_clinica,True,True,2025-06-05,False,False,
DOC004466,SIN01156,factura_clinica,True,True,2025-11-23,False,False,
DOC004467,SIN01156,orden_medica,True,True,2025-11-23,False,False,
DOC004468,SIN01156,historia_clinica,True,True,2025-11-23,False,False,
DOC004469,SIN01157,factura_clinica,True,True,2025-04-24,False,False,
DOC004470,SIN01157,orden_medica,True,True,2025-04-24,False,False,
DOC004471,SIN01157,historia_clinica,True,True,2025-04-24,False,False,
DOC004472,SIN01158,factura_clinica,True,True,2025-02-14,False,False,
DOC004473,SIN01158,orden_medica,True,True,2025-02-14,False,False,
DOC004474,SIN01158,historia_clinica,True,True,2025-02-14,False,False,
DOC004475,SIN01159,factura_clinica,True,True,2025-10-10,False,False,
DOC004476,SIN01159,orden_medica,True,True,2025-10-10,False,False,
DOC004477,SIN01159,historia_clinica,True,True,2025-10-10,False,False,
DOC004478,SIN01160,factura_clinica,False,True,2024-12-30,False,False,
DOC004479,SIN01160,orden_medica,True,True,2024-12-30,True,False,
DOC004480,SIN01160,historia_clinica,True,True,2024-12-30,False,False,
DOC004481,SIN01161,factura_clinica,True,True,2024-07-15,False,False,
DOC004482,SIN01161,orden_medica,True,True,2024-07-15,False,False,
DOC004483,SIN01161,historia_clinica,True,True,2024-07-15,False,False,
DOC004484,SIN01162,factura_clinica,True,True,2024-12-15,False,False,
DOC004485,SIN01162,orden_medica,True,True,2024-12-15,False,False,
DOC004486,SIN01162,historia_clinica,True,True,2024-12-15,False,False,
DOC004487,SIN01163,factura_clinica,True,True,2025-02-17,False,False,
DOC004488,SIN01163,orden_medica,True,True,2025-02-17,False,False,
DOC004489,SIN01163,historia_clinica,True,True,2025-02-17,False,False,
DOC004490,SIN01164,factura_clinica,True,True,2025-03-29,False,False,
DOC004491,SIN01164,orden_medica,True,True,2025-03-29,False,False,
DOC004492,SIN01164,historia_clinica,True,True,2025-03-29,False,False,
DOC004493,SIN01165,factura_clinica,True,True,2024-09-09,False,False,
DOC004494,SIN01165,orden_medica,True,True,2024-09-09,False,False,
DOC004495,SIN01165,historia_clinica,True,True,2024-09-09,False,False,
DOC004496,SIN01166,factura_clinica,True,True,2024-01-28,True,False,
DOC004497,SIN01166,orden_medica,False,True,2024-01-28,True,False,
DOC004498,SIN01166,historia_clinica,True,True,2024-01-28,False,False,
DOC004499,SIN01167,factura_clinica,True,True,2025-02-25,False,False,
DOC004500,SIN01167,orden_medica,True,True,2025-02-25,False,False,
DOC004501,SIN01167,historia_clinica,True,True,2025-02-25,False,False,
DOC004502,SIN01168,factura_clinica,True,True,2025-09-03,False,False,
DOC004503,SIN01168,orden_medica,True,True,2025-09-03,False,False,
DOC004504,SIN01168,historia_clinica,True,True,2025-09-03,False,False,
DOC004505,SIN01169,factura_clinica,False,True,2025-05-13,False,False,
DOC004506,SIN01169,orden_medica,True,True,2025-05-13,False,False,
DOC004507,SIN01169,historia_clinica,True,True,2025-05-13,False,False,
DOC004508,SIN01170,factura_clinica,True,True,2025-06-06,False,False,
DOC004509,SIN01170,orden_medica,True,True,2025-06-06,False,False,
DOC004510,SIN01170,historia_clinica,True,True,2025-06-06,False,False,
DOC004511,SIN01171,factura_clinica,True,True,2025-11-14,False,False,
DOC004512,SIN01171,orden_medica,False,True,2025-11-14,False,False,
DOC004513,SIN01171,historia_clinica,True,True,2025-11-14,False,False,
DOC004514,SIN01172,factura_clinica,True,True,2025-10-11,False,False,
DOC004515,SIN01172,orden_medica,True,True,2025-10-11,False,False,
DOC004516,SIN01172,historia_clinica,True,True,2025-10-11,False,False,
DOC004517,SIN01173,factura_clinica,True,True,2025-10-24,True,False,
DOC004518,SIN01173,orden_medica,True,False,2025-10-24,True,False,
DOC004519,SIN01173,historia_clinica,True,False,2025-10-24,False,False,
DOC004520,SIN01174,factura_clinica,True,True,2024-02-05,False,False,
DOC004521,SIN01174,orden_medica,True,True,2024-02-05,False,False,
DOC004522,SIN01174,historia_clinica,True,True,2024-02-05,False,False,
DOC004523,SIN01175,factura_clinica,True,True,2025-10-14,False,False,
DOC004524,SIN01175,orden_medica,True,True,2025-10-14,False,False,
DOC004525,SIN01175,historia_clinica,True,True,2025-10-14,False,False,
DOC004526,SIN01176,factura_clinica,True,True,2025-01-05,False,False,
DOC004527,SIN01176,orden_medica,True,True,2025-01-05,False,False,
DOC004528,SIN01176,historia_clinica,True,True,2025-01-05,False,False,
DOC004529,SIN01177,factura_clinica,True,True,2025-09-12,False,False,
DOC004530,SIN01177,orden_medica,True,True,2025-09-12,False,False,
DOC004531,SIN01177,historia_clinica,True,True,2025-09-12,False,False,
DOC004532,SIN01178,factura_clinica,True,True,2025-02-11,False,False,
DOC004533,SIN01178,orden_medica,True,True,2025-02-11,False,False,
DOC004534,SIN01178,historia_clinica,True,True,2025-02-11,False,False,
DOC004535,SIN01179,factura_clinica,True,True,2026-04-07,False,False,
DOC004536,SIN01179,orden_medica,True,True,2026-04-07,False,False,
DOC004537,SIN01179,historia_clinica,True,True,2026-04-07,False,False,
DOC004538,SIN01180,factura_clinica,True,True,2025-10-23,False,False,
DOC004539,SIN01180,orden_medica,True,True,2025-10-23,False,False,
DOC004540,SIN01180,historia_clinica,True,True,2025-10-23,False,False,
DOC004541,SIN01181,factura_clinica,True,True,2025-02-12,False,False,
DOC004542,SIN01181,orden_medica,True,True,2025-02-12,False,False,
DOC004543,SIN01181,historia_clinica,True,True,2025-02-12,False,False,
DOC004544,SIN01182,factura_clinica,True,True,2025-05-01,False,False,
DOC004545,SIN01182,orden_medica,True,False,2025-05-01,False,False,
DOC004546,SIN01182,historia_clinica,False,False,2025-05-01,False,False,
DOC004547,SIN01183,factura_clinica,True,True,2025-02-15,False,False,
DOC004548,SIN01183,orden_medica,True,True,2025-02-15,False,False,
DOC004549,SIN01183,historia_clinica,True,True,2025-02-15,False,False,
DOC004550,SIN01184,factura_clinica,True,True,2026-01-10,False,False,
DOC004551,SIN01184,orden_medica,True,True,2026-01-10,False,False,
DOC004552,SIN01184,historia_clinica,True,True,2026-01-10,False,False,
DOC004553,SIN01185,factura_clinica,True,True,2025-03-02,True,False,
DOC004554,SIN01185,orden_medica,True,True,2025-03-02,False,False,
DOC004555,SIN01185,historia_clinica,True,True,2025-03-02,False,False,
DOC004556,SIN01186,factura_clinica,True,True,2025-07-23,False,False,
DOC004557,SIN01186,orden_medica,True,True,2025-07-23,False,False,
DOC004558,SIN01186,historia_clinica,True,True,2025-07-23,False,False,
DOC004559,SIN01187,factura_clinica,True,True,2024-03-30,False,False,
DOC004560,SIN01187,orden_medica,True,True,2024-03-30,False,False,
DOC004561,SIN01187,historia_clinica,True,True,2024-03-30,False,False,
DOC004562,SIN01188,factura_clinica,True,True,2025-03-16,False,False,
DOC004563,SIN01188,orden_medica,True,True,2025-03-16,False,False,
DOC004564,SIN01188,historia_clinica,True,True,2025-03-16,False,False,
DOC004565,SIN01189,factura_clinica,True,True,2025-01-27,False,False,
DOC004566,SIN01189,orden_medica,True,True,2025-01-27,False,False,
DOC004567,SIN01189,historia_clinica,True,True,2025-01-27,False,False,
DOC004568,SIN01190,factura_clinica,True,True,2024-10-31,False,False,
DOC004569,SIN01190,orden_medica,True,True,2024-10-31,False,False,
DOC004570,SIN01190,historia_clinica,True,True,2024-10-31,False,False,
DOC004571,SIN01191,factura_clinica,True,True,2025-06-14,False,False,
DOC004572,SIN01191,orden_medica,True,True,2025-06-14,False,False,
DOC004573,SIN01191,historia_clinica,True,True,2025-06-14,False,False,
DOC004574,SIN01192,factura_clinica,True,True,2024-11-02,False,False,
DOC004575,SIN01192,orden_medica,True,True,2024-11-02,False,False,
DOC004576,SIN01192,historia_clinica,True,True,2024-11-02,False,False,
DOC004577,SIN01193,factura_clinica,True,False,2024-11-10,False,False,
DOC004578,SIN01193,orden_medica,True,True,2024-11-10,False,False,
DOC004579,SIN01193,historia_clinica,True,True,2024-11-10,False,False,
DOC004580,SIN01194,factura_clinica,True,True,2025-05-24,False,False,
DOC004581,SIN01194,orden_medica,True,True,2025-05-24,False,False,
DOC004582,SIN01194,historia_clinica,True,True,2025-05-24,False,False,
DOC004583,SIN01195,factura_clinica,True,True,2025-05-05,False,False,
DOC004584,SIN01195,orden_medica,True,True,2025-05-05,False,False,
DOC004585,SIN01195,historia_clinica,True,True,2025-05-05,False,False,
DOC004586,SIN01196,factura_clinica,True,True,2025-05-14,False,False,
DOC004587,SIN01196,orden_medica,True,True,2025-05-14,False,False,
DOC004588,SIN01196,historia_clinica,True,True,2025-05-14,False,False,
DOC004589,SIN01197,factura_clinica,True,True,2025-02-26,False,False,
DOC004590,SIN01197,orden_medica,True,True,2025-02-26,False,False,
DOC004591,SIN01197,historia_clinica,True,True,2025-02-26,False,False,
DOC004592,SIN01198,factura_clinica,True,True,2025-04-30,False,False,
DOC004593,SIN01198,orden_medica,True,True,2025-04-30,False,False,
DOC004594,SIN01198,historia_clinica,True,False,2025-04-30,False,False,
DOC004595,SIN01199,factura_clinica,True,True,2024-08-25,False,False,
DOC004596,SIN01199,orden_medica,True,True,2024-08-25,False,False,
DOC004597,SIN01199,historia_clinica,True,True,2024-08-25,False,False,
DOC004598,SIN01200,factura_clinica,True,True,2024-10-14,False,False,
DOC004599,SIN01200,orden_medica,True,True,2024-10-14,False,False,
DOC004600,SIN01200,historia_clinica,True,True,2024-10-14,False,False,
DOC004601,SIN01201,factura_clinica,True,True,2026-01-25,False,False,
DOC004602,SIN01201,orden_medica,True,True,2026-01-25,False,False,
DOC004603,SIN01201,historia_clinica,True,True,2026-01-25,False,False,
DOC004604,SIN01202,factura_clinica,True,True,2025-11-24,False,False,
DOC004605,SIN01202,orden_medica,True,True,2025-11-24,False,False,
DOC004606,SIN01202,historia_clinica,True,True,2025-11-24,False,False,
DOC004607,SIN01203,factura_clinica,True,True,2025-01-31,False,False,
DOC004608,SIN01203,orden_medica,True,True,2025-01-31,True,False,
DOC004609,SIN01203,historia_clinica,True,True,2025-01-31,False,False,
DOC004610,SIN01204,factura_clinica,True,True,2024-11-12,False,False,
DOC004611,SIN01204,orden_medica,False,True,2024-11-12,False,False,
DOC004612,SIN01204,historia_clinica,True,True,2024-11-12,False,False,
DOC004613,SIN01205,factura_clinica,True,True,2025-11-17,False,False,
DOC004614,SIN01205,orden_medica,True,True,2025-11-17,False,False,
DOC004615,SIN01205,historia_clinica,True,True,2025-11-17,False,False,
DOC004616,SIN01206,factura_clinica,True,True,2025-01-23,False,False,
DOC004617,SIN01206,orden_medica,False,True,2025-01-23,False,False,
DOC004618,SIN01206,historia_clinica,True,True,2025-01-23,False,False,
DOC004619,SIN01207,factura_clinica,True,True,2025-01-01,False,False,
DOC004620,SIN01207,orden_medica,True,True,2025-01-01,False,False,
DOC004621,SIN01207,historia_clinica,True,True,2025-01-01,False,False,
DOC004622,SIN01208,factura_clinica,True,True,2025-05-28,False,False,
DOC004623,SIN01208,orden_medica,True,True,2025-05-28,False,False,
DOC004624,SIN01208,historia_clinica,True,True,2025-05-28,False,False,
DOC004625,SIN01209,factura_clinica,True,True,2025-07-14,False,False,
DOC004626,SIN01209,orden_medica,True,True,2025-07-14,False,False,
DOC004627,SIN01209,historia_clinica,False,True,2025-07-14,False,False,
DOC004628,SIN01210,factura_clinica,False,False,2026-09-05,False,False,
DOC004629,SIN01210,orden_medica,True,False,2026-09-05,False,False,
DOC004630,SIN01210,historia_clinica,True,True,2026-09-05,False,False,
DOC004631,SIN01211,factura_clinica,True,False,2024-03-23,False,False,
DOC004632,SIN01211,orden_medica,False,True,2024-03-23,False,False,
DOC004633,SIN01211,historia_clinica,True,True,2024-03-23,False,False,
DOC004634,SIN01212,factura_clinica,True,True,2025-05-31,False,False,
DOC004635,SIN01212,orden_medica,False,True,2025-05-31,False,False,
DOC004636,SIN01212,historia_clinica,True,True,2025-05-31,False,False,
DOC004637,SIN01213,factura_clinica,True,True,2025-03-21,False,False,
DOC004638,SIN01213,orden_medica,True,True,2025-03-21,False,False,
DOC004639,SIN01213,historia_clinica,True,True,2025-03-21,False,False,
DOC004640,SIN01214,factura_clinica,True,True,2024-10-02,False,False,
DOC004641,SIN01214,orden_medica,True,True,2024-10-02,False,False,
DOC004642,SIN01214,historia_clinica,True,True,2024-10-02,False,False,
DOC004643,SIN01215,factura_clinica,True,True,2025-07-04,False,False,
DOC004644,SIN01215,orden_medica,True,True,2025-07-04,False,False,
DOC004645,SIN01215,historia_clinica,True,True,2025-07-04,False,False,
DOC004646,SIN01216,factura_clinica,True,True,2025-05-10,False,False,
DOC004647,SIN01216,orden_medica,True,True,2025-05-10,False,False,
DOC004648,SIN01216,historia_clinica,True,True,2025-05-10,False,False,
DOC004649,SIN01217,factura_clinica,True,True,2025-09-26,False,False,
DOC004650,SIN01217,orden_medica,True,True,2025-09-26,False,False,
DOC004651,SIN01217,historia_clinica,True,True,2025-09-26,False,False,
DOC004652,SIN01218,factura_clinica,True,True,2024-12-31,False,False,
DOC004653,SIN01218,orden_medica,True,True,2024-12-31,False,False,
DOC004654,SIN01218,historia_clinica,True,True,2024-12-31,True,False,
DOC004655,SIN01219,factura_clinica,True,True,2026-03-24,False,False,
DOC004656,SIN01219,orden_medica,True,True,2026-03-24,False,False,
DOC004657,SIN01219,historia_clinica,True,True,2026-03-24,False,False,
DOC004658,SIN01220,factura_clinica,True,True,2025-10-15,False,False,
DOC004659,SIN01220,orden_medica,True,True,2025-10-15,False,False,
DOC004660,SIN01220,historia_clinica,True,True,2025-10-15,False,False,
DOC004661,SIN01221,factura_clinica,True,False,2024-10-30,False,False,
DOC004662,SIN01221,orden_medica,True,True,2024-10-30,False,False,
DOC004663,SIN01221,historia_clinica,True,True,2024-10-30,False,False,
DOC004664,SIN01222,factura_clinica,True,False,2024-05-02,False,False,
DOC004665,SIN01222,orden_medica,True,True,2024-05-02,False,False,
DOC004666,SIN01222,historia_clinica,True,True,2024-05-02,False,False,
DOC004667,SIN01223,factura_clinica,True,True,2025-03-05,False,False,
DOC004668,SIN01223,orden_medica,True,True,2025-03-05,False,False,
DOC004669,SIN01223,historia_clinica,True,True,2025-03-05,False,False,
DOC004670,SIN01224,factura_clinica,True,True,2026-02-17,True,False,
DOC004671,SIN01224,orden_medica,True,True,2026-02-17,False,False,
DOC004672,SIN01224,historia_clinica,True,True,2026-02-17,False,False,
DOC004673,SIN01225,factura_clinica,True,True,2024-09-03,False,False,
DOC004674,SIN01225,orden_medica,True,True,2024-09-03,False,False,
DOC004675,SIN01225,historia_clinica,True,True,2024-09-03,False,False,
DOC004676,SIN01226,factura_clinica,True,True,2024-06-27,False,False,
DOC004677,SIN01226,orden_medica,True,True,2024-06-27,False,False,
DOC004678,SIN01226,historia_clinica,True,True,2024-06-27,False,False,
DOC004679,SIN01227,factura_clinica,True,True,2025-01-09,False,False,
DOC004680,SIN01227,orden_medica,True,True,2025-01-09,False,False,
DOC004681,SIN01227,historia_clinica,True,True,2025-01-09,False,False,
DOC004682,SIN01228,factura_clinica,True,True,2024-10-27,False,False,
DOC004683,SIN01228,orden_medica,True,True,2024-10-27,False,False,
DOC004684,SIN01228,historia_clinica,True,True,2024-10-27,False,False,
DOC004685,SIN01229,factura_clinica,True,True,2024-06-20,False,False,
DOC004686,SIN01229,orden_medica,True,True,2024-06-20,False,False,
DOC004687,SIN01229,historia_clinica,True,True,2024-06-20,False,False,
DOC004688,SIN01230,factura_clinica,True,False,2024-08-20,False,False,
DOC004689,SIN01230,orden_medica,True,True,2024-08-20,False,False,
DOC004690,SIN01230,historia_clinica,True,False,2024-08-20,False,False,
DOC004691,SIN01231,factura_clinica,True,True,2024-11-07,False,False,
DOC004692,SIN01231,orden_medica,True,True,2024-11-07,False,False,
DOC004693,SIN01231,historia_clinica,True,True,2024-11-07,False,False,
DOC004694,SIN01232,factura_clinica,True,True,2024-10-24,False,False,
DOC004695,SIN01232,orden_medica,True,True,2024-10-24,False,False,
DOC004696,SIN01232,historia_clinica,True,True,2024-10-24,False,False,
DOC004697,SIN01233,factura_clinica,True,True,2024-12-07,False,False,
DOC004698,SIN01233,orden_medica,True,True,2024-12-07,False,False,
DOC004699,SIN01233,historia_clinica,True,True,2024-12-07,False,False,
DOC004700,SIN01234,factura_clinica,True,True,2025-06-17,False,False,
DOC004701,SIN01234,orden_medica,True,True,2025-06-17,False,False,
DOC004702,SIN01234,historia_clinica,True,True,2025-06-17,False,False,
DOC004703,SIN01235,factura_clinica,True,True,2024-11-03,False,False,
DOC004704,SIN01235,orden_medica,True,True,2024-11-03,False,False,
DOC004705,SIN01235,historia_clinica,True,True,2024-11-03,False,False,
DOC004706,SIN01236,factura_clinica,True,True,2026-03-05,False,False,
DOC004707,SIN01236,orden_medica,True,True,2026-03-05,False,False,
DOC004708,SIN01236,historia_clinica,True,True,2026-03-05,False,False,
DOC004709,SIN01237,factura_clinica,True,True,2024-11-22,False,False,
DOC004710,SIN01237,orden_medica,True,True,2024-11-22,False,False,
DOC004711,SIN01237,historia_clinica,True,True,2024-11-22,False,False,
DOC004712,SIN01238,factura_clinica,True,True,2025-02-02,False,False,
DOC004713,SIN01238,orden_medica,True,True,2025-02-02,False,False,
DOC004714,SIN01238,historia_clinica,True,True,2025-02-02,True,False,
DOC004715,SIN01239,factura_clinica,True,True,2024-07-19,False,False,
DOC004716,SIN01239,orden_medica,True,True,2024-07-19,False,False,
DOC004717,SIN01239,historia_clinica,True,True,2024-07-19,False,False,
DOC004718,SIN01240,factura_clinica,True,False,2025-07-13,False,False,
DOC004719,SIN01240,orden_medica,True,True,2025-07-13,False,False,
DOC004720,SIN01240,historia_clinica,True,True,2025-07-13,False,False,
DOC004721,SIN01241,factura_clinica,True,True,2024-05-29,False,False,
DOC004722,SIN01241,orden_medica,True,True,2024-05-29,False,False,
DOC004723,SIN01241,historia_clinica,True,True,2024-05-29,False,False,
DOC004724,SIN01242,factura_clinica,True,True,2024-07-18,False,False,
DOC004725,SIN01242,orden_medica,True,True,2024-07-18,False,False,
DOC004726,SIN01242,historia_clinica,False,True,2024-07-18,False,False,
DOC004727,SIN01243,factura_clinica,True,True,2025-05-15,False,False,
DOC004728,SIN01243,orden_medica,True,True,2025-05-15,False,False,
DOC004729,SIN01243,historia_clinica,True,True,2025-05-15,False,False,
DOC004730,SIN01244,factura_clinica,True,True,2025-11-22,False,False,
DOC004731,SIN01244,orden_medica,True,True,2025-11-22,False,False,
DOC004732,SIN01244,historia_clinica,True,True,2025-11-22,False,False,
DOC004733,SIN01245,factura_clinica,True,True,2025-10-15,False,False,
DOC004734,SIN01245,orden_medica,True,True,2025-10-15,False,False,
DOC004735,SIN01245,historia_clinica,True,True,2025-10-15,False,False,
DOC004736,SIN01246,factura_clinica,True,True,2025-06-04,False,False,
DOC004737,SIN01246,orden_medica,True,True,2025-06-04,False,False,
DOC004738,SIN01246,historia_clinica,True,True,2025-06-04,False,False,
DOC004739,SIN01247,factura_clinica,True,True,2025-09-30,False,False,
DOC004740,SIN01247,orden_medica,True,True,2025-09-30,False,False,
DOC004741,SIN01247,historia_clinica,True,True,2025-09-30,False,False,
DOC004742,SIN01248,factura_clinica,True,True,2024-10-30,False,False,
DOC004743,SIN01248,orden_medica,True,True,2024-10-30,False,False,
DOC004744,SIN01248,historia_clinica,True,True,2024-10-30,False,False,
DOC004745,SIN01249,factura_clinica,True,True,2024-12-29,False,False,
DOC004746,SIN01249,orden_medica,True,True,2024-12-29,False,False,
DOC004747,SIN01249,historia_clinica,True,True,2024-12-29,False,False,
DOC004748,SIN01250,factura_clinica,True,True,2024-11-09,False,False,
DOC004749,SIN01250,orden_medica,True,True,2024-11-09,False,False,
DOC004750,SIN01250,historia_clinica,True,True,2024-11-09,False,False,
DOC004751,SIN01251,factura_clinica,True,True,2024-06-15,False,False,
DOC004752,SIN01251,orden_medica,True,True,2024-06-15,False,False,
DOC004753,SIN01251,historia_clinica,True,True,2024-06-15,False,False,
DOC004754,SIN01252,factura_clinica,True,True,2025-10-13,False,False,
DOC004755,SIN01252,orden_medica,True,True,2025-10-13,False,False,
DOC004756,SIN01252,historia_clinica,True,True,2025-10-13,False,False,
DOC004757,SIN01253,factura_clinica,True,True,2025-07-31,False,False,
DOC004758,SIN01253,orden_medica,True,True,2025-07-31,False,False,
DOC004759,SIN01253,historia_clinica,True,True,2025-07-31,False,False,
DOC004760,SIN01254,factura_clinica,True,True,2026-07-03,False,False,
DOC004761,SIN01254,orden_medica,True,True,2026-07-03,False,False,
DOC004762,SIN01254,historia_clinica,False,False,2026-07-03,False,False,
DOC004763,SIN01255,factura_clinica,True,True,2025-05-31,False,False,
DOC004764,SIN01255,orden_medica,True,True,2025-05-31,False,False,
DOC004765,SIN01255,historia_clinica,True,True,2025-05-31,False,False,
DOC004766,SIN01256,factura_clinica,True,True,2024-09-21,False,False,
DOC004767,SIN01256,orden_medica,True,True,2024-09-21,False,False,
DOC004768,SIN01256,historia_clinica,True,True,2024-09-21,False,False,
DOC004769,SIN01257,factura_clinica,True,True,2025-12-14,False,False,
DOC004770,SIN01257,orden_medica,True,True,2025-12-14,False,False,
DOC004771,SIN01257,historia_clinica,True,True,2025-12-14,False,False,
DOC004772,SIN01258,factura_clinica,True,True,2025-05-16,False,False,
DOC004773,SIN01258,orden_medica,True,True,2025-05-16,False,False,
DOC004774,SIN01258,historia_clinica,True,True,2025-05-16,False,False,
DOC004775,SIN01259,factura_clinica,True,True,2025-09-29,False,False,
DOC004776,SIN01259,orden_medica,True,True,2025-09-29,False,False,
DOC004777,SIN01259,historia_clinica,True,True,2025-09-29,False,False,
DOC004778,SIN01260,factura_clinica,True,True,2024-02-13,False,False,
DOC004779,SIN01260,orden_medica,True,True,2024-02-13,False,False,
DOC004780,SIN01260,historia_clinica,True,True,2024-02-13,False,False,
DOC004781,SIN01261,factura_clinica,True,True,2025-12-11,False,False,
DOC004782,SIN01261,orden_medica,True,True,2025-12-11,False,False,
DOC004783,SIN01261,historia_clinica,True,True,2025-12-11,True,False,
DOC004784,SIN01262,factura_clinica,True,True,2025-06-28,False,False,
DOC004785,SIN01262,orden_medica,False,True,2025-06-28,False,False,
DOC004786,SIN01262,historia_clinica,True,True,2025-06-28,False,False,
DOC004787,SIN01263,factura_clinica,True,True,2024-08-02,False,False,
DOC004788,SIN01263,orden_medica,True,True,2024-08-02,False,False,
DOC004789,SIN01263,historia_clinica,False,True,2024-08-02,False,False,
DOC004790,SIN01264,factura_clinica,True,True,2026-01-28,False,False,
DOC004791,SIN01264,orden_medica,True,True,2026-01-28,False,False,
DOC004792,SIN01264,historia_clinica,True,True,2026-01-28,False,False,
DOC004793,SIN01265,factura_clinica,True,True,2025-10-29,False,False,
DOC004794,SIN01265,orden_medica,True,True,2025-10-29,False,False,
DOC004795,SIN01265,historia_clinica,True,True,2025-10-29,False,False,
DOC004796,SIN01266,factura_clinica,True,True,2025-03-11,False,False,
DOC004797,SIN01266,orden_medica,True,True,2025-03-11,False,False,
DOC004798,SIN01266,historia_clinica,True,True,2025-03-11,False,False,
DOC004799,SIN01267,factura_clinica,True,True,2024-11-15,False,False,
DOC004800,SIN01267,orden_medica,True,True,2024-11-15,False,False,
DOC004801,SIN01267,historia_clinica,True,True,2024-11-15,False,False,
DOC004802,SIN01268,factura_clinica,True,True,2025-12-15,False,False,
DOC004803,SIN01268,orden_medica,True,True,2025-12-15,False,False,
DOC004804,SIN01268,historia_clinica,True,True,2025-12-15,False,False,
DOC004805,SIN01269,factura_clinica,True,True,2024-10-28,False,False,
DOC004806,SIN01269,orden_medica,True,True,2024-10-28,False,False,
DOC004807,SIN01269,historia_clinica,True,False,2024-10-28,False,False,
DOC004808,SIN01270,factura_clinica,True,True,2025-09-16,False,False,
DOC004809,SIN01270,orden_medica,True,True,2025-09-16,False,False,
DOC004810,SIN01270,historia_clinica,True,True,2025-09-16,False,False,
DOC004811,SIN01271,factura_clinica,True,True,2025-04-12,False,False,
DOC004812,SIN01271,orden_medica,False,True,2025-04-12,False,False,
DOC004813,SIN01271,historia_clinica,True,True,2025-04-12,False,False,
DOC004814,SIN01272,factura_clinica,True,True,2025-05-24,False,False,
DOC004815,SIN01272,orden_medica,True,True,2025-05-24,False,False,
DOC004816,SIN01272,historia_clinica,True,True,2025-05-24,False,False,
DOC004817,SIN01273,factura_clinica,True,True,2025-05-12,False,False,
DOC004818,SIN01273,orden_medica,True,True,2025-05-12,False,False,
DOC004819,SIN01273,historia_clinica,True,True,2025-05-12,False,False,
DOC004820,SIN01274,factura_clinica,True,True,2025-05-26,False,False,
DOC004821,SIN01274,orden_medica,True,True,2025-05-26,False,False,
DOC004822,SIN01274,historia_clinica,True,True,2025-05-26,False,False,
DOC004823,SIN01275,factura_clinica,True,True,2026-02-16,False,False,
DOC004824,SIN01275,orden_medica,False,True,2026-02-16,False,False,
DOC004825,SIN01275,historia_clinica,True,True,2026-02-16,False,False,
DOC004826,SIN01276,factura_clinica,True,True,2025-02-02,False,False,
DOC004827,SIN01276,orden_medica,True,True,2025-02-02,False,False,
DOC004828,SIN01276,historia_clinica,True,True,2025-02-02,False,False,
DOC004829,SIN01277,factura_clinica,True,True,2024-09-02,False,False,
DOC004830,SIN01277,orden_medica,True,True,2024-09-02,False,False,
DOC004831,SIN01277,historia_clinica,True,True,2024-09-02,False,False,
DOC004832,SIN01278,factura_clinica,True,True,2024-09-17,False,False,
DOC004833,SIN01278,orden_medica,True,True,2024-09-17,False,False,
DOC004834,SIN01278,historia_clinica,True,True,2024-09-17,False,False,
DOC004835,SIN01279,factura_clinica,True,True,2024-06-09,False,False,
DOC004836,SIN01279,orden_medica,True,True,2024-06-09,False,False,
DOC004837,SIN01279,historia_clinica,True,True,2024-06-09,False,False,
DOC004838,SIN01280,factura_clinica,True,True,2025-07-26,False,False,
DOC004839,SIN01280,orden_medica,True,True,2025-07-26,False,False,
DOC004840,SIN01280,historia_clinica,True,True,2025-07-26,False,False,
DOC004841,SIN01281,factura_clinica,True,True,2025-01-21,False,False,
DOC004842,SIN01281,orden_medica,True,True,2025-01-21,False,False,
DOC004843,SIN01281,historia_clinica,True,True,2025-01-21,False,False,
DOC004844,SIN01282,factura_clinica,True,True,2026-04-13,False,False,
DOC004845,SIN01282,orden_medica,True,True,2026-04-13,False,False,
DOC004846,SIN01282,historia_clinica,True,True,2026-04-13,False,False,
DOC004847,SIN01283,factura_clinica,True,False,2025-08-17,False,False,
DOC004848,SIN01283,orden_medica,False,True,2025-08-17,False,False,
DOC004849,SIN01283,historia_clinica,True,True,2025-08-17,False,False,
DOC004850,SIN01284,factura_clinica,True,True,2025-12-25,False,False,
DOC004851,SIN01284,orden_medica,True,True,2025-12-25,False,False,
DOC004852,SIN01284,historia_clinica,True,True,2025-12-25,False,False,
DOC004853,SIN01285,factura_clinica,True,True,2024-11-12,False,False,
DOC004854,SIN01285,orden_medica,True,True,2024-11-12,False,False,
DOC004855,SIN01285,historia_clinica,True,True,2024-11-12,False,False,
DOC004856,SIN01286,factura_clinica,True,True,2025-01-15,False,False,
DOC004857,SIN01286,orden_medica,True,True,2025-01-15,True,False,
DOC004858,SIN01286,historia_clinica,True,True,2025-01-15,False,False,
DOC004859,SIN01287,factura_clinica,True,True,2025-05-08,False,False,
DOC004860,SIN01287,orden_medica,True,True,2025-05-08,False,False,
DOC004861,SIN01287,historia_clinica,True,True,2025-05-08,True,False,
DOC004862,SIN01288,factura_clinica,True,True,2025-01-05,False,False,
DOC004863,SIN01288,orden_medica,True,True,2025-01-05,True,False,
DOC004864,SIN01288,historia_clinica,True,True,2025-01-05,False,False,
DOC004865,SIN01289,factura_clinica,True,True,2024-07-28,False,False,
DOC004866,SIN01289,orden_medica,True,True,2024-07-28,False,False,
DOC004867,SIN01289,historia_clinica,True,True,2024-07-28,False,False,
DOC004868,SIN01290,factura_clinica,True,True,2025-04-15,False,False,
DOC004869,SIN01290,orden_medica,True,True,2025-04-15,False,False,
DOC004870,SIN01290,historia_clinica,True,True,2025-04-15,False,False,
DOC004871,SIN01291,factura_clinica,True,True,2025-12-13,False,False,
DOC004872,SIN01291,orden_medica,True,True,2025-12-13,False,False,
DOC004873,SIN01291,historia_clinica,True,True,2025-12-13,False,False,
DOC004874,SIN01292,factura_clinica,True,True,2025-03-21,False,False,
DOC004875,SIN01292,orden_medica,True,True,2025-03-21,False,False,
DOC004876,SIN01292,historia_clinica,True,True,2025-03-21,False,False,
DOC004877,SIN01293,factura_clinica,True,True,2025-03-20,False,False,
DOC004878,SIN01293,orden_medica,True,True,2025-03-20,False,False,
DOC004879,SIN01293,historia_clinica,True,True,2025-03-20,False,False,
DOC004880,SIN01294,factura_clinica,True,True,2024-10-08,False,False,
DOC004881,SIN01294,orden_medica,True,True,2024-10-08,False,False,
DOC004882,SIN01294,historia_clinica,True,True,2024-10-08,False,False,
DOC004883,SIN01295,factura_clinica,True,True,2025-08-17,False,False,
DOC004884,SIN01295,orden_medica,True,True,2025-08-17,False,False,
DOC004885,SIN01295,historia_clinica,True,True,2025-08-17,False,False,
DOC004886,SIN01296,factura_clinica,True,True,2026-04-05,False,False,
DOC004887,SIN01296,orden_medica,True,True,2026-04-05,False,False,
DOC004888,SIN01296,historia_clinica,True,True,2026-04-05,False,False,
DOC004889,SIN01297,factura_clinica,True,True,2025-10-17,False,False,
DOC004890,SIN01297,orden_medica,True,True,2025-10-17,False,False,
DOC004891,SIN01297,historia_clinica,True,True,2025-10-17,False,False,
DOC004892,SIN01298,factura_clinica,True,True,2024-05-23,False,False,
DOC004893,SIN01298,orden_medica,True,True,2024-05-23,False,False,
DOC004894,SIN01298,historia_clinica,True,True,2024-05-23,False,False,
DOC004895,SIN01299,factura_clinica,True,True,2025-07-06,False,False,
DOC004896,SIN01299,orden_medica,True,True,2025-07-06,False,False,
DOC004897,SIN01299,historia_clinica,True,True,2025-07-06,False,False,
DOC004898,SIN01300,factura_clinica,True,True,2025-08-10,False,False,
DOC004899,SIN01300,orden_medica,True,True,2025-08-10,False,False,
DOC004900,SIN01300,historia_clinica,True,True,2025-08-10,False,False,
DOC004901,SIN01301,factura_clinica,True,True,2024-10-15,True,False,
DOC004902,SIN01301,orden_medica,True,True,2024-10-15,False,False,
DOC004903,SIN01301,historia_clinica,True,True,2024-10-15,False,False,
DOC004904,SIN01302,factura_clinica,True,True,2025-03-17,False,False,
DOC004905,SIN01302,orden_medica,True,True,2025-03-17,False,False,
DOC004906,SIN01302,historia_clinica,True,True,2025-03-17,False,False,
DOC004907,SIN01303,factura_clinica,True,True,2025-11-29,False,False,
DOC004908,SIN01303,orden_medica,True,True,2025-11-29,False,False,
DOC004909,SIN01303,historia_clinica,True,True,2025-11-29,False,False,
DOC004910,SIN01304,factura_clinica,True,True,2025-12-22,False,False,
DOC004911,SIN01304,orden_medica,True,True,2025-12-22,False,False,
DOC004912,SIN01304,historia_clinica,True,True,2025-12-22,False,False,
DOC004913,SIN01305,factura_clinica,True,True,2025-03-13,False,False,
DOC004914,SIN01305,orden_medica,True,True,2025-03-13,False,False,
DOC004915,SIN01305,historia_clinica,True,True,2025-03-13,False,False,
DOC004916,SIN01306,factura_clinica,True,True,2024-06-27,False,False,
DOC004917,SIN01306,orden_medica,True,True,2024-06-27,False,False,
DOC004918,SIN01306,historia_clinica,True,True,2024-06-27,False,False,
DOC004919,SIN01307,factura_clinica,False,True,2026-03-22,False,False,
DOC004920,SIN01307,orden_medica,True,True,2026-03-22,False,False,
DOC004921,SIN01307,historia_clinica,True,True,2026-03-22,False,False,
DOC004922,SIN01308,factura_clinica,True,True,2025-03-12,False,False,
DOC004923,SIN01308,orden_medica,True,True,2025-03-12,False,False,
DOC004924,SIN01308,historia_clinica,True,True,2025-03-12,False,False,
DOC004925,SIN01309,factura_clinica,True,True,2026-03-30,False,False,
DOC004926,SIN01309,orden_medica,True,True,2026-03-30,False,False,
DOC004927,SIN01309,historia_clinica,True,True,2026-03-30,False,False,
DOC004928,SIN01310,factura_clinica,True,True,2025-02-22,False,False,
DOC004929,SIN01310,orden_medica,True,True,2025-02-22,False,False,
DOC004930,SIN01310,historia_clinica,True,True,2025-02-22,False,False,
DOC004931,SIN01311,factura_clinica,True,True,2026-05-23,False,False,
DOC004932,SIN01311,orden_medica,True,True,2026-05-23,False,False,
DOC004933,SIN01311,historia_clinica,True,True,2026-05-23,False,False,
DOC004934,SIN01312,factura_clinica,True,True,2024-12-19,False,False,
DOC004935,SIN01312,orden_medica,True,True,2024-12-19,False,False,
DOC004936,SIN01312,historia_clinica,True,True,2024-12-19,False,False,
DOC004937,SIN01313,factura_clinica,False,True,2025-09-30,False,False,
DOC004938,SIN01313,orden_medica,True,True,2025-09-30,False,False,
DOC004939,SIN01313,historia_clinica,True,True,2025-09-30,False,False,
DOC004940,SIN01314,factura_clinica,True,True,2025-11-25,False,False,
DOC004941,SIN01314,orden_medica,True,True,2025-11-25,False,False,
DOC004942,SIN01314,historia_clinica,True,True,2025-11-25,False,False,
DOC004943,SIN01315,factura_clinica,True,True,2025-07-12,False,False,
DOC004944,SIN01315,orden_medica,True,True,2025-07-12,False,False,
DOC004945,SIN01315,historia_clinica,True,True,2025-07-12,False,False,
DOC004946,SIN01316,factura_clinica,True,True,2026-03-17,False,False,
DOC004947,SIN01316,orden_medica,True,True,2026-03-17,False,False,
DOC004948,SIN01316,historia_clinica,True,True,2026-03-17,False,False,
DOC004949,SIN01317,factura_clinica,True,True,2024-11-24,True,False,
DOC004950,SIN01317,orden_medica,True,True,2024-11-24,False,False,
DOC004951,SIN01317,historia_clinica,True,True,2024-11-24,False,False,
DOC004952,SIN01318,factura_clinica,False,True,2024-07-30,True,False,
DOC004953,SIN01318,orden_medica,True,True,2024-07-30,False,False,
DOC004954,SIN01318,historia_clinica,True,False,2024-07-30,False,False,
DOC004955,SIN01319,factura_clinica,True,True,2024-11-24,False,False,
DOC004956,SIN01319,orden_medica,True,True,2024-11-24,False,False,
DOC004957,SIN01319,historia_clinica,True,True,2024-11-24,False,False,
DOC004958,SIN01320,factura_clinica,True,True,2024-11-29,False,False,
DOC004959,SIN01320,orden_medica,True,True,2024-11-29,False,False,
DOC004960,SIN01320,historia_clinica,True,True,2024-11-29,False,False,
DOC004961,SIN01321,factura_clinica,True,True,2025-11-03,False,False,
DOC004962,SIN01321,orden_medica,True,True,2025-11-03,False,False,
DOC004963,SIN01321,historia_clinica,True,True,2025-11-03,False,False,
DOC004964,SIN01322,factura_clinica,True,True,2026-02-04,False,False,
DOC004965,SIN01322,orden_medica,True,True,2026-02-04,False,False,
DOC004966,SIN01322,historia_clinica,True,True,2026-02-04,False,False,
DOC004967,SIN01323,factura_clinica,True,True,2025-02-05,False,False,
DOC004968,SIN01323,orden_medica,True,True,2025-02-05,False,False,
DOC004969,SIN01323,historia_clinica,True,True,2025-02-05,False,False,
DOC004970,SIN01324,factura_clinica,True,True,2025-05-15,False,False,
DOC004971,SIN01324,orden_medica,True,True,2025-05-15,False,False,
DOC004972,SIN01324,historia_clinica,True,True,2025-05-15,False,False,
DOC004973,SIN01325,factura_clinica,True,False,2024-02-04,False,False,
DOC004974,SIN01325,orden_medica,True,True,2024-02-04,False,False,
DOC004975,SIN01325,historia_clinica,True,True,2024-02-04,False,False,
DOC004976,SIN01326,factura_clinica,True,True,2024-07-04,False,False,
DOC004977,SIN01326,orden_medica,True,True,2024-07-04,False,False,
DOC004978,SIN01326,historia_clinica,True,True,2024-07-04,False,False,
DOC004979,SIN01327,factura_clinica,True,True,2025-10-24,False,False,
DOC004980,SIN01327,orden_medica,True,True,2025-10-24,False,False,
DOC004981,SIN01327,historia_clinica,False,True,2025-10-24,False,False,
DOC004982,SIN01328,factura_clinica,True,True,2024-05-18,False,False,
DOC004983,SIN01328,orden_medica,True,True,2024-05-18,False,False,
DOC004984,SIN01328,historia_clinica,True,True,2024-05-18,False,False,
DOC004985,SIN01329,factura_clinica,True,True,2025-07-29,False,False,
DOC004986,SIN01329,orden_medica,True,True,2025-07-29,False,False,
DOC004987,SIN01329,historia_clinica,True,True,2025-07-29,False,False,
DOC004988,SIN01330,factura_clinica,True,True,2025-08-31,False,False,
DOC004989,SIN01330,orden_medica,True,True,2025-08-31,False,False,
DOC004990,SIN01330,historia_clinica,True,True,2025-08-31,False,False,
DOC004991,SIN01331,factura_clinica,False,True,2025-12-30,False,False,
DOC004992,SIN01331,orden_medica,True,True,2025-12-30,False,False,
DOC004993,SIN01331,historia_clinica,True,True,2025-12-30,False,False,
DOC004994,SIN01332,factura_clinica,True,True,2025-01-26,False,False,
DOC004995,SIN01332,orden_medica,False,True,2025-01-26,False,False,
DOC004996,SIN01332,historia_clinica,True,True,2025-01-26,False,False,
DOC004997,SIN01333,factura_clinica,True,True,2026-05-04,False,False,
DOC004998,SIN01333,orden_medica,True,True,2026-05-04,False,False,
DOC004999,SIN01333,historia_clinica,True,True,2026-05-04,False,False,
DOC005000,SIN01334,factura_clinica,True,True,2025-05-23,False,False,
DOC005001,SIN01334,orden_medica,True,True,2025-05-23,False,False,
DOC005002,SIN01334,historia_clinica,True,True,2025-05-23,False,False,
DOC005003,SIN01335,factura_clinica,True,True,2026-04-15,False,False,
DOC005004,SIN01335,orden_medica,True,True,2026-04-15,False,False,
DOC005005,SIN01335,historia_clinica,True,True,2026-04-15,False,False,
DOC005006,SIN01336,factura_clinica,True,True,2025-05-12,False,False,
DOC005007,SIN01336,orden_medica,True,True,2025-05-12,False,False,
DOC005008,SIN01336,historia_clinica,False,True,2025-05-12,False,False,
DOC005009,SIN01337,factura_clinica,True,True,2024-10-05,False,False,
DOC005010,SIN01337,orden_medica,True,False,2024-10-05,False,False,
DOC005011,SIN01337,historia_clinica,True,False,2024-10-05,False,False,
DOC005012,SIN01338,factura_clinica,True,True,2025-05-05,False,False,
DOC005013,SIN01338,orden_medica,True,True,2025-05-05,False,False,
DOC005014,SIN01338,historia_clinica,True,True,2025-05-05,False,False,
DOC005015,SIN01339,factura_clinica,True,True,2026-03-06,False,False,
DOC005016,SIN01339,orden_medica,True,True,2026-03-06,False,False,
DOC005017,SIN01339,historia_clinica,True,False,2026-03-06,False,False,
DOC005018,SIN01340,factura_clinica,True,True,2025-06-11,False,False,
DOC005019,SIN01340,orden_medica,True,True,2025-06-11,False,False,
DOC005020,SIN01340,historia_clinica,True,True,2025-06-11,False,False,
DOC005021,SIN01341,factura_clinica,True,True,2026-03-21,False,False,
DOC005022,SIN01341,orden_medica,False,True,2026-03-21,False,False,
DOC005023,SIN01341,historia_clinica,True,True,2026-03-21,False,False,
DOC005024,SIN01342,factura_clinica,True,True,2025-02-20,False,False,
DOC005025,SIN01342,orden_medica,True,True,2025-02-20,False,False,
DOC005026,SIN01342,historia_clinica,True,True,2025-02-20,False,False,
DOC005027,SIN01343,factura_clinica,True,True,2026-03-09,False,False,
DOC005028,SIN01343,orden_medica,True,True,2026-03-09,False,False,
DOC005029,SIN01343,historia_clinica,True,True,2026-03-09,False,False,
DOC005030,SIN01344,factura_clinica,True,True,2025-03-09,False,False,
DOC005031,SIN01344,orden_medica,True,True,2025-03-09,False,False,
DOC005032,SIN01344,historia_clinica,True,True,2025-03-09,False,False,
DOC005033,SIN01345,factura_clinica,True,True,2024-12-13,False,False,
DOC005034,SIN01345,orden_medica,True,True,2024-12-13,False,False,
DOC005035,SIN01345,historia_clinica,True,True,2024-12-13,False,False,
DOC005036,SIN01346,factura_clinica,False,True,2025-02-22,False,False,
DOC005037,SIN01346,orden_medica,True,True,2025-02-22,False,False,
DOC005038,SIN01346,historia_clinica,True,True,2025-02-22,False,False,
DOC005039,SIN01347,factura_clinica,True,True,2025-09-19,False,False,
DOC005040,SIN01347,orden_medica,True,True,2025-09-19,False,False,
DOC005041,SIN01347,historia_clinica,True,True,2025-09-19,False,False,
DOC005042,SIN01348,factura_clinica,True,True,2026-03-16,False,False,
DOC005043,SIN01348,orden_medica,True,True,2026-03-16,False,False,
DOC005044,SIN01348,historia_clinica,True,True,2026-03-16,False,False,
DOC005045,SIN01349,factura_clinica,True,True,2026-03-10,False,False,
DOC005046,SIN01349,orden_medica,True,True,2026-03-10,False,False,
DOC005047,SIN01349,historia_clinica,True,True,2026-03-10,False,False,
DOC005048,SIN01350,factura_clinica,True,True,2026-01-03,False,False,
DOC005049,SIN01350,orden_medica,True,True,2026-01-03,False,False,
DOC005050,SIN01350,historia_clinica,True,True,2026-01-03,False,False,
DOC005051,SIN01351,factura_clinica,True,True,2024-12-13,False,False,
DOC005052,SIN01351,orden_medica,True,True,2024-12-13,False,False,
DOC005053,SIN01351,historia_clinica,True,False,2024-12-13,False,False,
DOC005054,SIN01352,factura_clinica,False,True,2025-02-09,False,False,
DOC005055,SIN01352,orden_medica,True,True,2025-02-09,False,False,
DOC005056,SIN01352,historia_clinica,True,True,2025-02-09,False,False,
DOC005057,SIN01353,factura_clinica,True,True,2025-07-20,False,False,
DOC005058,SIN01353,orden_medica,True,True,2025-07-20,False,False,
DOC005059,SIN01353,historia_clinica,True,True,2025-07-20,False,False,
DOC005060,SIN01354,factura_clinica,True,True,2024-06-22,False,False,
DOC005061,SIN01354,orden_medica,True,True,2024-06-22,False,False,
DOC005062,SIN01354,historia_clinica,True,True,2024-06-22,False,False,
DOC005063,SIN01355,factura_clinica,True,True,2025-04-29,False,False,
DOC005064,SIN01355,orden_medica,True,True,2025-04-29,False,False,
DOC005065,SIN01355,historia_clinica,True,True,2025-04-29,False,False,
DOC005066,SIN01356,factura_clinica,True,True,2026-02-01,False,False,
DOC005067,SIN01356,orden_medica,True,True,2026-02-01,False,False,
DOC005068,SIN01356,historia_clinica,True,True,2026-02-01,False,False,
DOC005069,SIN01357,factura_clinica,True,True,2024-11-22,False,False,
DOC005070,SIN01357,orden_medica,True,True,2024-11-22,False,False,
DOC005071,SIN01357,historia_clinica,True,True,2024-11-22,False,False,
DOC005072,SIN01358,factura_clinica,True,True,2025-01-08,False,False,
DOC005073,SIN01358,orden_medica,True,True,2025-01-08,False,False,
DOC005074,SIN01358,historia_clinica,True,True,2025-01-08,True,False,
DOC005075,SIN01359,factura_clinica,True,True,2024-11-25,False,False,
DOC005076,SIN01359,orden_medica,True,True,2024-11-25,False,False,
DOC005077,SIN01359,historia_clinica,True,True,2024-11-25,False,False,
DOC005078,SIN01360,factura_clinica,True,True,2026-02-11,False,False,
DOC005079,SIN01360,orden_medica,True,True,2026-02-11,False,False,
DOC005080,SIN01360,historia_clinica,True,True,2026-02-11,False,False,
DOC005081,SIN01361,factura_clinica,True,True,2025-03-01,False,False,
DOC005082,SIN01361,orden_medica,True,True,2025-03-01,False,False,
DOC005083,SIN01361,historia_clinica,True,True,2025-03-01,False,False,
DOC005084,SIN01362,factura_clinica,True,True,2025-05-12,False,False,
DOC005085,SIN01362,orden_medica,True,True,2025-05-12,False,False,
DOC005086,SIN01362,historia_clinica,True,True,2025-05-12,False,False,
DOC005087,SIN01363,factura_clinica,True,True,2025-03-30,False,False,
DOC005088,SIN01363,orden_medica,True,True,2025-03-30,False,False,
DOC005089,SIN01363,historia_clinica,True,True,2025-03-30,False,False,
DOC005090,SIN01364,factura_clinica,True,True,2025-03-29,False,False,
DOC005091,SIN01364,orden_medica,True,True,2025-03-29,False,False,
DOC005092,SIN01364,historia_clinica,True,True,2025-03-29,False,False,
DOC005093,SIN01365,factura_clinica,True,True,2025-02-18,False,False,
DOC005094,SIN01365,orden_medica,True,True,2025-02-18,False,False,
DOC005095,SIN01365,historia_clinica,True,True,2025-02-18,False,False,
DOC005096,SIN01366,factura_clinica,True,True,2025-02-26,False,False,
DOC005097,SIN01366,orden_medica,True,True,2025-02-26,False,False,
DOC005098,SIN01366,historia_clinica,True,True,2025-02-26,False,False,
DOC005099,SIN01367,factura_clinica,True,True,2024-09-04,True,False,
DOC005100,SIN01367,orden_medica,True,True,2024-09-04,False,False,
DOC005101,SIN01367,historia_clinica,True,True,2024-09-04,False,False,
DOC005102,SIN01368,factura_clinica,True,True,2025-01-23,False,False,
DOC005103,SIN01368,orden_medica,True,True,2025-01-23,False,False,
DOC005104,SIN01368,historia_clinica,True,True,2025-01-23,False,False,
DOC005105,SIN01369,factura_clinica,True,True,2025-08-08,False,False,
DOC005106,SIN01369,orden_medica,True,True,2025-08-08,False,False,
DOC005107,SIN01369,historia_clinica,True,True,2025-08-08,False,False,
DOC005108,SIN01370,factura_clinica,True,True,2025-02-14,False,False,
DOC005109,SIN01370,orden_medica,True,True,2025-02-14,False,False,
DOC005110,SIN01370,historia_clinica,True,True,2025-02-14,False,False,
DOC005111,SIN01371,factura_clinica,True,True,2024-07-18,False,False,
DOC005112,SIN01371,orden_medica,True,True,2024-07-18,False,False,
DOC005113,SIN01371,historia_clinica,True,True,2024-07-18,False,False,
DOC005114,SIN01372,factura_clinica,True,True,2025-04-28,False,False,
DOC005115,SIN01372,orden_medica,True,True,2025-04-28,False,False,
DOC005116,SIN01372,historia_clinica,True,True,2025-04-28,False,False,
DOC005117,SIN01373,factura_clinica,True,True,2024-05-22,False,False,
DOC005118,SIN01373,orden_medica,True,True,2024-05-22,False,False,
DOC005119,SIN01373,historia_clinica,True,True,2024-05-22,False,False,
DOC005120,SIN01374,factura_clinica,True,True,2025-02-16,False,False,
DOC005121,SIN01374,orden_medica,True,True,2025-02-16,False,False,
DOC005122,SIN01374,historia_clinica,True,True,2025-02-16,False,False,
DOC005123,SIN01375,factura_clinica,False,True,2025-03-12,False,False,
DOC005124,SIN01375,orden_medica,True,True,2025-03-12,False,False,
DOC005125,SIN01375,historia_clinica,True,False,2025-03-12,False,False,
DOC005126,SIN01376,factura_clinica,True,True,2025-10-16,False,False,
DOC005127,SIN01376,orden_medica,True,True,2025-10-16,False,False,
DOC005128,SIN01376,historia_clinica,True,True,2025-10-16,True,False,
DOC005129,SIN01377,factura_clinica,True,True,2024-12-26,False,False,
DOC005130,SIN01377,orden_medica,True,True,2024-12-26,False,False,
DOC005131,SIN01377,historia_clinica,True,True,2024-12-26,False,False,
DOC005132,SIN01378,factura_clinica,True,True,2026-06-03,False,False,
DOC005133,SIN01378,orden_medica,True,True,2026-06-03,False,False,
DOC005134,SIN01378,historia_clinica,True,True,2026-06-03,False,False,
DOC005135,SIN01379,factura_clinica,False,True,2024-06-26,True,True,Alteracion simulada para demo
DOC005136,SIN01379,orden_medica,True,True,2024-06-26,True,False,
DOC005137,SIN01379,historia_clinica,False,True,2024-06-26,False,False,
DOC005138,SIN01380,factura_clinica,True,True,2025-04-26,False,False,
DOC005139,SIN01380,orden_medica,True,True,2025-04-26,False,False,
DOC005140,SIN01380,historia_clinica,True,True,2025-04-26,False,False,
DOC005141,SIN01381,factura_clinica,True,True,2026-05-02,False,False,
DOC005142,SIN01381,orden_medica,True,True,2026-05-02,False,False,
DOC005143,SIN01381,historia_clinica,True,True,2026-05-02,False,False,
DOC005144,SIN01382,factura_clinica,False,True,2024-11-16,False,False,
DOC005145,SIN01382,orden_medica,True,True,2024-11-16,False,False,
DOC005146,SIN01382,historia_clinica,True,True,2024-11-16,False,False,
DOC005147,SIN01383,factura_clinica,True,True,2024-04-29,False,False,
DOC005148,SIN01383,orden_medica,True,True,2024-04-29,False,False,
DOC005149,SIN01383,historia_clinica,True,True,2024-04-29,False,False,
DOC005150,SIN01384,factura_clinica,True,True,2026-01-04,False,False,
DOC005151,SIN01384,orden_medica,True,True,2026-01-04,False,False,
DOC005152,SIN01384,historia_clinica,True,True,2026-01-04,False,False,
DOC005153,SIN01385,factura_clinica,True,True,2025-11-08,False,False,
DOC005154,SIN01385,orden_medica,True,True,2025-11-08,False,False,
DOC005155,SIN01385,historia_clinica,True,True,2025-11-08,False,False,
DOC005156,SIN01386,factura_clinica,True,True,2025-12-29,True,False,
DOC005157,SIN01386,orden_medica,True,False,2025-12-29,False,False,
DOC005158,SIN01386,historia_clinica,True,False,2025-12-29,False,False,
DOC005159,SIN01387,factura_clinica,True,True,2025-04-20,False,False,
DOC005160,SIN01387,orden_medica,True,True,2025-04-20,False,False,
DOC005161,SIN01387,historia_clinica,True,True,2025-04-20,False,False,
DOC005162,SIN01388,factura_clinica,True,True,2025-02-11,False,False,
DOC005163,SIN01388,orden_medica,True,True,2025-02-11,False,False,
DOC005164,SIN01388,historia_clinica,True,False,2025-02-11,False,False,
DOC005165,SIN01389,factura_clinica,True,True,2025-05-04,False,False,
DOC005166,SIN01389,orden_medica,True,True,2025-05-04,False,False,
DOC005167,SIN01389,historia_clinica,False,True,2025-05-04,False,False,
DOC005168,SIN01390,factura_clinica,True,True,2026-06-10,False,False,
DOC005169,SIN01390,orden_medica,True,True,2026-06-10,False,False,
DOC005170,SIN01390,historia_clinica,True,True,2026-06-10,False,False,
DOC005171,SIN01391,factura_clinica,True,True,2025-02-16,False,False,
DOC005172,SIN01391,orden_medica,True,True,2025-02-16,False,False,
DOC005173,SIN01391,historia_clinica,True,True,2025-02-16,False,False,
DOC005174,SIN01392,factura_clinica,True,True,2026-05-23,False,False,
DOC005175,SIN01392,orden_medica,True,True,2026-05-23,False,False,
DOC005176,SIN01392,historia_clinica,True,True,2026-05-23,False,False,
DOC005177,SIN01393,factura_clinica,True,True,2024-12-28,False,False,
DOC005178,SIN01393,orden_medica,True,True,2024-12-28,False,False,
DOC005179,SIN01393,historia_clinica,True,True,2024-12-28,False,False,
DOC005180,SIN01394,factura_clinica,True,True,2024-12-09,False,False,
DOC005181,SIN01394,orden_medica,True,True,2024-12-09,False,False,
DOC005182,SIN01394,historia_clinica,True,True,2024-12-09,False,False,
DOC005183,SIN01395,factura_clinica,True,True,2025-05-13,False,False,
DOC005184,SIN01395,orden_medica,True,True,2025-05-13,False,False,
DOC005185,SIN01395,historia_clinica,True,True,2025-05-13,False,False,
DOC005186,SIN01396,factura_clinica,True,True,2025-02-08,False,False,
DOC005187,SIN01396,orden_medica,True,True,2025-02-08,False,False,
DOC005188,SIN01396,historia_clinica,True,True,2025-02-08,False,False,
DOC005189,SIN01397,factura_clinica,True,False,2025-05-19,False,False,
DOC005190,SIN01397,orden_medica,True,True,2025-05-19,False,False,
DOC005191,SIN01397,historia_clinica,False,True,2025-05-19,False,False,
DOC005192,SIN01398,factura_clinica,True,True,2024-12-09,False,False,
DOC005193,SIN01398,orden_medica,True,True,2024-12-09,False,False,
DOC005194,SIN01398,historia_clinica,True,True,2024-12-09,False,False,
DOC005195,SIN01399,factura_clinica,True,True,2026-01-03,False,False,
DOC005196,SIN01399,orden_medica,True,True,2026-01-03,False,False,
DOC005197,SIN01399,historia_clinica,True,True,2026-01-03,False,False,
DOC005198,SIN01400,factura_clinica,True,True,2025-06-20,False,False,
DOC005199,SIN01400,orden_medica,True,True,2025-06-20,False,False,
DOC005200,SIN01400,historia_clinica,True,True,2025-06-20,False,False,
DOC005201,SIN01401,factura_clinica,True,True,2025-08-12,False,False,
DOC005202,SIN01401,orden_medica,True,True,2025-08-12,False,False,
DOC005203,SIN01401,historia_clinica,True,True,2025-08-12,False,False,
DOC005204,SIN01402,factura_clinica,True,True,2025-05-22,False,False,
DOC005205,SIN01402,orden_medica,True,True,2025-05-22,False,False,
DOC005206,SIN01402,historia_clinica,True,True,2025-05-22,False,False,
DOC005207,SIN01403,factura_clinica,True,True,2024-06-02,False,False,
DOC005208,SIN01403,orden_medica,True,True,2024-06-02,False,False,
DOC005209,SIN01403,historia_clinica,True,True,2024-06-02,False,False,
DOC005210,SIN01404,factura_clinica,True,True,2024-07-29,False,False,
DOC005211,SIN01404,orden_medica,True,True,2024-07-29,False,False,
DOC005212,SIN01404,historia_clinica,True,False,2024-07-29,False,False,
DOC005213,SIN01405,factura_clinica,True,True,2025-05-16,False,False,
DOC005214,SIN01405,orden_medica,True,True,2025-05-16,False,False,
DOC005215,SIN01405,historia_clinica,True,True,2025-05-16,False,False,
DOC005216,SIN01406,factura_clinica,True,True,2025-06-22,False,False,
DOC005217,SIN01406,orden_medica,True,True,2025-06-22,False,False,
DOC005218,SIN01406,historia_clinica,True,True,2025-06-22,False,False,
DOC005219,SIN01407,factura_clinica,True,True,2024-12-22,False,False,
DOC005220,SIN01407,orden_medica,True,True,2024-12-22,False,False,
DOC005221,SIN01407,historia_clinica,True,False,2024-12-22,False,False,
DOC005222,SIN01408,factura_clinica,True,True,2024-09-28,True,False,
DOC005223,SIN01408,orden_medica,True,True,2024-09-28,False,False,
DOC005224,SIN01408,historia_clinica,True,True,2024-09-28,False,False,
DOC005225,SIN01409,factura_clinica,True,True,2025-02-13,False,False,
DOC005226,SIN01409,orden_medica,True,True,2025-02-13,False,False,
DOC005227,SIN01409,historia_clinica,True,True,2025-02-13,False,False,
DOC005228,SIN01410,factura_clinica,False,True,2025-08-09,False,False,
DOC005229,SIN01410,orden_medica,True,True,2025-08-09,False,False,
DOC005230,SIN01410,historia_clinica,True,True,2025-08-09,False,False,
DOC005231,SIN01411,factura_clinica,True,True,2024-12-26,False,False,
DOC005232,SIN01411,orden_medica,True,True,2024-12-26,False,False,
DOC005233,SIN01411,historia_clinica,True,True,2024-12-26,False,False,
DOC005234,SIN01412,factura_clinica,True,True,2024-10-04,False,False,
DOC005235,SIN01412,orden_medica,True,True,2024-10-04,False,False,
DOC005236,SIN01412,historia_clinica,True,True,2024-10-04,True,False,
DOC005237,SIN01413,factura_clinica,True,True,2025-06-15,False,False,
DOC005238,SIN01413,orden_medica,True,True,2025-06-15,False,False,
DOC005239,SIN01413,historia_clinica,True,True,2025-06-15,False,False,
DOC005240,SIN01414,factura_clinica,True,True,2024-09-19,False,False,
DOC005241,SIN01414,orden_medica,True,True,2024-09-19,False,False,
DOC005242,SIN01414,historia_clinica,True,True,2024-09-19,False,False,
DOC005243,SIN01415,factura_clinica,True,True,2025-11-04,False,False,
DOC005244,SIN01415,orden_medica,True,True,2025-11-04,False,False,
DOC005245,SIN01415,historia_clinica,True,True,2025-11-04,False,False,
DOC005246,SIN01416,factura_clinica,True,True,2024-05-04,False,False,
DOC005247,SIN01416,orden_medica,True,True,2024-05-04,False,False,
DOC005248,SIN01416,historia_clinica,True,True,2024-05-04,False,False,
DOC005249,SIN01417,factura_clinica,True,True,2026-04-08,False,False,
DOC005250,SIN01417,orden_medica,True,True,2026-04-08,False,False,
DOC005251,SIN01417,historia_clinica,True,True,2026-04-08,False,False,
DOC005252,SIN01418,factura_clinica,True,False,2025-04-12,False,False,
DOC005253,SIN01418,orden_medica,True,True,2025-04-12,False,False,
DOC005254,SIN01418,historia_clinica,True,True,2025-04-12,False,False,
DOC005255,SIN01419,factura_clinica,True,True,2025-12-01,False,False,
DOC005256,SIN01419,orden_medica,True,True,2025-12-01,False,False,
DOC005257,SIN01419,historia_clinica,True,True,2025-12-01,False,False,
DOC005258,SIN01420,factura_clinica,False,True,2025-10-26,False,False,
DOC005259,SIN01420,orden_medica,False,True,2025-10-26,False,False,
DOC005260,SIN01420,historia_clinica,True,True,2025-10-26,False,False,
DOC005261,SIN01421,factura_clinica,True,True,2025-11-05,False,False,
DOC005262,SIN01421,orden_medica,True,True,2025-11-05,False,False,
DOC005263,SIN01421,historia_clinica,True,True,2025-11-05,False,False,
DOC005264,SIN01422,factura_clinica,True,True,2025-06-06,False,False,
DOC005265,SIN01422,orden_medica,True,True,2025-06-06,False,False,
DOC005266,SIN01422,historia_clinica,True,True,2025-06-06,False,False,
DOC005267,SIN01423,factura_clinica,True,True,2025-02-16,False,False,
DOC005268,SIN01423,orden_medica,True,True,2025-02-16,False,False,
DOC005269,SIN01423,historia_clinica,True,True,2025-02-16,False,False,
DOC005270,SIN01424,factura_clinica,True,True,2026-04-22,False,False,
DOC005271,SIN01424,orden_medica,True,True,2026-04-22,False,False,
DOC005272,SIN01424,historia_clinica,True,True,2026-04-22,False,False,
DOC005273,SIN01425,factura_clinica,True,False,2024-08-01,False,False,
DOC005274,SIN01425,orden_medica,True,True,2024-08-01,False,False,
DOC005275,SIN01425,historia_clinica,True,True,2024-08-01,False,False,
DOC005276,SIN01426,factura_clinica,True,True,2025-05-15,False,False,
DOC005277,SIN01426,orden_medica,True,True,2025-05-15,False,False,
DOC005278,SIN01426,historia_clinica,True,True,2025-05-15,False,False,
DOC005279,SIN01427,factura_clinica,True,False,2025-02-28,False,False,
DOC005280,SIN01427,orden_medica,True,True,2025-02-28,False,False,
DOC005281,SIN01427,historia_clinica,True,True,2025-02-28,False,False,
DOC005282,SIN01428,factura_clinica,True,True,2025-08-05,False,False,
DOC005283,SIN01428,orden_medica,True,False,2025-08-05,False,False,
DOC005284,SIN01428,historia_clinica,True,True,2025-08-05,False,False,
DOC005285,SIN01429,factura_clinica,True,True,2025-07-03,False,False,
DOC005286,SIN01429,orden_medica,True,True,2025-07-03,False,False,
DOC005287,SIN01429,historia_clinica,True,True,2025-07-03,False,False,
DOC005288,SIN01430,factura_clinica,True,True,2026-01-02,False,False,
DOC005289,SIN01430,orden_medica,True,True,2026-01-02,False,False,
DOC005290,SIN01430,historia_clinica,True,True,2026-01-02,False,False,
DOC005291,SIN01431,factura_clinica,True,True,2026-01-23,False,False,
DOC005292,SIN01431,orden_medica,True,True,2026-01-23,False,False,
DOC005293,SIN01431,historia_clinica,True,True,2026-01-23,False,False,
DOC005294,SIN01432,factura_clinica,True,True,2024-09-12,False,False,
DOC005295,SIN01432,orden_medica,True,True,2024-09-12,False,False,
DOC005296,SIN01432,historia_clinica,True,True,2024-09-12,False,False,
DOC005297,SIN01433,factura_clinica,True,True,2025-10-22,False,False,
DOC005298,SIN01433,orden_medica,True,True,2025-10-22,False,False,
DOC005299,SIN01433,historia_clinica,True,True,2025-10-22,False,False,
DOC005300,SIN01434,factura_clinica,True,True,2025-03-28,False,False,
DOC005301,SIN01434,orden_medica,True,True,2025-03-28,True,False,
DOC005302,SIN01434,historia_clinica,True,True,2025-03-28,False,False,
DOC005303,SIN01435,factura_clinica,True,True,2024-01-10,False,False,
DOC005304,SIN01435,orden_medica,True,True,2024-01-10,False,False,
DOC005305,SIN01435,historia_clinica,True,True,2024-01-10,False,False,
DOC005306,SIN01436,factura_clinica,True,True,2026-03-22,False,False,
DOC005307,SIN01436,orden_medica,True,True,2026-03-22,False,False,
DOC005308,SIN01436,historia_clinica,True,False,2026-03-22,False,False,
DOC005309,SIN01437,factura_clinica,True,True,2025-06-23,True,False,
DOC005310,SIN01437,orden_medica,False,True,2025-06-23,False,False,
DOC005311,SIN01437,historia_clinica,True,True,2025-06-23,False,False,
DOC005312,SIN01438,factura_clinica,True,True,2025-02-24,False,False,
DOC005313,SIN01438,orden_medica,True,True,2025-02-24,False,False,
DOC005314,SIN01438,historia_clinica,True,True,2025-02-24,True,False,
DOC005315,SIN01439,factura_clinica,True,True,2024-06-26,False,False,
DOC005316,SIN01439,orden_medica,True,True,2024-06-26,False,False,
DOC005317,SIN01439,historia_clinica,True,True,2024-06-26,False,False,
DOC005318,SIN01440,factura_clinica,True,True,2025-05-30,False,False,
DOC005319,SIN01440,orden_medica,True,True,2025-05-30,False,False,
DOC005320,SIN01440,historia_clinica,True,True,2025-05-30,False,False,
DOC005321,SIN01441,factura_clinica,True,False,2024-08-18,False,False,
DOC005322,SIN01441,orden_medica,True,True,2024-08-18,False,False,
DOC005323,SIN01441,historia_clinica,True,True,2024-08-18,False,False,
DOC005324,SIN01442,factura_clinica,True,True,2025-10-06,False,False,
DOC005325,SIN01442,orden_medica,True,True,2025-10-06,False,False,
DOC005326,SIN01442,historia_clinica,True,True,2025-10-06,False,False,
DOC005327,SIN01443,factura_clinica,True,True,2024-05-10,False,False,
DOC005328,SIN01443,orden_medica,True,True,2024-05-10,False,False,
DOC005329,SIN01443,historia_clinica,True,True,2024-05-10,False,False,
DOC005330,SIN01444,factura_clinica,True,True,2025-03-17,True,False,
DOC005331,SIN01444,orden_medica,True,True,2025-03-17,True,False,
DOC005332,SIN01444,historia_clinica,True,True,2025-03-17,False,False,
DOC005333,SIN01445,factura_clinica,True,True,2025-03-27,False,False,
DOC005334,SIN01445,orden_medica,True,True,2025-03-27,False,False,
DOC005335,SIN01445,historia_clinica,True,True,2025-03-27,False,False,
DOC005336,SIN01446,factura_clinica,True,True,2026-01-26,False,False,
DOC005337,SIN01446,orden_medica,True,True,2026-01-26,False,False,
DOC005338,SIN01446,historia_clinica,False,True,2026-01-26,False,False,
DOC005339,SIN01447,factura_clinica,True,True,2025-04-06,False,False,
DOC005340,SIN01447,orden_medica,True,True,2025-04-06,False,False,
DOC005341,SIN01447,historia_clinica,True,True,2025-04-06,False,False,
DOC005342,SIN01448,factura_clinica,True,True,2025-02-03,False,False,
DOC005343,SIN01448,orden_medica,True,True,2025-02-03,False,False,
DOC005344,SIN01448,historia_clinica,True,False,2025-02-03,False,False,
DOC005345,SIN01449,factura_clinica,True,True,2026-06-01,False,False,
DOC005346,SIN01449,orden_medica,True,True,2026-06-01,False,False,
DOC005347,SIN01449,historia_clinica,True,True,2026-06-01,False,False,
DOC005348,SIN01450,factura_clinica,True,True,2024-12-07,False,False,
DOC005349,SIN01450,orden_medica,True,True,2024-12-07,False,False,
DOC005350,SIN01450,historia_clinica,True,True,2024-12-07,False,False,
DOC005351,SIN01451,factura_clinica,True,True,2025-12-11,False,False,
DOC005352,SIN01451,orden_medica,True,True,2025-12-11,False,False,
DOC005353,SIN01451,historia_clinica,True,True,2025-12-11,False,False,
DOC005354,SIN01452,factura_clinica,True,True,2025-08-01,True,False,
DOC005355,SIN01452,orden_medica,False,False,2025-08-01,False,False,
DOC005356,SIN01452,historia_clinica,True,True,2025-08-01,False,False,
DOC005357,SIN01453,factura_clinica,True,True,2025-10-08,False,False,
DOC005358,SIN01453,orden_medica,True,True,2025-10-08,False,False,
DOC005359,SIN01453,historia_clinica,True,True,2025-10-08,True,False,
DOC005360,SIN01454,factura_clinica,True,True,2024-11-20,False,False,
DOC005361,SIN01454,orden_medica,True,True,2024-11-20,False,False,
DOC005362,SIN01454,historia_clinica,True,True,2024-11-20,False,False,
DOC005363,SIN01455,factura_clinica,True,False,2025-09-08,False,False,
DOC005364,SIN01455,orden_medica,True,True,2025-09-08,False,False,
DOC005365,SIN01455,historia_clinica,True,True,2025-09-08,False,False,
DOC005366,SIN01456,factura_clinica,True,True,2025-07-02,False,False,
DOC005367,SIN01456,orden_medica,True,True,2025-07-02,False,False,
DOC005368,SIN01456,historia_clinica,True,True,2025-07-02,False,False,
DOC005369,SIN01457,factura_clinica,True,True,2026-04-30,False,False,
DOC005370,SIN01457,orden_medica,True,True,2026-04-30,False,False,
DOC005371,SIN01457,historia_clinica,True,True,2026-04-30,False,False,
DOC005372,SIN01458,factura_clinica,True,False,2025-02-05,True,True,Alteracion simulada para demo
DOC005373,SIN01458,orden_medica,True,True,2025-02-05,False,False,
DOC005374,SIN01458,historia_clinica,True,True,2025-02-05,False,False,
DOC005375,SIN01459,factura_clinica,True,True,2025-10-22,False,False,
DOC005376,SIN01459,orden_medica,True,True,2025-10-22,False,False,
DOC005377,SIN01459,historia_clinica,True,True,2025-10-22,False,False,
DOC005378,SIN01460,factura_clinica,True,True,2025-09-30,False,False,
DOC005379,SIN01460,orden_medica,True,True,2025-09-30,False,False,
DOC005380,SIN01460,historia_clinica,True,True,2025-09-30,False,False,
DOC005381,SIN01461,factura_clinica,True,True,2024-11-18,False,False,
DOC005382,SIN01461,orden_medica,True,True,2024-11-18,False,False,
DOC005383,SIN01461,historia_clinica,True,True,2024-11-18,False,False,
DOC005384,SIN01462,factura_clinica,True,True,2024-04-27,False,False,
DOC005385,SIN01462,orden_medica,True,False,2024-04-27,False,False,
DOC005386,SIN01462,historia_clinica,True,True,2024-04-27,False,False,
DOC005387,SIN01463,factura_clinica,True,True,2026-01-01,False,False,
DOC005388,SIN01463,orden_medica,True,True,2026-01-01,False,False,
DOC005389,SIN01463,historia_clinica,True,True,2026-01-01,False,False,
DOC005390,SIN01464,factura_clinica,True,True,2025-11-29,False,False,
DOC005391,SIN01464,orden_medica,True,True,2025-11-29,False,False,
DOC005392,SIN01464,historia_clinica,True,True,2025-11-29,False,False,
DOC005393,SIN01465,factura_clinica,True,True,2026-01-28,False,False,
DOC005394,SIN01465,orden_medica,False,True,2026-01-28,False,False,
DOC005395,SIN01465,historia_clinica,True,True,2026-01-28,False,False,
DOC005396,SIN01466,factura_clinica,True,True,2025-09-10,False,False,
DOC005397,SIN01466,orden_medica,True,True,2025-09-10,False,False,
DOC005398,SIN01466,historia_clinica,True,True,2025-09-10,False,False,
DOC005399,SIN01467,factura_clinica,True,False,2025-10-05,False,False,
DOC005400,SIN01467,orden_medica,True,False,2025-10-05,False,False,
DOC005401,SIN01467,historia_clinica,True,True,2025-10-05,True,False,
DOC005402,SIN01468,factura_clinica,True,True,2026-01-14,False,False,
DOC005403,SIN01468,orden_medica,True,True,2026-01-14,False,False,
DOC005404,SIN01468,historia_clinica,True,True,2026-01-14,False,False,
DOC005405,SIN01469,factura_clinica,True,True,2025-05-04,False,False,
DOC005406,SIN01469,orden_medica,True,True,2025-05-04,False,False,
DOC005407,SIN01469,historia_clinica,True,True,2025-05-04,False,False,
DOC005408,SIN01470,factura_clinica,True,True,2026-05-07,False,False,
DOC005409,SIN01470,orden_medica,True,True,2026-05-07,False,False,
DOC005410,SIN01470,historia_clinica,True,True,2026-05-07,False,False,
DOC005411,SIN01471,factura_clinica,True,True,2025-06-05,False,False,
DOC005412,SIN01471,orden_medica,True,True,2025-06-05,False,False,
DOC005413,SIN01471,historia_clinica,False,True,2025-06-05,False,False,
DOC005414,SIN01472,factura_clinica,True,True,2026-03-19,False,False,
DOC005415,SIN01472,orden_medica,True,True,2026-03-19,False,False,
DOC005416,SIN01472,historia_clinica,False,False,2026-03-19,False,False,
DOC005417,SIN01473,factura_clinica,True,True,2025-12-10,False,False,
DOC005418,SIN01473,orden_medica,True,True,2025-12-10,False,False,
DOC005419,SIN01473,historia_clinica,True,True,2025-12-10,False,False,
DOC005420,SIN01474,factura_clinica,True,True,2026-02-24,False,False,
DOC005421,SIN01474,orden_medica,True,True,2026-02-24,False,False,
DOC005422,SIN01474,historia_clinica,True,True,2026-02-24,False,False,
DOC005423,SIN01475,factura_clinica,True,True,2025-12-24,False,False,
DOC005424,SIN01475,orden_medica,True,True,2025-12-24,False,False,
DOC005425,SIN01475,historia_clinica,False,True,2025-12-24,False,False,
DOC005426,SIN01476,factura_clinica,True,True,2025-07-31,False,False,
DOC005427,SIN01476,orden_medica,True,True,2025-07-31,False,False,
DOC005428,SIN01476,historia_clinica,True,True,2025-07-31,False,False,
DOC005429,SIN01477,factura_clinica,True,True,2026-04-04,False,False,
DOC005430,SIN01477,orden_medica,True,True,2026-04-04,False,False,
DOC005431,SIN01477,historia_clinica,True,True,2026-04-04,False,False,
DOC005432,SIN01478,factura_clinica,True,True,2025-06-16,False,False,
DOC005433,SIN01478,orden_medica,True,True,2025-06-16,False,False,
DOC005434,SIN01478,historia_clinica,True,True,2025-06-16,False,False,
DOC005435,SIN01479,factura_clinica,True,True,2025-09-07,False,False,
DOC005436,SIN01479,orden_medica,True,True,2025-09-07,False,False,
DOC005437,SIN01479,historia_clinica,True,True,2025-09-07,False,False,
DOC005438,SIN01480,factura_clinica,True,True,2024-10-14,False,False,
DOC005439,SIN01480,orden_medica,False,True,2024-10-14,False,False,
DOC005440,SIN01480,historia_clinica,True,True,2024-10-14,False,False,
DOC005441,SIN01481,factura_clinica,True,True,2025-03-08,False,False,
DOC005442,SIN01481,orden_medica,True,True,2025-03-08,False,False,
DOC005443,SIN01481,historia_clinica,True,True,2025-03-08,False,False,
DOC005444,SIN01482,factura_clinica,True,True,2024-11-07,False,False,
DOC005445,SIN01482,orden_medica,True,True,2024-11-07,False,False,
DOC005446,SIN01482,historia_clinica,True,True,2024-11-07,False,False,
DOC005447,SIN01483,factura_clinica,False,True,2025-04-27,False,False,
DOC005448,SIN01483,orden_medica,True,True,2025-04-27,False,False,
DOC005449,SIN01483,historia_clinica,True,True,2025-04-27,False,False,
DOC005450,SIN01484,factura_clinica,True,True,2025-02-22,False,False,
DOC005451,SIN01484,orden_medica,False,True,2025-02-22,False,False,
DOC005452,SIN01484,historia_clinica,False,True,2025-02-22,False,False,
DOC005453,SIN01485,factura_clinica,True,False,2026-06-22,False,False,
DOC005454,SIN01485,orden_medica,True,True,2026-06-22,False,False,
DOC005455,SIN01485,historia_clinica,True,True,2026-06-22,True,False,
DOC005456,SIN01486,factura_clinica,True,True,2026-04-27,False,False,
DOC005457,SIN01486,orden_medica,True,True,2026-04-27,False,False,
DOC005458,SIN01486,historia_clinica,True,True,2026-04-27,False,False,
DOC005459,SIN01487,factura_clinica,True,True,2025-02-06,False,False,
DOC005460,SIN01487,orden_medica,True,True,2025-02-06,False,False,
DOC005461,SIN01487,historia_clinica,True,True,2025-02-06,False,False,
DOC005462,SIN01488,factura_clinica,True,True,2025-10-21,False,False,
DOC005463,SIN01488,orden_medica,True,True,2025-10-21,False,False,
DOC005464,SIN01488,historia_clinica,True,True,2025-10-21,False,False,
DOC005465,SIN01489,factura_clinica,True,True,2025-02-15,False,False,
DOC005466,SIN01489,orden_medica,True,False,2025-02-15,False,False,
DOC005467,SIN01489,historia_clinica,True,True,2025-02-15,False,False,
DOC005468,SIN01490,factura_clinica,True,True,2025-05-12,False,False,
DOC005469,SIN01490,orden_medica,True,True,2025-05-12,False,False,
DOC005470,SIN01490,historia_clinica,True,True,2025-05-12,False,False,
DOC005471,SIN01491,factura_clinica,True,True,2024-06-21,True,False,
DOC005472,SIN01491,orden_medica,True,False,2024-06-21,False,False,
DOC005473,SIN01491,historia_clinica,True,True,2024-06-21,False,False,
DOC005474,SIN01492,factura_clinica,True,True,2025-10-14,False,False,
DOC005475,SIN01492,orden_medica,True,True,2025-10-14,False,False,
DOC005476,SIN01492,historia_clinica,True,True,2025-10-14,False,False,
DOC005477,SIN01493,factura_clinica,True,True,2025-09-23,True,False,
DOC005478,SIN01493,orden_medica,True,True,2025-09-23,True,False,
DOC005479,SIN01493,historia_clinica,True,True,2025-09-23,False,False,
DOC005480,SIN01494,factura_clinica,True,True,2025-06-24,False,False,
DOC005481,SIN01494,orden_medica,True,True,2025-06-24,False,False,
DOC005482,SIN01494,historia_clinica,True,True,2025-06-24,False,False,
DOC005483,SIN01495,factura_clinica,True,True,2024-09-04,False,False,
DOC005484,SIN01495,orden_medica,True,True,2024-09-04,False,False,
DOC005485,SIN01495,historia_clinica,True,True,2024-09-04,False,False,
DOC005486,SIN01496,factura_clinica,True,True,2024-07-17,False,False,
DOC005487,SIN01496,orden_medica,True,True,2024-07-17,False,False,
DOC005488,SIN01496,historia_clinica,True,True,2024-07-17,False,False,
DOC005489,SIN01497,factura_clinica,True,True,2024-08-06,False,False,
DOC005490,SIN01497,orden_medica,True,True,2024-08-06,False,False,
DOC005491,SIN01497,historia_clinica,True,True,2024-08-06,False,False,
DOC005492,SIN01498,factura_clinica,False,True,2024-12-05,False,False,
DOC005493,SIN01498,orden_medica,True,True,2024-12-05,False,False,
DOC005494,SIN01498,historia_clinica,True,True,2024-12-05,False,False,
DOC005495,SIN01499,factura_clinica,True,True,2024-10-01,False,False,
DOC005496,SIN01499,orden_medica,True,True,2024-10-01,False,False,
DOC005497,SIN01499,historia_clinica,True,True,2024-10-01,False,False,
DOC005498,SIN01500,factura_clinica,True,True,2025-04-08,False,False,
DOC005499,SIN01500,orden_medica,True,True,2025-04-08,False,False,
DOC005500,SIN01500,historia_clinica,True,True,2025-04-08,False,False,
DOC005501,SIN01501,factura_clinica,True,True,2024-07-22,False,False,
DOC005502,SIN01501,orden_medica,True,True,2024-07-22,False,False,
DOC005503,SIN01501,historia_clinica,True,True,2024-07-22,False,False,
DOC005504,SIN01502,factura_clinica,True,True,2025-07-09,False,False,
DOC005505,SIN01502,orden_medica,True,True,2025-07-09,False,False,
DOC005506,SIN01502,historia_clinica,True,True,2025-07-09,False,False,
DOC005507,SIN01503,factura_clinica,True,True,2025-05-09,False,False,
DOC005508,SIN01503,orden_medica,True,True,2025-05-09,False,False,
DOC005509,SIN01503,historia_clinica,True,True,2025-05-09,False,False,
DOC005510,SIN01504,factura_clinica,True,True,2026-04-11,False,False,
DOC005511,SIN01504,orden_medica,True,True,2026-04-11,False,False,
DOC005512,SIN01504,historia_clinica,True,True,2026-04-11,False,False,
DOC005513,SIN01505,factura_clinica,True,True,2024-08-25,False,False,
DOC005514,SIN01505,orden_medica,True,True,2024-08-25,False,False,
DOC005515,SIN01505,historia_clinica,True,True,2024-08-25,False,False,
DOC005516,SIN01506,factura_clinica,True,True,2026-03-13,False,False,
DOC005517,SIN01506,orden_medica,True,True,2026-03-13,False,False,
DOC005518,SIN01506,historia_clinica,True,True,2026-03-13,False,False,
DOC005519,SIN01507,factura_clinica,True,True,2024-10-27,False,False,
DOC005520,SIN01507,orden_medica,True,True,2024-10-27,False,False,
DOC005521,SIN01507,historia_clinica,True,True,2024-10-27,False,False,
DOC005522,SIN01508,factura_clinica,True,True,2024-07-22,False,False,
DOC005523,SIN01508,orden_medica,True,True,2024-07-22,False,False,
DOC005524,SIN01508,historia_clinica,True,True,2024-07-22,False,False,
DOC005525,SIN01509,factura_clinica,True,True,2024-07-19,False,False,
DOC005526,SIN01509,orden_medica,True,True,2024-07-19,False,False,
DOC005527,SIN01509,historia_clinica,True,True,2024-07-19,False,False,
DOC005528,SIN01510,factura_clinica,True,True,2025-05-21,False,False,
DOC005529,SIN01510,orden_medica,True,True,2025-05-21,False,False,
DOC005530,SIN01510,historia_clinica,True,True,2025-05-21,False,False,
DOC005531,SIN01511,factura_clinica,True,True,2024-06-28,False,False,
DOC005532,SIN01511,orden_medica,False,True,2024-06-28,False,False,
DOC005533,SIN01511,historia_clinica,True,True,2024-06-28,False,False,
DOC005534,SIN01512,factura_clinica,True,True,2026-02-18,True,True,Alteracion simulada para demo
DOC005535,SIN01512,orden_medica,True,False,2026-02-18,True,False,
DOC005536,SIN01512,historia_clinica,True,True,2026-02-18,False,False,
DOC005537,SIN01513,factura_clinica,True,True,2024-08-22,False,False,
DOC005538,SIN01513,orden_medica,True,True,2024-08-22,False,False,
DOC005539,SIN01513,historia_clinica,True,True,2024-08-22,False,False,
DOC005540,SIN01514,factura_clinica,True,True,2024-04-07,False,False,
DOC005541,SIN01514,orden_medica,True,True,2024-04-07,False,False,
DOC005542,SIN01514,historia_clinica,True,True,2024-04-07,True,False,
DOC005543,SIN01515,factura_clinica,True,True,2025-03-22,False,False,
DOC005544,SIN01515,orden_medica,True,True,2025-03-22,False,False,
DOC005545,SIN01515,historia_clinica,True,True,2025-03-22,False,False,
DOC005546,SIN01516,factura_clinica,False,True,2025-03-23,False,False,
DOC005547,SIN01516,orden_medica,True,True,2025-03-23,False,False,
DOC005548,SIN01516,historia_clinica,True,True,2025-03-23,False,False,
DOC005549,SIN01517,factura_clinica,True,False,2025-09-21,False,False,
DOC005550,SIN01517,orden_medica,True,True,2025-09-21,False,False,
DOC005551,SIN01517,historia_clinica,True,True,2025-09-21,False,False,
DOC005552,SIN01518,factura_clinica,True,True,2024-08-30,False,False,
DOC005553,SIN01518,orden_medica,True,True,2024-08-30,False,False,
DOC005554,SIN01518,historia_clinica,True,True,2024-08-30,False,False,
DOC005555,SIN01519,factura_clinica,True,True,2025-04-29,False,False,
DOC005556,SIN01519,orden_medica,True,True,2025-04-29,False,False,
DOC005557,SIN01519,historia_clinica,True,True,2025-04-29,False,False,
DOC005558,SIN01520,factura_clinica,True,True,2026-02-03,False,False,
DOC005559,SIN01520,orden_medica,True,True,2026-02-03,False,False,
DOC005560,SIN01520,historia_clinica,True,True,2026-02-03,True,False,
DOC005561,SIN01521,factura_clinica,True,True,2025-10-16,False,False,
DOC005562,SIN01521,orden_medica,True,False,2025-10-16,False,False,
DOC005563,SIN01521,historia_clinica,True,False,2025-10-16,False,False,
DOC005564,SIN01522,factura_clinica,True,True,2026-05-17,False,False,
DOC005565,SIN01522,orden_medica,False,True,2026-05-17,False,False,
DOC005566,SIN01522,historia_clinica,True,True,2026-05-17,False,False,
DOC005567,SIN01523,factura_clinica,True,False,2024-09-02,False,False,
DOC005568,SIN01523,orden_medica,True,True,2024-09-02,False,False,
DOC005569,SIN01523,historia_clinica,True,True,2024-09-02,False,False,
DOC005570,SIN01524,factura_clinica,True,True,2024-07-17,False,False,
DOC005571,SIN01524,orden_medica,True,False,2024-07-17,False,False,
DOC005572,SIN01524,historia_clinica,True,True,2024-07-17,False,False,
DOC005573,SIN01525,factura_clinica,True,True,2025-11-18,False,False,
DOC005574,SIN01525,orden_medica,True,True,2025-11-18,False,False,
DOC005575,SIN01525,historia_clinica,True,True,2025-11-18,False,False,
DOC005576,SIN01526,factura_clinica,False,False,2024-08-13,False,False,
DOC005577,SIN01526,orden_medica,True,True,2024-08-13,False,False,
DOC005578,SIN01526,historia_clinica,True,True,2024-08-13,False,False,
DOC005579,SIN01527,factura_clinica,True,True,2025-08-26,False,False,
DOC005580,SIN01527,orden_medica,True,True,2025-08-26,False,False,
DOC005581,SIN01527,historia_clinica,True,True,2025-08-26,False,False,
DOC005582,SIN01528,factura_clinica,False,True,2024-08-15,False,False,
DOC005583,SIN01528,orden_medica,True,True,2024-08-15,False,False,
DOC005584,SIN01528,historia_clinica,True,True,2024-08-15,False,False,
DOC005585,SIN01529,factura_clinica,True,True,2024-08-03,False,False,
DOC005586,SIN01529,orden_medica,True,True,2024-08-03,False,False,
DOC005587,SIN01529,historia_clinica,True,True,2024-08-03,False,False,
DOC005588,SIN01530,factura_clinica,True,True,2025-02-18,False,False,
DOC005589,SIN01530,orden_medica,True,True,2025-02-18,False,False,
DOC005590,SIN01530,historia_clinica,True,True,2025-02-18,False,False,
DOC005591,SIN01531,factura_clinica,True,True,2025-08-15,False,False,
DOC005592,SIN01531,orden_medica,True,True,2025-08-15,False,False,
DOC005593,SIN01531,historia_clinica,True,True,2025-08-15,False,False,
DOC005594,SIN01532,factura_clinica,True,True,2025-04-26,False,False,
DOC005595,SIN01532,orden_medica,True,True,2025-04-26,False,False,
DOC005596,SIN01532,historia_clinica,True,True,2025-04-26,False,False,
DOC005597,SIN01533,factura_clinica,True,True,2025-01-25,False,False,
DOC005598,SIN01533,orden_medica,True,True,2025-01-25,True,False,
DOC005599,SIN01533,historia_clinica,True,False,2025-01-25,False,False,
DOC005600,SIN01534,factura_clinica,True,True,2025-08-31,False,False,
DOC005601,SIN01534,orden_medica,True,True,2025-08-31,False,False,
DOC005602,SIN01534,historia_clinica,True,True,2025-08-31,False,False,
DOC005603,SIN01535,factura_clinica,True,True,2025-08-31,False,False,
DOC005604,SIN01535,orden_medica,True,True,2025-08-31,False,False,
DOC005605,SIN01535,historia_clinica,True,True,2025-08-31,False,False,
DOC005606,SIN01536,factura_clinica,False,True,2026-01-30,False,False,
DOC005607,SIN01536,orden_medica,True,True,2026-01-30,False,False,
DOC005608,SIN01536,historia_clinica,True,True,2026-01-30,False,False,
DOC005609,SIN01537,factura_clinica,False,True,2024-02-10,True,False,
DOC005610,SIN01537,orden_medica,True,True,2024-02-10,False,False,
DOC005611,SIN01537,historia_clinica,True,True,2024-02-10,True,False,
DOC005612,SIN01538,factura_clinica,True,True,2025-08-29,False,False,
DOC005613,SIN01538,orden_medica,True,True,2025-08-29,False,False,
DOC005614,SIN01538,historia_clinica,True,True,2025-08-29,False,False,
DOC005615,SIN01539,factura_clinica,True,True,2025-02-06,False,False,
DOC005616,SIN01539,orden_medica,True,True,2025-02-06,False,False,
DOC005617,SIN01539,historia_clinica,True,True,2025-02-06,False,False,
DOC005618,SIN01540,factura_clinica,True,True,2026-07-22,False,False,
DOC005619,SIN01540,orden_medica,True,True,2026-07-22,False,False,
DOC005620,SIN01540,historia_clinica,True,True,2026-07-22,False,False,
DOC005621,SIN01541,factura_clinica,True,True,2024-08-28,False,False,
DOC005622,SIN01541,orden_medica,True,True,2024-08-28,False,False,
DOC005623,SIN01541,historia_clinica,True,True,2024-08-28,False,False,
DOC005624,SIN01542,factura_clinica,True,True,2026-01-25,False,False,
DOC005625,SIN01542,orden_medica,True,True,2026-01-25,False,False,
DOC005626,SIN01542,historia_clinica,True,True,2026-01-25,False,False,
DOC005627,SIN01543,factura_clinica,False,True,2025-02-22,False,False,
DOC005628,SIN01543,orden_medica,True,True,2025-02-22,True,False,
DOC005629,SIN01543,historia_clinica,True,True,2025-02-22,False,False,
DOC005630,SIN01544,factura_clinica,True,True,2024-12-21,False,False,
DOC005631,SIN01544,orden_medica,True,True,2024-12-21,False,False,
DOC005632,SIN01544,historia_clinica,True,True,2024-12-21,False,False,
DOC005633,SIN01545,factura_clinica,True,True,2024-07-28,False,False,
DOC005634,SIN01545,orden_medica,True,False,2024-07-28,False,False,
DOC005635,SIN01545,historia_clinica,True,True,2024-07-28,False,False,
DOC005636,SIN01546,factura_clinica,True,True,2025-08-07,False,False,
DOC005637,SIN01546,orden_medica,True,True,2025-08-07,False,False,
DOC005638,SIN01546,historia_clinica,True,True,2025-08-07,False,False,
DOC005639,SIN01547,factura_clinica,True,True,2025-10-26,False,False,
DOC005640,SIN01547,orden_medica,True,True,2025-10-26,False,False,
DOC005641,SIN01547,historia_clinica,True,True,2025-10-26,False,False,
DOC005642,SIN01548,factura_clinica,True,True,2025-07-15,False,False,
DOC005643,SIN01548,orden_medica,True,True,2025-07-15,False,False,
DOC005644,SIN01548,historia_clinica,True,True,2025-07-15,False,False,
DOC005645,SIN01549,factura_clinica,True,True,2025-06-12,False,False,
DOC005646,SIN01549,orden_medica,True,True,2025-06-12,False,False,
DOC005647,SIN01549,historia_clinica,True,True,2025-06-12,False,False,
DOC005648,SIN01550,factura_clinica,True,True,2024-07-21,False,False,
DOC005649,SIN01550,orden_medica,True,True,2024-07-21,False,False,
DOC005650,SIN01550,historia_clinica,True,True,2024-07-21,False,False,
DOC005651,SIN01551,factura_clinica,True,True,2026-03-15,False,False,
DOC005652,SIN01551,orden_medica,True,True,2026-03-15,False,False,
DOC005653,SIN01551,historia_clinica,True,True,2026-03-15,False,False,
DOC005654,SIN01552,factura_clinica,True,True,2025-10-12,False,False,
DOC005655,SIN01552,orden_medica,False,True,2025-10-12,True,False,
DOC005656,SIN01552,historia_clinica,True,True,2025-10-12,False,False,
DOC005657,SIN01553,factura_clinica,True,True,2025-10-07,False,False,
DOC005658,SIN01553,orden_medica,True,True,2025-10-07,False,False,
DOC005659,SIN01553,historia_clinica,True,True,2025-10-07,False,False,
DOC005660,SIN01554,factura_clinica,True,True,2024-11-21,False,False,
DOC005661,SIN01554,orden_medica,True,True,2024-11-21,False,False,
DOC005662,SIN01554,historia_clinica,True,True,2024-11-21,False,False,
DOC005663,SIN01555,factura_clinica,True,True,2026-05-07,False,False,
DOC005664,SIN01555,orden_medica,True,True,2026-05-07,False,False,
DOC005665,SIN01555,historia_clinica,True,True,2026-05-07,False,False,
DOC005666,SIN01556,factura_clinica,True,True,2025-04-04,False,False,
DOC005667,SIN01556,orden_medica,True,True,2025-04-04,False,False,
DOC005668,SIN01556,historia_clinica,True,True,2025-04-04,False,False,
DOC005669,SIN01557,factura_clinica,True,True,2025-04-17,False,False,
DOC005670,SIN01557,orden_medica,True,True,2025-04-17,False,False,
DOC005671,SIN01557,historia_clinica,True,True,2025-04-17,False,False,
DOC005672,SIN01558,factura_clinica,True,True,2024-07-12,False,False,
DOC005673,SIN01558,orden_medica,True,True,2024-07-12,False,False,
DOC005674,SIN01558,historia_clinica,True,True,2024-07-12,True,False,
DOC005675,SIN01559,factura_clinica,True,True,2024-08-14,True,True,Alteracion simulada para demo
DOC005676,SIN01559,orden_medica,True,True,2024-08-14,True,False,
DOC005677,SIN01559,historia_clinica,False,True,2024-08-14,False,False,
DOC005678,SIN01560,factura_clinica,True,True,2024-12-11,False,False,
DOC005679,SIN01560,orden_medica,True,True,2024-12-11,False,False,
DOC005680,SIN01560,historia_clinica,False,True,2024-12-11,False,False,
DOC005681,SIN01561,factura_clinica,True,True,2025-03-06,False,False,
DOC005682,SIN01561,orden_medica,True,True,2025-03-06,False,False,
DOC005683,SIN01561,historia_clinica,True,True,2025-03-06,False,False,
DOC005684,SIN01562,factura_clinica,True,True,2025-03-20,False,False,
DOC005685,SIN01562,orden_medica,True,True,2025-03-20,False,False,
DOC005686,SIN01562,historia_clinica,True,True,2025-03-20,False,False,
DOC005687,SIN01563,factura_clinica,True,True,2024-12-15,False,False,
DOC005688,SIN01563,orden_medica,True,True,2024-12-15,False,False,
DOC005689,SIN01563,historia_clinica,True,True,2024-12-15,False,False,
DOC005690,SIN01564,factura_clinica,True,True,2026-01-26,False,False,
DOC005691,SIN01564,orden_medica,True,True,2026-01-26,False,False,
DOC005692,SIN01564,historia_clinica,True,True,2026-01-26,False,False,
DOC005693,SIN01565,factura_clinica,True,True,2025-07-30,False,False,
DOC005694,SIN01565,orden_medica,True,True,2025-07-30,False,False,
DOC005695,SIN01565,historia_clinica,True,True,2025-07-30,False,False,
DOC005696,SIN01566,factura_clinica,True,True,2026-04-12,False,False,
DOC005697,SIN01566,orden_medica,True,True,2026-04-12,True,False,
DOC005698,SIN01566,historia_clinica,True,True,2026-04-12,False,False,
DOC005699,SIN01567,factura_clinica,True,True,2025-11-15,False,False,
DOC005700,SIN01567,orden_medica,True,True,2025-11-15,False,False,
DOC005701,SIN01567,historia_clinica,True,True,2025-11-15,False,False,
DOC005702,SIN01568,factura_clinica,True,True,2024-12-06,False,False,
DOC005703,SIN01568,orden_medica,False,True,2024-12-06,True,False,
DOC005704,SIN01568,historia_clinica,True,False,2024-12-06,True,False,
DOC005705,SIN01569,factura_clinica,True,True,2024-06-29,False,False,
DOC005706,SIN01569,orden_medica,True,True,2024-06-29,False,False,
DOC005707,SIN01569,historia_clinica,True,True,2024-06-29,False,False,
DOC005708,SIN01570,factura_clinica,True,True,2025-10-22,False,False,
DOC005709,SIN01570,orden_medica,True,True,2025-10-22,False,False,
DOC005710,SIN01570,historia_clinica,True,True,2025-10-22,False,False,
DOC005711,SIN01571,factura_clinica,True,True,2024-08-28,False,False,
DOC005712,SIN01571,orden_medica,True,True,2024-08-28,False,False,
DOC005713,SIN01571,historia_clinica,False,False,2024-08-28,False,False,
DOC005714,SIN01572,factura_clinica,True,True,2025-10-10,False,False,
DOC005715,SIN01572,orden_medica,True,True,2025-10-10,False,False,
DOC005716,SIN01572,historia_clinica,True,True,2025-10-10,False,False,
DOC005717,SIN01573,factura_clinica,True,True,2026-05-05,False,False,
DOC005718,SIN01573,orden_medica,True,True,2026-05-05,False,False,
DOC005719,SIN01573,historia_clinica,True,True,2026-05-05,False,False,
DOC005720,SIN01574,factura_clinica,True,True,2025-09-13,False,False,
DOC005721,SIN01574,orden_medica,True,True,2025-09-13,False,False,
DOC005722,SIN01574,historia_clinica,True,True,2025-09-13,False,False,
DOC005723,SIN01575,factura_clinica,True,True,2024-09-22,False,False,
DOC005724,SIN01575,orden_medica,True,True,2024-09-22,False,False,
DOC005725,SIN01575,historia_clinica,True,True,2024-09-22,False,False,
DOC005726,SIN01576,factura_clinica,True,False,2026-04-10,True,False,
DOC005727,SIN01576,orden_medica,True,True,2026-04-10,False,False,
DOC005728,SIN01576,historia_clinica,True,True,2026-04-10,False,False,
DOC005729,SIN01577,factura_clinica,True,True,2026-04-02,False,False,
DOC005730,SIN01577,orden_medica,True,True,2026-04-02,False,False,
DOC005731,SIN01577,historia_clinica,True,True,2026-04-02,False,False,
DOC005732,SIN01578,factura_clinica,True,True,2025-03-11,False,False,
DOC005733,SIN01578,orden_medica,True,True,2025-03-11,False,False,
DOC005734,SIN01578,historia_clinica,True,True,2025-03-11,False,False,
DOC005735,SIN01579,factura_clinica,True,True,2024-11-22,False,False,
DOC005736,SIN01579,orden_medica,True,True,2024-11-22,False,False,
DOC005737,SIN01579,historia_clinica,True,True,2024-11-22,False,False,
DOC005738,SIN01580,factura_clinica,True,True,2025-10-07,False,False,
DOC005739,SIN01580,orden_medica,True,True,2025-10-07,False,False,
DOC005740,SIN01580,historia_clinica,True,True,2025-10-07,False,False,
DOC005741,SIN01581,factura_clinica,True,True,2025-03-31,False,False,
DOC005742,SIN01581,orden_medica,True,False,2025-03-31,False,False,
DOC005743,SIN01581,historia_clinica,True,True,2025-03-31,False,False,
DOC005744,SIN01582,factura_clinica,True,True,2024-05-03,False,False,
DOC005745,SIN01582,orden_medica,True,True,2024-05-03,False,False,
DOC005746,SIN01582,historia_clinica,True,True,2024-05-03,False,False,
DOC005747,SIN01583,factura_clinica,True,True,2025-01-13,False,False,
DOC005748,SIN01583,orden_medica,True,True,2025-01-13,False,False,
DOC005749,SIN01583,historia_clinica,True,True,2025-01-13,False,False,
DOC005750,SIN01584,factura_clinica,True,True,2025-03-17,False,False,
DOC005751,SIN01584,orden_medica,True,True,2025-03-17,False,False,
DOC005752,SIN01584,historia_clinica,True,True,2025-03-17,False,False,
DOC005753,SIN01585,factura_clinica,True,True,2024-06-03,False,False,
DOC005754,SIN01585,orden_medica,True,True,2024-06-03,False,False,
DOC005755,SIN01585,historia_clinica,True,True,2024-06-03,True,False,
DOC005756,SIN01586,factura_clinica,True,True,2025-05-20,False,False,
DOC005757,SIN01586,orden_medica,True,False,2025-05-20,False,False,
DOC005758,SIN01586,historia_clinica,True,False,2025-05-20,False,False,
DOC005759,SIN01587,factura_clinica,True,True,2025-08-28,False,False,
DOC005760,SIN01587,orden_medica,True,True,2025-08-28,False,False,
DOC005761,SIN01587,historia_clinica,True,True,2025-08-28,False,False,
DOC005762,SIN01588,factura_clinica,True,True,2024-06-08,False,False,
DOC005763,SIN01588,orden_medica,True,True,2024-06-08,False,False,
DOC005764,SIN01588,historia_clinica,True,True,2024-06-08,False,False,
DOC005765,SIN01589,factura_clinica,True,True,2025-08-03,False,False,
DOC005766,SIN01589,orden_medica,True,True,2025-08-03,False,False,
DOC005767,SIN01589,historia_clinica,True,True,2025-08-03,False,False,
DOC005768,SIN01590,factura_clinica,True,True,2025-10-22,False,False,
DOC005769,SIN01590,orden_medica,True,True,2025-10-22,False,False,
DOC005770,SIN01590,historia_clinica,True,True,2025-10-22,False,False,
DOC005771,SIN01591,factura_clinica,True,True,2024-10-03,False,False,
DOC005772,SIN01591,orden_medica,True,True,2024-10-03,False,False,
DOC005773,SIN01591,historia_clinica,True,True,2024-10-03,False,False,
DOC005774,SIN01592,factura_clinica,True,True,2025-08-05,False,False,
DOC005775,SIN01592,orden_medica,True,True,2025-08-05,False,False,
DOC005776,SIN01592,historia_clinica,True,True,2025-08-05,False,False,
DOC005777,SIN01593,factura_clinica,True,True,2025-04-01,False,False,
DOC005778,SIN01593,orden_medica,True,True,2025-04-01,False,False,
DOC005779,SIN01593,historia_clinica,True,True,2025-04-01,False,False,
DOC005780,SIN01594,factura_clinica,True,True,2025-12-01,False,False,
DOC005781,SIN01594,orden_medica,True,True,2025-12-01,False,False,
DOC005782,SIN01594,historia_clinica,True,True,2025-12-01,False,False,
DOC005783,SIN01595,factura_clinica,True,False,2025-09-17,False,False,
DOC005784,SIN01595,orden_medica,True,True,2025-09-17,True,False,
DOC005785,SIN01595,historia_clinica,True,True,2025-09-17,False,False,
DOC005786,SIN01596,factura_clinica,False,False,2024-11-12,True,False,
DOC005787,SIN01596,orden_medica,True,True,2024-11-12,True,False,
DOC005788,SIN01596,historia_clinica,True,True,2024-11-12,False,False,
DOC005789,SIN01597,factura_clinica,True,True,2026-04-10,False,False,
DOC005790,SIN01597,orden_medica,True,True,2026-04-10,False,False,
DOC005791,SIN01597,historia_clinica,True,True,2026-04-10,False,False,
DOC005792,SIN01598,factura_clinica,False,True,2025-11-18,False,False,
DOC005793,SIN01598,orden_medica,True,True,2025-11-18,True,False,
DOC005794,SIN01598,historia_clinica,True,True,2025-11-18,True,False,
DOC005795,SIN01599,factura_clinica,True,True,2025-02-28,False,False,
DOC005796,SIN01599,orden_medica,True,True,2025-02-28,False,False,
DOC005797,SIN01599,historia_clinica,True,True,2025-02-28,False,False,
DOC005798,SIN01600,factura_clinica,True,True,2026-02-27,False,False,
DOC005799,SIN01600,orden_medica,True,True,2026-02-27,False,False,
DOC005800,SIN01600,historia_clinica,True,True,2026-02-27,False,False,
DOC005801,SIN01601,factura_clinica,True,True,2026-01-12,False,False,
DOC005802,SIN01601,orden_medica,True,True,2026-01-12,False,False,
DOC005803,SIN01601,historia_clinica,True,True,2026-01-12,False,False,
DOC005804,SIN01602,factura_clinica,True,True,2025-10-10,False,False,
DOC005805,SIN01602,orden_medica,True,True,2025-10-10,False,False,
DOC005806,SIN01602,historia_clinica,True,True,2025-10-10,False,False,
DOC005807,SIN01603,factura_clinica,True,True,2025-02-07,False,False,
DOC005808,SIN01603,orden_medica,True,True,2025-02-07,False,False,
DOC005809,SIN01603,historia_clinica,True,True,2025-02-07,False,False,
DOC005810,SIN01604,factura_clinica,True,True,2025-06-08,False,False,
DOC005811,SIN01604,orden_medica,True,True,2025-06-08,False,False,
DOC005812,SIN01604,historia_clinica,True,True,2025-06-08,False,False,
DOC005813,SIN01605,factura_clinica,True,True,2024-07-07,False,False,
DOC005814,SIN01605,orden_medica,True,False,2024-07-07,False,False,
DOC005815,SIN01605,historia_clinica,True,True,2024-07-07,False,False,
DOC005816,SIN01606,factura_clinica,True,True,2025-12-10,False,False,
DOC005817,SIN01606,orden_medica,False,True,2025-12-10,False,False,
DOC005818,SIN01606,historia_clinica,True,True,2025-12-10,False,False,
DOC005819,SIN01607,factura_clinica,True,True,2025-10-25,False,False,
DOC005820,SIN01607,orden_medica,True,True,2025-10-25,False,False,
DOC005821,SIN01607,historia_clinica,True,True,2025-10-25,False,False,
DOC005822,SIN01608,factura_clinica,True,True,2024-11-10,False,False,
DOC005823,SIN01608,orden_medica,True,True,2024-11-10,False,False,
DOC005824,SIN01608,historia_clinica,True,True,2024-11-10,False,False,
DOC005825,SIN01609,factura_clinica,True,True,2024-09-30,False,False,
DOC005826,SIN01609,orden_medica,True,True,2024-09-30,False,False,
DOC005827,SIN01609,historia_clinica,True,True,2024-09-30,False,False,
DOC005828,SIN01610,factura_clinica,True,True,2025-12-07,False,False,
DOC005829,SIN01610,orden_medica,True,True,2025-12-07,False,False,
DOC005830,SIN01610,historia_clinica,True,True,2025-12-07,False,False,
DOC005831,SIN01611,factura_clinica,True,True,2025-08-12,False,False,
DOC005832,SIN01611,orden_medica,True,True,2025-08-12,False,False,
DOC005833,SIN01611,historia_clinica,True,True,2025-08-12,False,False,
DOC005834,SIN01612,factura_clinica,True,True,2026-04-11,False,False,
DOC005835,SIN01612,orden_medica,True,True,2026-04-11,False,False,
DOC005836,SIN01612,historia_clinica,True,True,2026-04-11,False,False,
DOC005837,SIN01613,factura_clinica,True,True,2025-04-09,False,False,
DOC005838,SIN01613,orden_medica,True,True,2025-04-09,False,False,
DOC005839,SIN01613,historia_clinica,True,True,2025-04-09,False,False,
DOC005840,SIN01614,factura_clinica,True,True,2025-09-14,False,False,
DOC005841,SIN01614,orden_medica,True,True,2025-09-14,False,False,
DOC005842,SIN01614,historia_clinica,True,True,2025-09-14,False,False,
DOC005843,SIN01615,factura_clinica,False,True,2024-08-08,False,False,
DOC005844,SIN01615,orden_medica,True,True,2024-08-08,False,False,
DOC005845,SIN01615,historia_clinica,True,True,2024-08-08,False,False,
DOC005846,SIN01616,factura_clinica,True,True,2024-11-06,False,False,
DOC005847,SIN01616,orden_medica,True,True,2024-11-06,False,False,
DOC005848,SIN01616,historia_clinica,True,True,2024-11-06,False,False,
DOC005849,SIN01617,factura_clinica,False,True,2025-06-24,False,False,
DOC005850,SIN01617,orden_medica,True,True,2025-06-24,True,False,
DOC005851,SIN01617,historia_clinica,True,True,2025-06-24,False,False,
DOC005852,SIN01618,factura_clinica,True,True,2024-11-18,False,False,
DOC005853,SIN01618,orden_medica,True,True,2024-11-18,False,False,
DOC005854,SIN01618,historia_clinica,True,True,2024-11-18,False,False,
DOC005855,SIN01619,factura_clinica,True,False,2026-02-03,False,False,
DOC005856,SIN01619,orden_medica,True,True,2026-02-03,False,False,
DOC005857,SIN01619,historia_clinica,True,True,2026-02-03,False,False,
DOC005858,SIN01620,factura_clinica,True,True,2025-03-20,False,False,
DOC005859,SIN01620,orden_medica,True,True,2025-03-20,False,False,
DOC005860,SIN01620,historia_clinica,True,True,2025-03-20,False,False,
DOC005861,SIN01621,factura_clinica,True,True,2026-01-24,False,False,
DOC005862,SIN01621,orden_medica,True,True,2026-01-24,False,False,
DOC005863,SIN01621,historia_clinica,True,True,2026-01-24,False,False,
DOC005864,SIN01622,factura_clinica,True,True,2025-10-17,False,False,
DOC005865,SIN01622,orden_medica,True,True,2025-10-17,False,False,
DOC005866,SIN01622,historia_clinica,True,True,2025-10-17,False,False,
DOC005867,SIN01623,factura_clinica,True,True,2025-04-19,False,False,
DOC005868,SIN01623,orden_medica,True,True,2025-04-19,False,False,
DOC005869,SIN01623,historia_clinica,True,True,2025-04-19,False,False,
DOC005870,SIN01624,factura_clinica,True,True,2025-10-03,False,False,
DOC005871,SIN01624,orden_medica,True,True,2025-10-03,False,False,
DOC005872,SIN01624,historia_clinica,True,True,2025-10-03,False,False,
DOC005873,SIN01625,factura_clinica,True,True,2025-07-20,False,False,
DOC005874,SIN01625,orden_medica,True,True,2025-07-20,False,False,
DOC005875,SIN01625,historia_clinica,True,True,2025-07-20,False,False,
DOC005876,SIN01626,factura_clinica,True,True,2024-10-09,False,False,
DOC005877,SIN01626,orden_medica,True,True,2024-10-09,False,False,
DOC005878,SIN01626,historia_clinica,True,True,2024-10-09,False,False,
DOC005879,SIN01627,factura_clinica,True,True,2024-11-15,False,False,
DOC005880,SIN01627,orden_medica,True,True,2024-11-15,False,False,
DOC005881,SIN01627,historia_clinica,True,True,2024-11-15,False,False,
DOC005882,SIN01628,factura_clinica,True,True,2025-05-13,False,False,
DOC005883,SIN01628,orden_medica,True,True,2025-05-13,False,False,
DOC005884,SIN01628,historia_clinica,True,True,2025-05-13,False,False,
DOC005885,SIN01629,factura_clinica,True,True,2025-02-27,False,False,
DOC005886,SIN01629,orden_medica,True,True,2025-02-27,False,False,
DOC005887,SIN01629,historia_clinica,True,True,2025-02-27,False,False,
DOC005888,SIN01630,factura_clinica,True,True,2025-02-08,True,False,
DOC005889,SIN01630,orden_medica,True,True,2025-02-08,False,False,
DOC005890,SIN01630,historia_clinica,True,True,2025-02-08,False,False,
DOC005891,SIN01631,factura_clinica,True,True,2025-08-23,False,False,
DOC005892,SIN01631,orden_medica,True,True,2025-08-23,False,False,
DOC005893,SIN01631,historia_clinica,True,True,2025-08-23,False,False,
DOC005894,SIN01632,factura_clinica,True,True,2025-10-18,False,False,
DOC005895,SIN01632,orden_medica,True,True,2025-10-18,False,False,
DOC005896,SIN01632,historia_clinica,True,True,2025-10-18,False,False,
DOC005897,SIN01633,factura_clinica,True,True,2025-04-04,False,False,
DOC005898,SIN01633,orden_medica,False,True,2025-04-04,False,False,
DOC005899,SIN01633,historia_clinica,True,True,2025-04-04,False,False,
DOC005900,SIN01634,factura_clinica,True,True,2024-06-24,False,False,
DOC005901,SIN01634,orden_medica,True,True,2024-06-24,True,False,
DOC005902,SIN01634,historia_clinica,True,True,2024-06-24,False,False,
DOC005903,SIN01635,factura_clinica,True,True,2026-01-21,False,False,
DOC005904,SIN01635,orden_medica,True,True,2026-01-21,False,False,
DOC005905,SIN01635,historia_clinica,True,False,2026-01-21,False,False,
DOC005906,SIN01636,factura_clinica,True,True,2024-06-26,False,False,
DOC005907,SIN01636,orden_medica,True,True,2024-06-26,False,False,
DOC005908,SIN01636,historia_clinica,True,True,2024-06-26,False,False,
DOC005909,SIN01637,factura_clinica,True,True,2024-10-01,False,False,
DOC005910,SIN01637,orden_medica,True,True,2024-10-01,False,False,
DOC005911,SIN01637,historia_clinica,True,True,2024-10-01,False,False,
DOC005912,SIN01638,factura_clinica,True,True,2024-06-30,False,False,
DOC005913,SIN01638,orden_medica,True,True,2024-06-30,False,False,
DOC005914,SIN01638,historia_clinica,True,True,2024-06-30,False,False,
DOC005915,SIN01639,factura_clinica,True,True,2025-07-10,False,False,
DOC005916,SIN01639,orden_medica,True,True,2025-07-10,False,False,
DOC005917,SIN01639,historia_clinica,True,True,2025-07-10,False,False,
DOC005918,SIN01640,factura_clinica,True,True,2024-11-21,False,False,
DOC005919,SIN01640,orden_medica,True,True,2024-11-21,False,False,
DOC005920,SIN01640,historia_clinica,True,True,2024-11-21,False,False,
DOC005921,SIN01641,factura_clinica,True,True,2026-07-27,False,False,
DOC005922,SIN01641,orden_medica,True,True,2026-07-27,False,False,
DOC005923,SIN01641,historia_clinica,True,True,2026-07-27,False,False,
DOC005924,SIN01642,factura_clinica,True,True,2025-07-26,False,False,
DOC005925,SIN01642,orden_medica,True,False,2025-07-26,False,False,
DOC005926,SIN01642,historia_clinica,True,True,2025-07-26,False,False,
DOC005927,SIN01643,factura_clinica,True,True,2025-02-28,False,False,
DOC005928,SIN01643,orden_medica,True,True,2025-02-28,False,False,
DOC005929,SIN01643,historia_clinica,True,True,2025-02-28,True,False,
DOC005930,SIN01644,factura_clinica,True,True,2025-12-28,False,False,
DOC005931,SIN01644,orden_medica,True,True,2025-12-28,False,False,
DOC005932,SIN01644,historia_clinica,True,True,2025-12-28,False,False,
DOC005933,SIN01645,factura_clinica,True,True,2026-03-26,False,False,
DOC005934,SIN01645,orden_medica,True,True,2026-03-26,False,False,
DOC005935,SIN01645,historia_clinica,True,True,2026-03-26,True,False,
DOC005936,SIN01646,factura_clinica,True,True,2026-05-09,False,False,
DOC005937,SIN01646,orden_medica,True,True,2026-05-09,False,False,
DOC005938,SIN01646,historia_clinica,True,True,2026-05-09,False,False,
DOC005939,SIN01647,factura_clinica,True,True,2025-05-21,False,False,
DOC005940,SIN01647,orden_medica,True,True,2025-05-21,False,False,
DOC005941,SIN01647,historia_clinica,True,True,2025-05-21,False,False,
DOC005942,SIN01648,factura_clinica,False,True,2025-06-23,False,False,
DOC005943,SIN01648,orden_medica,True,True,2025-06-23,False,False,
DOC005944,SIN01648,historia_clinica,True,True,2025-06-23,False,False,
DOC005945,SIN01649,factura_clinica,True,True,2025-01-22,True,False,
DOC005946,SIN01649,orden_medica,True,True,2025-01-22,False,False,
DOC005947,SIN01649,historia_clinica,True,True,2025-01-22,False,False,
DOC005948,SIN01650,factura_clinica,True,True,2025-10-16,False,False,
DOC005949,SIN01650,orden_medica,False,True,2025-10-16,False,False,
DOC005950,SIN01650,historia_clinica,True,True,2025-10-16,False,False,
DOC005951,SIN01651,factura_clinica,True,True,2026-03-13,False,False,
DOC005952,SIN01651,orden_medica,True,True,2026-03-13,False,False,
DOC005953,SIN01651,historia_clinica,True,True,2026-03-13,True,False,
DOC005954,SIN01652,factura_clinica,True,True,2025-01-08,False,False,
DOC005955,SIN01652,orden_medica,True,True,2025-01-08,False,False,
DOC005956,SIN01652,historia_clinica,True,True,2025-01-08,False,False,
DOC005957,SIN01653,factura_clinica,False,True,2024-12-29,True,False,
DOC005958,SIN01653,orden_medica,True,True,2024-12-29,False,False,
DOC005959,SIN01653,historia_clinica,True,True,2024-12-29,False,False,
DOC005960,SIN01654,factura_clinica,True,True,2025-11-11,False,False,
DOC005961,SIN01654,orden_medica,True,True,2025-11-11,False,False,
DOC005962,SIN01654,historia_clinica,True,True,2025-11-11,False,False,
DOC005963,SIN01655,factura_clinica,True,True,2025-12-08,False,False,
DOC005964,SIN01655,orden_medica,True,True,2025-12-08,False,False,
DOC005965,SIN01655,historia_clinica,True,True,2025-12-08,False,False,
DOC005966,SIN01656,factura_clinica,True,True,2025-08-15,False,False,
DOC005967,SIN01656,orden_medica,True,True,2025-08-15,False,False,
DOC005968,SIN01656,historia_clinica,True,True,2025-08-15,False,False,
DOC005969,SIN01657,factura_clinica,True,True,2025-02-24,False,False,
DOC005970,SIN01657,orden_medica,True,True,2025-02-24,False,False,
DOC005971,SIN01657,historia_clinica,True,True,2025-02-24,False,False,
DOC005972,SIN01658,factura_clinica,True,True,2025-09-05,False,False,
DOC005973,SIN01658,orden_medica,True,True,2025-09-05,False,False,
DOC005974,SIN01658,historia_clinica,True,True,2025-09-05,False,False,
DOC005975,SIN01659,factura_clinica,False,True,2024-03-11,False,False,
DOC005976,SIN01659,orden_medica,True,True,2024-03-11,False,False,
DOC005977,SIN01659,historia_clinica,True,True,2024-03-11,False,False,
DOC005978,SIN01660,factura_clinica,True,True,2024-07-03,False,False,
DOC005979,SIN01660,orden_medica,False,True,2024-07-03,False,False,
DOC005980,SIN01660,historia_clinica,True,True,2024-07-03,True,False,
DOC005981,SIN01661,factura_clinica,True,True,2024-09-05,False,False,
DOC005982,SIN01661,orden_medica,True,True,2024-09-05,False,False,
DOC005983,SIN01661,historia_clinica,True,True,2024-09-05,True,False,
DOC005984,SIN01662,factura_clinica,True,True,2026-07-01,False,False,
DOC005985,SIN01662,orden_medica,True,True,2026-07-01,False,False,
DOC005986,SIN01662,historia_clinica,True,True,2026-07-01,False,False,
DOC005987,SIN01663,factura_clinica,True,False,2024-05-30,False,False,
DOC005988,SIN01663,orden_medica,True,True,2024-05-30,False,False,
DOC005989,SIN01663,historia_clinica,True,True,2024-05-30,False,False,
DOC005990,SIN01664,factura_clinica,True,True,2026-01-05,False,False,
DOC005991,SIN01664,orden_medica,True,True,2026-01-05,False,False,
DOC005992,SIN01664,historia_clinica,True,True,2026-01-05,False,False,
DOC005993,SIN01665,factura_clinica,True,True,2025-10-21,False,False,
DOC005994,SIN01665,orden_medica,True,True,2025-10-21,False,False,
DOC005995,SIN01665,historia_clinica,True,True,2025-10-21,False,False,
DOC005996,SIN01666,factura_clinica,True,True,2025-10-05,False,False,
DOC005997,SIN01666,orden_medica,True,True,2025-10-05,False,False,
DOC005998,SIN01666,historia_clinica,True,True,2025-10-05,False,False,
DOC005999,SIN01667,factura_clinica,True,True,2025-06-06,False,False,
DOC006000,SIN01667,orden_medica,True,True,2025-06-06,False,False,
DOC006001,SIN01667,historia_clinica,True,True,2025-06-06,False,False,
DOC006002,SIN01668,factura_clinica,True,True,2024-11-01,False,False,
DOC006003,SIN01668,orden_medica,True,True,2024-11-01,False,False,
DOC006004,SIN01668,historia_clinica,True,True,2024-11-01,False,False,
DOC006005,SIN01669,factura_clinica,True,False,2025-10-19,False,False,
DOC006006,SIN01669,orden_medica,False,True,2025-10-19,False,False,
DOC006007,SIN01669,historia_clinica,True,True,2025-10-19,False,False,
DOC006008,SIN01670,factura_clinica,True,True,2024-05-01,True,True,Alteracion simulada para demo
DOC006009,SIN01670,orden_medica,False,True,2024-05-01,False,False,
DOC006010,SIN01670,historia_clinica,True,True,2024-05-01,False,False,
DOC006011,SIN01671,factura_clinica,True,True,2025-08-20,False,False,
DOC006012,SIN01671,orden_medica,True,True,2025-08-20,False,False,
DOC006013,SIN01671,historia_clinica,True,True,2025-08-20,False,False,
DOC006014,SIN01672,factura_clinica,False,True,2024-10-25,True,False,
DOC006015,SIN01672,orden_medica,True,True,2024-10-25,False,False,
DOC006016,SIN01672,historia_clinica,True,False,2024-10-25,False,False,
DOC006017,SIN01673,factura_clinica,True,True,2025-03-01,False,False,
DOC006018,SIN01673,orden_medica,True,True,2025-03-01,False,False,
DOC006019,SIN01673,historia_clinica,True,True,2025-03-01,False,False,
DOC006020,SIN01674,factura_clinica,True,True,2025-05-01,False,False,
DOC006021,SIN01674,orden_medica,True,True,2025-05-01,False,False,
DOC006022,SIN01674,historia_clinica,True,True,2025-05-01,False,False,
DOC006023,SIN01675,factura_clinica,True,False,2026-01-23,False,False,
DOC006024,SIN01675,orden_medica,True,True,2026-01-23,False,False,
DOC006025,SIN01675,historia_clinica,True,True,2026-01-23,False,False,
DOC006026,SIN01676,factura_clinica,True,True,2024-06-29,False,False,
DOC006027,SIN01676,orden_medica,True,True,2024-06-29,False,False,
DOC006028,SIN01676,historia_clinica,True,True,2024-06-29,False,False,
DOC006029,SIN01677,factura_clinica,True,True,2025-04-23,False,False,
DOC006030,SIN01677,orden_medica,True,True,2025-04-23,False,False,
DOC006031,SIN01677,historia_clinica,True,True,2025-04-23,False,False,
DOC006032,SIN01678,factura_clinica,True,True,2025-10-30,False,False,
DOC006033,SIN01678,orden_medica,True,True,2025-10-30,False,False,
DOC006034,SIN01678,historia_clinica,True,True,2025-10-30,False,False,
DOC006035,SIN01679,factura_clinica,True,True,2024-12-07,False,False,
DOC006036,SIN01679,orden_medica,True,True,2024-12-07,False,False,
DOC006037,SIN01679,historia_clinica,True,True,2024-12-07,False,False,
DOC006038,SIN01680,factura_clinica,True,True,2025-09-18,False,False,
DOC006039,SIN01680,orden_medica,True,True,2025-09-18,True,False,
DOC006040,SIN01680,historia_clinica,True,True,2025-09-18,False,False,
DOC006041,SIN01681,factura_clinica,True,True,2025-03-08,False,False,
DOC006042,SIN01681,orden_medica,True,True,2025-03-08,False,False,
DOC006043,SIN01681,historia_clinica,True,True,2025-03-08,False,False,
DOC006044,SIN01682,factura_clinica,True,True,2025-02-14,False,False,
DOC006045,SIN01682,orden_medica,True,True,2025-02-14,False,False,
DOC006046,SIN01682,historia_clinica,True,True,2025-02-14,False,False,
DOC006047,SIN01683,factura_clinica,True,True,2025-06-07,False,False,
DOC006048,SIN01683,orden_medica,True,True,2025-06-07,False,False,
DOC006049,SIN01683,historia_clinica,True,True,2025-06-07,False,False,
DOC006050,SIN01684,factura_clinica,True,True,2024-09-24,True,False,
DOC006051,SIN01684,orden_medica,True,True,2024-09-24,False,False,
DOC006052,SIN01684,historia_clinica,True,True,2024-09-24,False,False,
DOC006053,SIN01685,factura_clinica,True,True,2024-07-20,False,False,
DOC006054,SIN01685,orden_medica,True,True,2024-07-20,False,False,
DOC006055,SIN01685,historia_clinica,True,True,2024-07-20,False,False,
DOC006056,SIN01686,factura_clinica,True,True,2025-04-10,False,False,
DOC006057,SIN01686,orden_medica,True,True,2025-04-10,False,False,
DOC006058,SIN01686,historia_clinica,True,True,2025-04-10,False,False,
DOC006059,SIN01687,factura_clinica,True,True,2025-10-06,False,False,
DOC006060,SIN01687,orden_medica,True,True,2025-10-06,False,False,
DOC006061,SIN01687,historia_clinica,True,True,2025-10-06,False,False,
DOC006062,SIN01688,factura_clinica,True,True,2026-03-18,False,False,
DOC006063,SIN01688,orden_medica,True,True,2026-03-18,False,False,
DOC006064,SIN01688,historia_clinica,True,True,2026-03-18,False,False,
DOC006065,SIN01689,factura_clinica,True,True,2024-11-28,False,False,
DOC006066,SIN01689,orden_medica,True,True,2024-11-28,False,False,
DOC006067,SIN01689,historia_clinica,True,True,2024-11-28,False,False,
DOC006068,SIN01690,factura_clinica,False,True,2024-06-25,False,False,
DOC006069,SIN01690,orden_medica,True,False,2024-06-25,False,False,
DOC006070,SIN01690,historia_clinica,True,True,2024-06-25,False,False,
DOC006071,SIN01691,factura_clinica,True,True,2024-05-05,False,False,
DOC006072,SIN01691,orden_medica,True,True,2024-05-05,False,False,
DOC006073,SIN01691,historia_clinica,True,True,2024-05-05,False,False,
DOC006074,SIN01692,factura_clinica,True,True,2025-08-03,False,False,
DOC006075,SIN01692,orden_medica,True,True,2025-08-03,False,False,
DOC006076,SIN01692,historia_clinica,True,True,2025-08-03,False,False,
DOC006077,SIN01693,factura_clinica,True,True,2025-09-11,False,False,
DOC006078,SIN01693,orden_medica,True,True,2025-09-11,False,False,
DOC006079,SIN01693,historia_clinica,True,True,2025-09-11,False,False,
DOC006080,SIN01694,factura_clinica,True,True,2025-01-29,False,False,
DOC006081,SIN01694,orden_medica,True,True,2025-01-29,False,False,
DOC006082,SIN01694,historia_clinica,True,True,2025-01-29,False,False,
DOC006083,SIN01695,factura_clinica,True,True,2025-12-28,False,False,
DOC006084,SIN01695,orden_medica,True,True,2025-12-28,False,False,
DOC006085,SIN01695,historia_clinica,True,True,2025-12-28,False,False,
DOC006086,SIN01696,factura_clinica,True,True,2025-03-25,False,False,
DOC006087,SIN01696,orden_medica,True,True,2025-03-25,False,False,
DOC006088,SIN01696,historia_clinica,True,True,2025-03-25,False,False,
DOC006089,SIN01697,factura_clinica,True,True,2025-05-22,False,False,
DOC006090,SIN01697,orden_medica,True,True,2025-05-22,False,False,
DOC006091,SIN01697,historia_clinica,True,True,2025-05-22,False,False,
DOC006092,SIN01698,factura_clinica,True,True,2025-02-11,False,False,
DOC006093,SIN01698,orden_medica,True,True,2025-02-11,False,False,
DOC006094,SIN01698,historia_clinica,True,True,2025-02-11,True,False,
DOC006095,SIN01699,factura_clinica,True,True,2025-02-25,False,False,
DOC006096,SIN01699,orden_medica,True,True,2025-02-25,False,False,
DOC006097,SIN01699,historia_clinica,True,True,2025-02-25,False,False,
DOC006098,SIN01700,factura_clinica,True,True,2025-11-20,False,False,
DOC006099,SIN01700,orden_medica,True,True,2025-11-20,False,False,
DOC006100,SIN01700,historia_clinica,True,True,2025-11-20,False,False,
DOC006101,SIN01701,factura_clinica,True,True,2026-05-02,False,False,
DOC006102,SIN01701,orden_medica,True,True,2026-05-02,False,False,
DOC006103,SIN01701,historia_clinica,True,True,2026-05-02,False,False,
DOC006104,SIN01702,factura_clinica,True,True,2024-12-23,False,False,
DOC006105,SIN01702,orden_medica,True,True,2024-12-23,False,False,
DOC006106,SIN01702,historia_clinica,True,True,2024-12-23,False,False,
DOC006107,SIN01703,factura_clinica,True,True,2026-01-28,False,False,
DOC006108,SIN01703,orden_medica,True,True,2026-01-28,False,False,
DOC006109,SIN01703,historia_clinica,True,True,2026-01-28,False,False,
DOC006110,SIN01704,factura_clinica,True,True,2026-03-08,False,False,
DOC006111,SIN01704,orden_medica,True,True,2026-03-08,False,False,
DOC006112,SIN01704,historia_clinica,True,True,2026-03-08,False,False,
DOC006113,SIN01705,factura_clinica,True,True,2024-09-09,False,False,
DOC006114,SIN01705,orden_medica,True,True,2024-09-09,True,False,
DOC006115,SIN01705,historia_clinica,True,True,2024-09-09,False,False,
DOC006116,SIN01706,factura_clinica,True,True,2025-02-06,False,False,
DOC006117,SIN01706,orden_medica,True,True,2025-02-06,False,False,
DOC006118,SIN01706,historia_clinica,True,True,2025-02-06,False,False,
DOC006119,SIN01707,factura_clinica,True,True,2024-09-10,False,False,
DOC006120,SIN01707,orden_medica,True,True,2024-09-10,False,False,
DOC006121,SIN01707,historia_clinica,True,True,2024-09-10,False,False,
DOC006122,SIN01708,factura_clinica,True,True,2026-04-15,False,False,
DOC006123,SIN01708,orden_medica,True,True,2026-04-15,False,False,
DOC006124,SIN01708,historia_clinica,True,True,2026-04-15,False,False,
DOC006125,SIN01709,factura_clinica,True,True,2024-10-02,False,False,
DOC006126,SIN01709,orden_medica,True,True,2024-10-02,False,False,
DOC006127,SIN01709,historia_clinica,True,True,2024-10-02,False,False,
DOC006128,SIN01710,factura_clinica,True,True,2025-05-03,False,False,
DOC006129,SIN01710,orden_medica,True,True,2025-05-03,False,False,
DOC006130,SIN01710,historia_clinica,True,True,2025-05-03,False,False,
DOC006131,SIN01711,factura_clinica,True,True,2025-11-24,False,False,
DOC006132,SIN01711,orden_medica,True,True,2025-11-24,False,False,
DOC006133,SIN01711,historia_clinica,True,True,2025-11-24,False,False,
DOC006134,SIN01712,factura_clinica,False,True,2025-08-15,False,False,
DOC006135,SIN01712,orden_medica,True,True,2025-08-15,False,False,
DOC006136,SIN01712,historia_clinica,True,True,2025-08-15,False,False,
DOC006137,SIN01713,factura_clinica,True,True,2024-10-21,False,False,
DOC006138,SIN01713,orden_medica,True,True,2024-10-21,False,False,
DOC006139,SIN01713,historia_clinica,True,True,2024-10-21,False,False,
DOC006140,SIN01714,factura_clinica,True,True,2025-11-07,False,False,
DOC006141,SIN01714,orden_medica,True,True,2025-11-07,False,False,
DOC006142,SIN01714,historia_clinica,True,True,2025-11-07,False,False,
DOC006143,SIN01715,factura_clinica,True,True,2024-10-27,False,False,
DOC006144,SIN01715,orden_medica,True,True,2024-10-27,False,False,
DOC006145,SIN01715,historia_clinica,True,True,2024-10-27,False,False,
DOC006146,SIN01716,factura_clinica,True,True,2025-08-18,False,False,
DOC006147,SIN01716,orden_medica,True,True,2025-08-18,False,False,
DOC006148,SIN01716,historia_clinica,True,True,2025-08-18,False,False,
DOC006149,SIN01717,factura_clinica,True,True,2025-06-12,False,False,
DOC006150,SIN01717,orden_medica,True,True,2025-06-12,False,False,
DOC006151,SIN01717,historia_clinica,True,True,2025-06-12,False,False,
DOC006152,SIN01718,factura_clinica,True,True,2024-10-18,False,False,
DOC006153,SIN01718,orden_medica,True,True,2024-10-18,False,False,
DOC006154,SIN01718,historia_clinica,True,True,2024-10-18,False,False,
DOC006155,SIN01719,factura_clinica,True,True,2025-05-27,False,False,
DOC006156,SIN01719,orden_medica,True,True,2025-05-27,False,False,
DOC006157,SIN01719,historia_clinica,True,True,2025-05-27,False,False,
DOC006158,SIN01720,factura_clinica,True,True,2025-05-01,False,False,
DOC006159,SIN01720,orden_medica,False,True,2025-05-01,False,False,
DOC006160,SIN01720,historia_clinica,True,True,2025-05-01,False,False,
DOC006161,SIN01721,factura_clinica,True,True,2025-04-22,False,False,
DOC006162,SIN01721,orden_medica,True,True,2025-04-22,False,False,
DOC006163,SIN01721,historia_clinica,True,True,2025-04-22,False,False,
DOC006164,SIN01722,factura_clinica,True,True,2025-04-23,False,False,
DOC006165,SIN01722,orden_medica,True,False,2025-04-23,False,False,
DOC006166,SIN01722,historia_clinica,True,True,2025-04-23,False,False,
DOC006167,SIN01723,factura_clinica,False,True,2025-05-20,False,False,
DOC006168,SIN01723,orden_medica,True,True,2025-05-20,False,False,
DOC006169,SIN01723,historia_clinica,True,True,2025-05-20,False,False,
DOC006170,SIN01724,factura_clinica,True,True,2025-03-02,False,False,
DOC006171,SIN01724,orden_medica,True,True,2025-03-02,False,False,
DOC006172,SIN01724,historia_clinica,True,True,2025-03-02,True,False,
DOC006173,SIN01725,factura_clinica,True,True,2024-03-07,False,False,
DOC006174,SIN01725,orden_medica,True,True,2024-03-07,False,False,
DOC006175,SIN01725,historia_clinica,True,True,2024-03-07,False,False,
DOC006176,SIN01726,factura_clinica,False,True,2026-07-16,False,False,
DOC006177,SIN01726,orden_medica,True,True,2026-07-16,False,False,
DOC006178,SIN01726,historia_clinica,True,True,2026-07-16,False,False,
DOC006179,SIN01727,factura_clinica,True,True,2025-01-28,False,False,
DOC006180,SIN01727,orden_medica,True,True,2025-01-28,False,False,
DOC006181,SIN01727,historia_clinica,True,True,2025-01-28,False,False,
DOC006182,SIN01728,factura_clinica,True,True,2026-02-09,False,False,
DOC006183,SIN01728,orden_medica,True,True,2026-02-09,False,False,
DOC006184,SIN01728,historia_clinica,True,True,2026-02-09,False,False,
DOC006185,SIN01729,factura_clinica,True,True,2024-09-02,False,False,
DOC006186,SIN01729,orden_medica,True,True,2024-09-02,False,False,
DOC006187,SIN01729,historia_clinica,True,True,2024-09-02,False,False,
DOC006188,SIN01730,factura_clinica,True,True,2025-07-11,False,False,
DOC006189,SIN01730,orden_medica,True,True,2025-07-11,False,False,
DOC006190,SIN01730,historia_clinica,True,True,2025-07-11,False,False,
DOC006191,SIN01731,factura_clinica,True,True,2025-03-28,False,False,
DOC006192,SIN01731,orden_medica,True,True,2025-03-28,False,False,
DOC006193,SIN01731,historia_clinica,True,True,2025-03-28,False,False,
DOC006194,SIN01732,factura_clinica,True,True,2025-03-18,False,False,
DOC006195,SIN01732,orden_medica,True,True,2025-03-18,False,False,
DOC006196,SIN01732,historia_clinica,True,True,2025-03-18,False,False,
DOC006197,SIN01733,factura_clinica,True,False,2025-02-13,False,False,
DOC006198,SIN01733,orden_medica,True,True,2025-02-13,False,False,
DOC006199,SIN01733,historia_clinica,True,True,2025-02-13,False,False,
DOC006200,SIN01734,factura_clinica,True,True,2025-09-21,False,False,
DOC006201,SIN01734,orden_medica,True,True,2025-09-21,False,False,
DOC006202,SIN01734,historia_clinica,True,True,2025-09-21,False,False,
DOC006203,SIN01735,factura_clinica,True,True,2024-11-15,False,False,
DOC006204,SIN01735,orden_medica,True,True,2024-11-15,False,False,
DOC006205,SIN01735,historia_clinica,True,True,2024-11-15,False,False,
DOC006206,SIN01736,factura_clinica,True,True,2026-03-12,False,False,
DOC006207,SIN01736,orden_medica,True,True,2026-03-12,False,False,
DOC006208,SIN01736,historia_clinica,True,True,2026-03-12,False,False,
DOC006209,SIN01737,factura_clinica,True,True,2024-06-25,False,False,
DOC006210,SIN01737,orden_medica,True,True,2024-06-25,False,False,
DOC006211,SIN01737,historia_clinica,True,True,2024-06-25,False,False,
DOC006212,SIN01738,factura_clinica,True,True,2025-04-04,False,False,
DOC006213,SIN01738,orden_medica,False,True,2025-04-04,True,False,
DOC006214,SIN01738,historia_clinica,True,True,2025-04-04,True,False,
DOC006215,SIN01739,factura_clinica,True,True,2025-07-29,False,False,
DOC006216,SIN01739,orden_medica,True,True,2025-07-29,False,False,
DOC006217,SIN01739,historia_clinica,True,True,2025-07-29,False,False,
DOC006218,SIN01740,factura_clinica,True,True,2026-01-05,False,False,
DOC006219,SIN01740,orden_medica,True,True,2026-01-05,False,False,
DOC006220,SIN01740,historia_clinica,True,True,2026-01-05,False,False,
DOC006221,SIN01741,factura_clinica,True,True,2025-08-23,False,False,
DOC006222,SIN01741,orden_medica,True,False,2025-08-23,False,False,
DOC006223,SIN01741,historia_clinica,True,True,2025-08-23,False,False,
DOC006224,SIN01742,factura_clinica,True,True,2024-10-27,False,False,
DOC006225,SIN01742,orden_medica,True,True,2024-10-27,False,False,
DOC006226,SIN01742,historia_clinica,True,True,2024-10-27,False,False,
DOC006227,SIN01743,factura_clinica,False,True,2025-05-24,False,False,
DOC006228,SIN01743,orden_medica,True,True,2025-05-24,False,False,
DOC006229,SIN01743,historia_clinica,True,True,2025-05-24,False,False,
DOC006230,SIN01744,factura_clinica,True,True,2024-12-15,False,False,
DOC006231,SIN01744,orden_medica,True,True,2024-12-15,False,False,
DOC006232,SIN01744,historia_clinica,True,True,2024-12-15,False,False,
DOC006233,SIN01745,factura_clinica,True,True,2025-05-11,False,False,
DOC006234,SIN01745,orden_medica,True,True,2025-05-11,False,False,
DOC006235,SIN01745,historia_clinica,True,True,2025-05-11,False,False,
DOC006236,SIN01746,factura_clinica,True,True,2024-10-19,False,False,
DOC006237,SIN01746,orden_medica,True,True,2024-10-19,False,False,
DOC006238,SIN01746,historia_clinica,True,True,2024-10-19,False,False,
DOC006239,SIN01747,factura_clinica,True,True,2025-07-08,False,False,
DOC006240,SIN01747,orden_medica,True,True,2025-07-08,False,False,
DOC006241,SIN01747,historia_clinica,True,True,2025-07-08,False,False,
DOC006242,SIN01748,factura_clinica,True,True,2026-05-07,False,False,
DOC006243,SIN01748,orden_medica,True,True,2026-05-07,False,False,
DOC006244,SIN01748,historia_clinica,True,True,2026-05-07,False,False,
DOC006245,SIN01749,factura_clinica,True,True,2026-08-19,False,False,
DOC006246,SIN01749,orden_medica,True,True,2026-08-19,False,False,
DOC006247,SIN01749,historia_clinica,True,True,2026-08-19,False,False,
DOC006248,SIN01750,factura_clinica,True,True,2024-11-09,False,False,
DOC006249,SIN01750,orden_medica,True,True,2024-11-09,False,False,
DOC006250,SIN01750,historia_clinica,True,True,2024-11-09,False,False,
DOC006251,SIN01751,factura_clinica,True,True,2024-08-15,False,False,
DOC006252,SIN01751,orden_medica,True,True,2024-08-15,False,False,
DOC006253,SIN01751,historia_clinica,True,True,2024-08-15,False,False,
DOC006254,SIN01752,factura_clinica,True,True,2024-11-22,False,False,
DOC006255,SIN01752,orden_medica,True,True,2024-11-22,False,False,
DOC006256,SIN01752,historia_clinica,True,True,2024-11-22,False,False,
DOC006257,SIN01753,factura_clinica,True,True,2025-08-13,False,False,
DOC006258,SIN01753,orden_medica,True,True,2025-08-13,False,False,
DOC006259,SIN01753,historia_clinica,True,True,2025-08-13,False,False,
DOC006260,SIN01754,factura_clinica,False,True,2025-08-21,False,False,
DOC006261,SIN01754,orden_medica,True,True,2025-08-21,False,False,
DOC006262,SIN01754,historia_clinica,True,True,2025-08-21,False,False,
DOC006263,SIN01755,factura_clinica,True,True,2024-08-12,False,False,
DOC006264,SIN01755,orden_medica,True,True,2024-08-12,False,False,
DOC006265,SIN01755,historia_clinica,True,True,2024-08-12,False,False,
DOC006266,SIN01756,factura_clinica,True,True,2025-08-22,False,False,
DOC006267,SIN01756,orden_medica,True,True,2025-08-22,False,False,
DOC006268,SIN01756,historia_clinica,True,True,2025-08-22,False,False,
DOC006269,SIN01757,factura_clinica,True,True,2025-09-04,False,False,
DOC006270,SIN01757,orden_medica,False,True,2025-09-04,False,False,
DOC006271,SIN01757,historia_clinica,True,True,2025-09-04,False,False,
DOC006272,SIN01758,factura_clinica,True,True,2026-04-17,False,False,
DOC006273,SIN01758,orden_medica,True,True,2026-04-17,False,False,
DOC006274,SIN01758,historia_clinica,True,True,2026-04-17,False,False,
DOC006275,SIN01759,factura_clinica,True,True,2025-04-13,False,False,
DOC006276,SIN01759,orden_medica,True,True,2025-04-13,False,False,
DOC006277,SIN01759,historia_clinica,True,True,2025-04-13,False,False,
DOC006278,SIN01760,factura_clinica,True,True,2026-03-11,True,False,
DOC006279,SIN01760,orden_medica,False,True,2026-03-11,False,False,
DOC006280,SIN01760,historia_clinica,True,True,2026-03-11,False,False,
DOC006281,SIN01761,factura_clinica,True,True,2025-10-16,False,False,
DOC006282,SIN01761,orden_medica,True,True,2025-10-16,False,False,
DOC006283,SIN01761,historia_clinica,True,True,2025-10-16,False,False,
DOC006284,SIN01762,factura_clinica,True,True,2024-09-25,False,False,
DOC006285,SIN01762,orden_medica,True,True,2024-09-25,True,False,
DOC006286,SIN01762,historia_clinica,True,True,2024-09-25,False,False,
DOC006287,SIN01763,factura_clinica,True,True,2026-08-04,False,False,
DOC006288,SIN01763,orden_medica,True,False,2026-08-04,False,False,
DOC006289,SIN01763,historia_clinica,True,True,2026-08-04,False,False,
DOC006290,SIN01764,factura_clinica,True,True,2024-04-16,False,False,
DOC006291,SIN01764,orden_medica,True,True,2024-04-16,False,False,
DOC006292,SIN01764,historia_clinica,True,True,2024-04-16,False,False,
DOC006293,SIN01765,factura_clinica,True,True,2025-05-03,False,False,
DOC006294,SIN01765,orden_medica,True,True,2025-05-03,False,False,
DOC006295,SIN01765,historia_clinica,True,True,2025-05-03,False,False,
DOC006296,SIN01766,factura_clinica,True,True,2024-11-26,False,False,
DOC006297,SIN01766,orden_medica,True,True,2024-11-26,False,False,
DOC006298,SIN01766,historia_clinica,True,True,2024-11-26,False,False,
DOC006299,SIN01767,factura_clinica,True,True,2025-08-26,False,False,
DOC006300,SIN01767,orden_medica,True,True,2025-08-26,False,False,
DOC006301,SIN01767,historia_clinica,True,True,2025-08-26,False,False,
DOC006302,SIN01768,factura_clinica,True,True,2024-11-04,False,False,
DOC006303,SIN01768,orden_medica,True,False,2024-11-04,False,False,
DOC006304,SIN01768,historia_clinica,True,True,2024-11-04,False,False,
DOC006305,SIN01769,factura_clinica,True,True,2025-11-06,False,False,
DOC006306,SIN01769,orden_medica,True,False,2025-11-06,False,False,
DOC006307,SIN01769,historia_clinica,True,True,2025-11-06,False,False,
DOC006308,SIN01770,factura_clinica,True,True,2024-08-22,False,False,
DOC006309,SIN01770,orden_medica,True,True,2024-08-22,False,False,
DOC006310,SIN01770,historia_clinica,True,True,2024-08-22,False,False,
DOC006311,SIN01771,factura_clinica,True,True,2025-05-07,False,False,
DOC006312,SIN01771,orden_medica,True,True,2025-05-07,False,False,
DOC006313,SIN01771,historia_clinica,True,True,2025-05-07,False,False,
DOC006314,SIN01772,factura_clinica,True,True,2025-01-09,False,False,
DOC006315,SIN01772,orden_medica,True,True,2025-01-09,False,False,
DOC006316,SIN01772,historia_clinica,True,True,2025-01-09,False,False,
DOC006317,SIN01773,factura_clinica,True,True,2025-11-23,False,False,
DOC006318,SIN01773,orden_medica,False,True,2025-11-23,False,False,
DOC006319,SIN01773,historia_clinica,True,True,2025-11-23,False,False,
DOC006320,SIN01774,factura_clinica,True,True,2025-01-25,False,False,
DOC006321,SIN01774,orden_medica,True,True,2025-01-25,False,False,
DOC006322,SIN01774,historia_clinica,True,True,2025-01-25,False,False,
DOC006323,SIN01775,factura_clinica,True,True,2025-07-23,False,False,
DOC006324,SIN01775,orden_medica,True,True,2025-07-23,False,False,
DOC006325,SIN01775,historia_clinica,True,True,2025-07-23,False,False,
DOC006326,SIN01776,factura_clinica,True,True,2025-03-07,False,False,
DOC006327,SIN01776,orden_medica,True,True,2025-03-07,False,False,
DOC006328,SIN01776,historia_clinica,True,True,2025-03-07,False,False,
DOC006329,SIN01777,factura_clinica,True,True,2024-12-11,False,False,
DOC006330,SIN01777,orden_medica,True,True,2024-12-11,False,False,
DOC006331,SIN01777,historia_clinica,True,True,2024-12-11,False,False,
DOC006332,SIN01778,factura_clinica,True,True,2025-03-18,False,False,
DOC006333,SIN01778,orden_medica,True,True,2025-03-18,False,False,
DOC006334,SIN01778,historia_clinica,True,True,2025-03-18,False,False,
DOC006335,SIN01779,factura_clinica,True,True,2025-07-10,False,False,
DOC006336,SIN01779,orden_medica,True,True,2025-07-10,False,False,
DOC006337,SIN01779,historia_clinica,True,True,2025-07-10,False,False,
DOC006338,SIN01780,factura_clinica,True,True,2024-11-21,False,False,
DOC006339,SIN01780,orden_medica,True,True,2024-11-21,False,False,
DOC006340,SIN01780,historia_clinica,True,False,2024-11-21,False,False,
DOC006341,SIN01781,factura_clinica,True,True,2024-12-10,False,False,
DOC006342,SIN01781,orden_medica,True,True,2024-12-10,False,False,
DOC006343,SIN01781,historia_clinica,True,True,2024-12-10,False,False,
DOC006344,SIN01782,factura_clinica,True,True,2026-08-19,True,False,
DOC006345,SIN01782,orden_medica,True,False,2026-08-19,True,False,
DOC006346,SIN01782,historia_clinica,True,True,2026-08-19,False,False,
DOC006347,SIN01783,factura_clinica,True,True,2025-09-23,False,False,
DOC006348,SIN01783,orden_medica,True,True,2025-09-23,False,False,
DOC006349,SIN01783,historia_clinica,True,True,2025-09-23,False,False,
DOC006350,SIN01784,factura_clinica,True,True,2024-08-07,False,False,
DOC006351,SIN01784,orden_medica,False,True,2024-08-07,False,False,
DOC006352,SIN01784,historia_clinica,True,True,2024-08-07,True,False,
DOC006353,SIN01785,factura_clinica,True,True,2024-12-19,False,False,
DOC006354,SIN01785,orden_medica,True,True,2024-12-19,False,False,
DOC006355,SIN01785,historia_clinica,True,True,2024-12-19,False,False,
DOC006356,SIN01786,factura_clinica,True,True,2026-07-19,False,False,
DOC006357,SIN01786,orden_medica,True,True,2026-07-19,False,False,
DOC006358,SIN01786,historia_clinica,True,True,2026-07-19,False,False,
DOC006359,SIN01787,factura_clinica,True,True,2025-12-18,False,False,
DOC006360,SIN01787,orden_medica,True,True,2025-12-18,False,False,
DOC006361,SIN01787,historia_clinica,True,True,2025-12-18,False,False,
DOC006362,SIN01788,factura_clinica,True,True,2026-05-15,True,False,
DOC006363,SIN01788,orden_medica,True,True,2026-05-15,False,False,
DOC006364,SIN01788,historia_clinica,True,True,2026-05-15,False,False,
DOC006365,SIN01789,factura_clinica,True,True,2025-08-04,False,False,
DOC006366,SIN01789,orden_medica,True,True,2025-08-04,False,False,
DOC006367,SIN01789,historia_clinica,True,True,2025-08-04,False,False,
DOC006368,SIN01790,factura_clinica,True,True,2026-05-17,False,False,
DOC006369,SIN01790,orden_medica,True,True,2026-05-17,False,False,
DOC006370,SIN01790,historia_clinica,True,True,2026-05-17,False,False,
DOC006371,SIN01791,factura_clinica,True,True,2025-01-16,False,False,
DOC006372,SIN01791,orden_medica,True,True,2025-01-16,False,False,
DOC006373,SIN01791,historia_clinica,True,True,2025-01-16,False,False,
DOC006374,SIN01792,factura_clinica,True,True,2024-06-11,False,False,
DOC006375,SIN01792,orden_medica,True,True,2024-06-11,False,False,
DOC006376,SIN01792,historia_clinica,True,True,2024-06-11,False,False,
DOC006377,SIN01793,factura_clinica,True,True,2026-05-15,False,False,
DOC006378,SIN01793,orden_medica,True,True,2026-05-15,False,False,
DOC006379,SIN01793,historia_clinica,True,True,2026-05-15,False,False,
DOC006380,SIN01794,factura_clinica,True,True,2025-12-03,True,False,
DOC006381,SIN01794,orden_medica,True,True,2025-12-03,False,False,
DOC006382,SIN01794,historia_clinica,True,True,2025-12-03,False,False,
DOC006383,SIN01795,factura_clinica,True,True,2025-09-11,False,False,
DOC006384,SIN01795,orden_medica,True,True,2025-09-11,False,False,
DOC006385,SIN01795,historia_clinica,True,True,2025-09-11,False,False,
DOC006386,SIN01796,factura_clinica,True,True,2025-01-18,True,False,
DOC006387,SIN01796,orden_medica,True,True,2025-01-18,False,False,
DOC006388,SIN01796,historia_clinica,True,True,2025-01-18,True,False,
DOC006389,SIN01797,factura_clinica,True,True,2024-10-05,False,False,
DOC006390,SIN01797,orden_medica,True,True,2024-10-05,False,False,
DOC006391,SIN01797,historia_clinica,False,True,2024-10-05,False,False,
DOC006392,SIN01798,factura_clinica,True,True,2024-10-30,False,False,
DOC006393,SIN01798,orden_medica,True,True,2024-10-30,False,False,
DOC006394,SIN01798,historia_clinica,True,True,2024-10-30,False,False,
DOC006395,SIN01799,factura_clinica,True,True,2025-02-13,False,False,
DOC006396,SIN01799,orden_medica,True,True,2025-02-13,False,False,
DOC006397,SIN01799,historia_clinica,True,True,2025-02-13,False,False,
DOC006398,SIN01800,factura_clinica,True,True,2024-09-12,True,False,
DOC006399,SIN01800,orden_medica,True,True,2024-09-12,False,False,
DOC006400,SIN01800,historia_clinica,True,True,2024-09-12,False,False,
DOC006401,SIN01801,factura_clinica,True,True,2025-08-03,False,False,
DOC006402,SIN01801,orden_medica,False,True,2025-08-03,False,False,
DOC006403,SIN01801,historia_clinica,True,True,2025-08-03,False,False,
DOC006404,SIN01802,factura_clinica,True,True,2024-10-29,False,False,
DOC006405,SIN01802,orden_medica,True,True,2024-10-29,False,False,
DOC006406,SIN01802,historia_clinica,True,True,2024-10-29,False,False,
DOC006407,SIN01803,factura_clinica,True,True,2025-06-19,False,False,
DOC006408,SIN01803,orden_medica,True,True,2025-06-19,False,False,
DOC006409,SIN01803,historia_clinica,True,True,2025-06-19,False,False,
DOC006410,SIN01804,factura_clinica,True,True,2024-11-28,False,False,
DOC006411,SIN01804,orden_medica,True,True,2024-11-28,False,False,
DOC006412,SIN01804,historia_clinica,True,True,2024-11-28,False,False,
DOC006413,SIN01805,factura_clinica,True,True,2025-04-30,False,False,
DOC006414,SIN01805,orden_medica,True,True,2025-04-30,False,False,
DOC006415,SIN01805,historia_clinica,True,True,2025-04-30,False,False,
DOC006416,SIN01806,factura_clinica,True,True,2025-03-25,False,False,
DOC006417,SIN01806,orden_medica,True,True,2025-03-25,False,False,
DOC006418,SIN01806,historia_clinica,True,True,2025-03-25,False,False,
DOC006419,SIN01807,factura_clinica,True,True,2025-10-31,False,False,
DOC006420,SIN01807,orden_medica,True,True,2025-10-31,False,False,
DOC006421,SIN01807,historia_clinica,True,True,2025-10-31,False,False,
DOC006422,SIN01808,factura_clinica,True,True,2026-01-26,False,False,
DOC006423,SIN01808,orden_medica,True,True,2026-01-26,False,False,
DOC006424,SIN01808,historia_clinica,True,True,2026-01-26,False,False,
DOC006425,SIN01809,factura_clinica,True,True,2024-10-20,False,False,
DOC006426,SIN01809,orden_medica,True,False,2024-10-20,False,False,
DOC006427,SIN01809,historia_clinica,True,True,2024-10-20,False,False,
DOC006428,SIN01810,factura_clinica,True,True,2025-08-01,False,False,
DOC006429,SIN01810,orden_medica,True,True,2025-08-01,False,False,
DOC006430,SIN01810,historia_clinica,True,True,2025-08-01,False,False,
DOC006431,SIN01811,factura_clinica,True,True,2024-12-20,False,False,
DOC006432,SIN01811,orden_medica,True,True,2024-12-20,False,False,
DOC006433,SIN01811,historia_clinica,True,True,2024-12-20,False,False,
DOC006434,SIN01812,factura_clinica,True,False,2025-12-27,False,False,
DOC006435,SIN01812,orden_medica,True,False,2025-12-27,False,False,
DOC006436,SIN01812,historia_clinica,True,True,2025-12-27,True,False,
DOC006437,SIN01813,factura_clinica,True,True,2024-04-29,False,False,
DOC006438,SIN01813,orden_medica,True,True,2024-04-29,False,False,
DOC006439,SIN01813,historia_clinica,True,True,2024-04-29,False,False,
DOC006440,SIN01814,factura_clinica,True,True,2025-09-13,False,False,
DOC006441,SIN01814,orden_medica,True,True,2025-09-13,False,False,
DOC006442,SIN01814,historia_clinica,True,True,2025-09-13,False,False,
DOC006443,SIN01815,factura_clinica,True,True,2024-12-15,False,False,
DOC006444,SIN01815,orden_medica,True,True,2024-12-15,False,False,
DOC006445,SIN01815,historia_clinica,False,True,2024-12-15,False,False,
DOC006446,SIN01816,factura_clinica,True,True,2024-11-11,False,False,
DOC006447,SIN01816,orden_medica,True,True,2024-11-11,False,False,
DOC006448,SIN01816,historia_clinica,True,True,2024-11-11,True,False,
DOC006449,SIN01817,factura_clinica,True,True,2024-11-20,False,False,
DOC006450,SIN01817,orden_medica,True,False,2024-11-20,False,False,
DOC006451,SIN01817,historia_clinica,True,True,2024-11-20,False,False,
DOC006452,SIN01818,factura_clinica,True,True,2024-08-01,False,False,
DOC006453,SIN01818,orden_medica,True,True,2024-08-01,False,False,
DOC006454,SIN01818,historia_clinica,True,True,2024-08-01,False,False,
DOC006455,SIN01819,factura_clinica,True,True,2025-09-17,False,False,
DOC006456,SIN01819,orden_medica,True,True,2025-09-17,False,False,
DOC006457,SIN01819,historia_clinica,True,True,2025-09-17,False,False,
DOC006458,SIN01820,factura_clinica,True,True,2025-09-10,False,False,
DOC006459,SIN01820,orden_medica,True,True,2025-09-10,False,False,
DOC006460,SIN01820,historia_clinica,True,True,2025-09-10,False,False,
DOC006461,SIN01821,factura_clinica,True,True,2025-06-26,False,False,
DOC006462,SIN01821,orden_medica,True,True,2025-06-26,False,False,
DOC006463,SIN01821,historia_clinica,True,True,2025-06-26,True,False,
DOC006464,SIN01822,factura_clinica,True,True,2025-06-26,False,False,
DOC006465,SIN01822,orden_medica,True,True,2025-06-26,False,False,
DOC006466,SIN01822,historia_clinica,True,False,2025-06-26,False,False,
DOC006467,SIN01823,factura_clinica,True,True,2025-04-25,False,False,
DOC006468,SIN01823,orden_medica,True,True,2025-04-25,False,False,
DOC006469,SIN01823,historia_clinica,True,True,2025-04-25,False,False,
DOC006470,SIN01824,factura_clinica,True,True,2024-11-02,False,False,
DOC006471,SIN01824,orden_medica,False,False,2024-11-02,False,False,
DOC006472,SIN01824,historia_clinica,True,True,2024-11-02,False,False,
DOC006473,SIN01825,factura_clinica,True,True,2025-04-08,False,False,
DOC006474,SIN01825,orden_medica,True,True,2025-04-08,False,False,
DOC006475,SIN01825,historia_clinica,True,True,2025-04-08,False,False,
DOC006476,SIN01826,factura_clinica,True,True,2024-11-12,False,False,
DOC006477,SIN01826,orden_medica,True,True,2024-11-12,False,False,
DOC006478,SIN01826,historia_clinica,True,True,2024-11-12,False,False,
DOC006479,SIN01827,factura_clinica,True,True,2025-05-17,False,False,
DOC006480,SIN01827,orden_medica,True,True,2025-05-17,False,False,
DOC006481,SIN01827,historia_clinica,True,True,2025-05-17,False,False,
DOC006482,SIN01828,factura_clinica,True,True,2025-12-27,False,False,
DOC006483,SIN01828,orden_medica,True,True,2025-12-27,False,False,
DOC006484,SIN01828,historia_clinica,True,True,2025-12-27,False,False,
DOC006485,SIN01829,factura_clinica,True,True,2026-02-13,False,False,
DOC006486,SIN01829,orden_medica,True,True,2026-02-13,False,False,
DOC006487,SIN01829,historia_clinica,True,True,2026-02-13,False,False,
DOC006488,SIN01830,factura_clinica,True,False,2026-01-01,True,False,
DOC006489,SIN01830,orden_medica,True,True,2026-01-01,False,False,
DOC006490,SIN01830,historia_clinica,True,True,2026-01-01,False,False,
DOC006491,SIN01831,factura_clinica,True,True,2024-12-09,False,False,
DOC006492,SIN01831,orden_medica,True,True,2024-12-09,False,False,
DOC006493,SIN01831,historia_clinica,True,True,2024-12-09,False,False,
DOC006494,SIN01832,factura_clinica,True,True,2024-09-29,False,False,
DOC006495,SIN01832,orden_medica,True,True,2024-09-29,False,False,
DOC006496,SIN01832,historia_clinica,True,True,2024-09-29,False,False,
DOC006497,SIN01833,factura_clinica,True,True,2025-08-23,False,False,
DOC006498,SIN01833,orden_medica,True,True,2025-08-23,False,False,
DOC006499,SIN01833,historia_clinica,True,False,2025-08-23,False,False,
DOC006500,SIN01834,factura_clinica,True,False,2026-06-30,False,False,
DOC006501,SIN01834,orden_medica,True,True,2026-06-30,False,False,
DOC006502,SIN01834,historia_clinica,True,True,2026-06-30,False,False,
DOC006503,SIN01835,factura_clinica,True,True,2025-08-05,False,False,
DOC006504,SIN01835,orden_medica,True,True,2025-08-05,False,False,
DOC006505,SIN01835,historia_clinica,True,True,2025-08-05,False,False,
DOC006506,SIN01836,factura_clinica,True,True,2024-06-22,False,False,
DOC006507,SIN01836,orden_medica,True,False,2024-06-22,False,False,
DOC006508,SIN01836,historia_clinica,False,True,2024-06-22,False,False,
DOC006509,SIN01837,factura_clinica,True,True,2025-11-15,False,False,
DOC006510,SIN01837,orden_medica,True,True,2025-11-15,False,False,
DOC006511,SIN01837,historia_clinica,True,True,2025-11-15,False,False,
DOC006512,SIN01838,factura_clinica,True,True,2024-12-31,False,False,
DOC006513,SIN01838,orden_medica,True,True,2024-12-31,False,False,
DOC006514,SIN01838,historia_clinica,False,False,2024-12-31,False,False,
DOC006515,SIN01839,factura_clinica,True,True,2024-09-13,False,False,
DOC006516,SIN01839,orden_medica,True,True,2024-09-13,False,False,
DOC006517,SIN01839,historia_clinica,True,True,2024-09-13,False,False,
DOC006518,SIN01840,factura_clinica,True,True,2025-07-10,False,False,
DOC006519,SIN01840,orden_medica,True,True,2025-07-10,False,False,
DOC006520,SIN01840,historia_clinica,True,True,2025-07-10,False,False,
DOC006521,SIN01841,factura_clinica,True,True,2024-12-15,False,False,
DOC006522,SIN01841,orden_medica,True,True,2024-12-15,False,False,
DOC006523,SIN01841,historia_clinica,True,True,2024-12-15,False,False,
DOC006524,SIN01842,factura_clinica,True,True,2025-07-14,False,False,
DOC006525,SIN01842,orden_medica,True,True,2025-07-14,False,False,
DOC006526,SIN01842,historia_clinica,True,True,2025-07-14,False,False,
DOC006527,SIN01843,factura_clinica,False,True,2025-08-04,False,False,
DOC006528,SIN01843,orden_medica,True,True,2025-08-04,False,False,
DOC006529,SIN01843,historia_clinica,True,True,2025-08-04,True,False,
DOC006530,SIN01844,factura_clinica,True,True,2025-08-30,False,False,
DOC006531,SIN01844,orden_medica,False,True,2025-08-30,True,False,
DOC006532,SIN01844,historia_clinica,True,True,2025-08-30,False,False,
DOC006533,SIN01845,factura_clinica,True,True,2025-02-23,False,False,
DOC006534,SIN01845,orden_medica,True,True,2025-02-23,False,False,
DOC006535,SIN01845,historia_clinica,True,True,2025-02-23,False,False,
DOC006536,SIN01846,factura_clinica,True,True,2025-04-06,False,False,
DOC006537,SIN01846,orden_medica,True,True,2025-04-06,False,False,
DOC006538,SIN01846,historia_clinica,True,True,2025-04-06,False,False,
DOC006539,SIN01847,factura_clinica,True,True,2025-07-29,False,False,
DOC006540,SIN01847,orden_medica,True,True,2025-07-29,False,False,
DOC006541,SIN01847,historia_clinica,True,True,2025-07-29,False,False,
DOC006542,SIN01848,factura_clinica,True,True,2025-07-12,False,False,
DOC006543,SIN01848,orden_medica,True,True,2025-07-12,False,False,
DOC006544,SIN01848,historia_clinica,True,False,2025-07-12,False,False,
DOC006545,SIN01849,factura_clinica,True,True,2024-03-25,True,True,Alteracion simulada para demo
DOC006546,SIN01849,orden_medica,True,True,2024-03-25,False,False,
DOC006547,SIN01849,historia_clinica,True,True,2024-03-25,False,False,
DOC006548,SIN01850,factura_clinica,True,True,2025-02-08,False,False,
DOC006549,SIN01850,orden_medica,True,True,2025-02-08,False,False,
DOC006550,SIN01850,historia_clinica,True,True,2025-02-08,False,False,
DOC006551,SIN01851,factura_clinica,True,True,2025-12-29,False,False,
DOC006552,SIN01851,orden_medica,True,True,2025-12-29,False,False,
DOC006553,SIN01851,historia_clinica,True,True,2025-12-29,False,False,
DOC006554,SIN01852,factura_clinica,True,True,2025-03-01,False,False,
DOC006555,SIN01852,orden_medica,True,False,2025-03-01,False,False,
DOC006556,SIN01852,historia_clinica,True,True,2025-03-01,False,False,
DOC006557,SIN01853,factura_clinica,True,True,2026-04-28,False,False,
DOC006558,SIN01853,orden_medica,True,False,2026-04-28,True,False,
DOC006559,SIN01853,historia_clinica,True,True,2026-04-28,False,False,
DOC006560,SIN01854,factura_clinica,True,True,2024-07-30,True,False,
DOC006561,SIN01854,orden_medica,True,True,2024-07-30,False,False,
DOC006562,SIN01854,historia_clinica,False,True,2024-07-30,True,False,
DOC006563,SIN01855,factura_clinica,True,True,2025-03-02,False,False,
DOC006564,SIN01855,orden_medica,True,True,2025-03-02,False,False,
DOC006565,SIN01855,historia_clinica,True,True,2025-03-02,False,False,
DOC006566,SIN01856,factura_clinica,True,True,2026-08-30,False,False,
DOC006567,SIN01856,orden_medica,True,True,2026-08-30,True,False,
DOC006568,SIN01856,historia_clinica,True,True,2026-08-30,False,False,
DOC006569,SIN01857,factura_clinica,True,True,2025-03-16,False,False,
DOC006570,SIN01857,orden_medica,True,True,2025-03-16,False,False,
DOC006571,SIN01857,historia_clinica,True,True,2025-03-16,False,False,
DOC006572,SIN01858,factura_clinica,True,True,2024-09-15,True,False,
DOC006573,SIN01858,orden_medica,True,True,2024-09-15,False,False,
DOC006574,SIN01858,historia_clinica,True,True,2024-09-15,False,False,
DOC006575,SIN01859,factura_clinica,True,True,2025-10-13,False,False,
DOC006576,SIN01859,orden_medica,True,True,2025-10-13,False,False,
DOC006577,SIN01859,historia_clinica,True,True,2025-10-13,False,False,
DOC006578,SIN01860,factura_clinica,True,True,2025-03-11,False,False,
DOC006579,SIN01860,orden_medica,True,True,2025-03-11,False,False,
DOC006580,SIN01860,historia_clinica,True,True,2025-03-11,False,False,
DOC006581,SIN01861,factura_clinica,True,True,2026-05-30,False,False,
DOC006582,SIN01861,orden_medica,False,True,2026-05-30,False,False,
DOC006583,SIN01861,historia_clinica,True,True,2026-05-30,False,False,
DOC006584,SIN01862,factura_clinica,True,True,2025-03-01,False,False,
DOC006585,SIN01862,orden_medica,True,True,2025-03-01,False,False,
DOC006586,SIN01862,historia_clinica,True,True,2025-03-01,False,False,
DOC006587,SIN01863,factura_clinica,True,True,2025-10-23,False,False,
DOC006588,SIN01863,orden_medica,True,True,2025-10-23,False,False,
DOC006589,SIN01863,historia_clinica,True,True,2025-10-23,False,False,
DOC006590,SIN01864,factura_clinica,True,True,2026-03-07,False,False,
DOC006591,SIN01864,orden_medica,True,True,2026-03-07,False,False,
DOC006592,SIN01864,historia_clinica,True,True,2026-03-07,True,False,
DOC006593,SIN01865,factura_clinica,True,True,2025-05-19,False,False,
DOC006594,SIN01865,orden_medica,True,True,2025-05-19,False,False,
DOC006595,SIN01865,historia_clinica,True,True,2025-05-19,False,False,
DOC006596,SIN01866,factura_clinica,True,True,2025-06-18,False,False,
DOC006597,SIN01866,orden_medica,True,True,2025-06-18,False,False,
DOC006598,SIN01866,historia_clinica,True,True,2025-06-18,False,False,
DOC006599,SIN01867,factura_clinica,True,False,2024-09-24,False,False,
DOC006600,SIN01867,orden_medica,True,True,2024-09-24,False,False,
DOC006601,SIN01867,historia_clinica,True,False,2024-09-24,False,False,
DOC006602,SIN01868,factura_clinica,True,True,2024-11-07,False,False,
DOC006603,SIN01868,orden_medica,True,True,2024-11-07,False,False,
DOC006604,SIN01868,historia_clinica,True,True,2024-11-07,False,False,
DOC006605,SIN01869,factura_clinica,True,True,2024-09-02,False,False,
DOC006606,SIN01869,orden_medica,True,True,2024-09-02,False,False,
DOC006607,SIN01869,historia_clinica,True,True,2024-09-02,False,False,
DOC006608,SIN01870,factura_clinica,True,True,2025-07-27,False,False,
DOC006609,SIN01870,orden_medica,True,True,2025-07-27,False,False,
DOC006610,SIN01870,historia_clinica,True,True,2025-07-27,False,False,
DOC006611,SIN01871,factura_clinica,True,True,2025-06-02,False,False,
DOC006612,SIN01871,orden_medica,False,True,2025-06-02,False,False,
DOC006613,SIN01871,historia_clinica,True,False,2025-06-02,False,False,
DOC006614,SIN01872,factura_clinica,True,True,2025-05-23,False,False,
DOC006615,SIN01872,orden_medica,True,True,2025-05-23,False,False,
DOC006616,SIN01872,historia_clinica,True,True,2025-05-23,False,False,
DOC006617,SIN01873,factura_clinica,True,True,2024-10-29,False,False,
DOC006618,SIN01873,orden_medica,True,True,2024-10-29,False,False,
DOC006619,SIN01873,historia_clinica,True,True,2024-10-29,False,False,
DOC006620,SIN01874,factura_clinica,True,True,2026-04-09,False,False,
DOC006621,SIN01874,orden_medica,True,True,2026-04-09,False,False,
DOC006622,SIN01874,historia_clinica,True,True,2026-04-09,False,False,
DOC006623,SIN01875,factura_clinica,True,False,2025-07-08,False,False,
DOC006624,SIN01875,orden_medica,True,True,2025-07-08,False,False,
DOC006625,SIN01875,historia_clinica,True,True,2025-07-08,False,False,
DOC006626,SIN01876,factura_clinica,True,True,2024-11-18,False,False,
DOC006627,SIN01876,orden_medica,True,True,2024-11-18,False,False,
DOC006628,SIN01876,historia_clinica,True,True,2024-11-18,False,False,
DOC006629,SIN01877,factura_clinica,True,True,2025-03-16,False,False,
DOC006630,SIN01877,orden_medica,True,True,2025-03-16,False,False,
DOC006631,SIN01877,historia_clinica,True,True,2025-03-16,False,False,
DOC006632,SIN01878,factura_clinica,True,True,2025-05-26,False,False,
DOC006633,SIN01878,orden_medica,True,True,2025-05-26,False,False,
DOC006634,SIN01878,historia_clinica,True,True,2025-05-26,False,False,
DOC006635,SIN01879,factura_clinica,True,True,2024-02-07,False,False,
DOC006636,SIN01879,orden_medica,True,True,2024-02-07,False,False,
DOC006637,SIN01879,historia_clinica,True,True,2024-02-07,True,False,
DOC006638,SIN01880,factura_clinica,True,True,2024-05-23,False,False,
DOC006639,SIN01880,orden_medica,False,True,2024-05-23,True,False,
DOC006640,SIN01880,historia_clinica,True,True,2024-05-23,False,False,
DOC006641,SIN01881,factura_clinica,True,True,2025-01-26,False,False,
DOC006642,SIN01881,orden_medica,True,True,2025-01-26,False,False,
DOC006643,SIN01881,historia_clinica,True,True,2025-01-26,False,False,
DOC006644,SIN01882,factura_clinica,True,True,2025-05-29,False,False,
DOC006645,SIN01882,orden_medica,True,True,2025-05-29,False,False,
DOC006646,SIN01882,historia_clinica,True,True,2025-05-29,True,False,
DOC006647,SIN01883,factura_clinica,True,True,2025-11-06,False,False,
DOC006648,SIN01883,orden_medica,True,True,2025-11-06,False,False,
DOC006649,SIN01883,historia_clinica,True,True,2025-11-06,False,False,
DOC006650,SIN01884,factura_clinica,True,True,2025-06-29,False,False,
DOC006651,SIN01884,orden_medica,True,True,2025-06-29,False,False,
DOC006652,SIN01884,historia_clinica,True,True,2025-06-29,False,False,
DOC006653,SIN01885,factura_clinica,True,True,2025-08-25,False,False,
DOC006654,SIN01885,orden_medica,True,True,2025-08-25,False,False,
DOC006655,SIN01885,historia_clinica,True,True,2025-08-25,False,False,
DOC006656,SIN01886,factura_clinica,True,True,2025-07-04,False,False,
DOC006657,SIN01886,orden_medica,True,True,2025-07-04,False,False,
DOC006658,SIN01886,historia_clinica,True,True,2025-07-04,False,False,
DOC006659,SIN01887,factura_clinica,True,True,2025-11-07,False,False,
DOC006660,SIN01887,orden_medica,True,False,2025-11-07,True,False,
DOC006661,SIN01887,historia_clinica,True,True,2025-11-07,False,False,
DOC006662,SIN01888,factura_clinica,True,True,2025-02-13,False,False,
DOC006663,SIN01888,orden_medica,True,True,2025-02-13,False,False,
DOC006664,SIN01888,historia_clinica,True,True,2025-02-13,False,False,
DOC006665,SIN01889,factura_clinica,True,True,2025-06-27,False,False,
DOC006666,SIN01889,orden_medica,True,True,2025-06-27,False,False,
DOC006667,SIN01889,historia_clinica,True,True,2025-06-27,False,False,
DOC006668,SIN01890,factura_clinica,True,True,2024-09-20,False,False,
DOC006669,SIN01890,orden_medica,True,True,2024-09-20,False,False,
DOC006670,SIN01890,historia_clinica,True,True,2024-09-20,False,False,
DOC006671,SIN01891,factura_clinica,True,True,2025-12-06,False,False,
DOC006672,SIN01891,orden_medica,True,True,2025-12-06,False,False,
DOC006673,SIN01891,historia_clinica,True,True,2025-12-06,False,False,
DOC006674,SIN01892,factura_clinica,True,True,2024-05-09,False,False,
DOC006675,SIN01892,orden_medica,True,True,2024-05-09,False,False,
DOC006676,SIN01892,historia_clinica,True,True,2024-05-09,False,False,
DOC006677,SIN01893,factura_clinica,True,True,2025-06-06,False,False,
DOC006678,SIN01893,orden_medica,True,True,2025-06-06,False,False,
DOC006679,SIN01893,historia_clinica,True,True,2025-06-06,False,False,
DOC006680,SIN01894,factura_clinica,True,True,2025-04-28,True,False,
DOC006681,SIN01894,orden_medica,True,True,2025-04-28,False,False,
DOC006682,SIN01894,historia_clinica,False,False,2025-04-28,False,False,
DOC006683,SIN01895,factura_clinica,True,True,2026-01-16,False,False,
DOC006684,SIN01895,orden_medica,True,True,2026-01-16,False,False,
DOC006685,SIN01895,historia_clinica,True,True,2026-01-16,False,False,
DOC006686,SIN01896,factura_clinica,True,True,2024-07-27,False,False,
DOC006687,SIN01896,orden_medica,True,True,2024-07-27,False,False,
DOC006688,SIN01896,historia_clinica,True,True,2024-07-27,False,False,
DOC006689,SIN01897,factura_clinica,True,True,2024-05-16,False,False,
DOC006690,SIN01897,orden_medica,True,True,2024-05-16,False,False,
DOC006691,SIN01897,historia_clinica,True,True,2024-05-16,False,False,
DOC006692,SIN01898,factura_clinica,True,True,2025-04-30,False,False,
DOC006693,SIN01898,orden_medica,True,True,2025-04-30,False,False,
DOC006694,SIN01898,historia_clinica,True,True,2025-04-30,False,False,
DOC006695,SIN01899,factura_clinica,True,True,2025-06-02,False,False,
DOC006696,SIN01899,orden_medica,True,True,2025-06-02,False,False,
DOC006697,SIN01899,historia_clinica,True,True,2025-06-02,False,False,
DOC006698,SIN01900,factura_clinica,True,True,2025-09-27,True,False,
DOC006699,SIN01900,orden_medica,True,False,2025-09-27,False,False,
DOC006700,SIN01900,historia_clinica,False,False,2025-09-27,False,False,
DOC006701,SIN01901,factura_clinica,True,True,2025-08-26,False,False,
DOC006702,SIN01901,orden_medica,True,True,2025-08-26,False,False,
DOC006703,SIN01901,historia_clinica,True,True,2025-08-26,False,False,
DOC006704,SIN01902,factura_clinica,True,True,2025-04-22,False,False,
DOC006705,SIN01902,orden_medica,True,True,2025-04-22,False,False,
DOC006706,SIN01902,historia_clinica,True,True,2025-04-22,False,False,
DOC006707,SIN01903,factura_clinica,True,True,2024-10-07,False,False,
DOC006708,SIN01903,orden_medica,True,False,2024-10-07,True,False,
DOC006709,SIN01903,historia_clinica,True,True,2024-10-07,False,False,
DOC006710,SIN01904,factura_clinica,True,True,2025-01-09,True,False,
DOC006711,SIN01904,orden_medica,True,False,2025-01-09,False,False,
DOC006712,SIN01904,historia_clinica,True,True,2025-01-09,False,False,
DOC006713,SIN01905,factura_clinica,True,True,2025-04-11,False,False,
DOC006714,SIN01905,orden_medica,True,True,2025-04-11,False,False,
DOC006715,SIN01905,historia_clinica,True,True,2025-04-11,False,False,
DOC006716,SIN01906,factura_clinica,True,True,2024-06-28,False,False,
DOC006717,SIN01906,orden_medica,True,True,2024-06-28,True,False,
DOC006718,SIN01906,historia_clinica,True,False,2024-06-28,False,False,
DOC006719,SIN01907,factura_clinica,True,True,2024-08-19,False,False,
DOC006720,SIN01907,orden_medica,True,True,2024-08-19,False,False,
DOC006721,SIN01907,historia_clinica,True,True,2024-08-19,False,False,
DOC006722,SIN01908,factura_clinica,True,True,2025-12-11,False,False,
DOC006723,SIN01908,orden_medica,True,True,2025-12-11,False,False,
DOC006724,SIN01908,historia_clinica,True,True,2025-12-11,False,False,
DOC006725,SIN01909,factura_clinica,True,True,2024-09-16,False,False,
DOC006726,SIN01909,orden_medica,True,True,2024-09-16,False,False,
DOC006727,SIN01909,historia_clinica,True,True,2024-09-16,False,False,
DOC006728,SIN01910,factura_clinica,True,True,2025-03-16,False,False,
DOC006729,SIN01910,orden_medica,True,True,2025-03-16,False,False,
DOC006730,SIN01910,historia_clinica,True,True,2025-03-16,False,False,
DOC006731,SIN01911,factura_clinica,True,True,2025-04-21,False,False,
DOC006732,SIN01911,orden_medica,False,True,2025-04-21,True,False,
DOC006733,SIN01911,historia_clinica,True,True,2025-04-21,False,False,
DOC006734,SIN01912,factura_clinica,True,True,2025-04-12,False,False,
DOC006735,SIN01912,orden_medica,True,True,2025-04-12,False,False,
DOC006736,SIN01912,historia_clinica,True,True,2025-04-12,False,False,
DOC006737,SIN01913,factura_clinica,True,True,2025-02-17,False,False,
DOC006738,SIN01913,orden_medica,True,True,2025-02-17,False,False,
DOC006739,SIN01913,historia_clinica,True,True,2025-02-17,False,False,
DOC006740,SIN01914,factura_clinica,True,True,2025-06-04,False,False,
DOC006741,SIN01914,orden_medica,True,True,2025-06-04,False,False,
DOC006742,SIN01914,historia_clinica,True,True,2025-06-04,False,False,
DOC006743,SIN01915,factura_clinica,True,True,2024-09-08,False,False,
DOC006744,SIN01915,orden_medica,True,True,2024-09-08,False,False,
DOC006745,SIN01915,historia_clinica,True,True,2024-09-08,False,False,
DOC006746,SIN01916,factura_clinica,True,True,2025-01-16,False,False,
DOC006747,SIN01916,orden_medica,True,True,2025-01-16,False,False,
DOC006748,SIN01916,historia_clinica,True,True,2025-01-16,False,False,
DOC006749,SIN01917,factura_clinica,False,True,2025-08-15,False,False,
DOC006750,SIN01917,orden_medica,True,True,2025-08-15,False,False,
DOC006751,SIN01917,historia_clinica,False,False,2025-08-15,False,False,
DOC006752,SIN01918,factura_clinica,True,True,2024-08-11,False,False,
DOC006753,SIN01918,orden_medica,False,True,2024-08-11,True,False,
DOC006754,SIN01918,historia_clinica,True,True,2024-08-11,False,False,
DOC006755,SIN01919,factura_clinica,True,True,2025-08-02,False,False,
DOC006756,SIN01919,orden_medica,True,True,2025-08-02,False,False,
DOC006757,SIN01919,historia_clinica,True,True,2025-08-02,False,False,
DOC006758,SIN01920,factura_clinica,True,True,2024-12-16,False,False,
DOC006759,SIN01920,orden_medica,True,True,2024-12-16,False,False,
DOC006760,SIN01920,historia_clinica,True,True,2024-12-16,False,False,
DOC006761,SIN01921,factura_clinica,True,True,2026-05-23,False,False,
DOC006762,SIN01921,orden_medica,True,True,2026-05-23,False,False,
DOC006763,SIN01921,historia_clinica,True,True,2026-05-23,False,False,
DOC006764,SIN01922,factura_clinica,True,True,2026-01-21,False,False,
DOC006765,SIN01922,orden_medica,True,True,2026-01-21,False,False,
DOC006766,SIN01922,historia_clinica,True,True,2026-01-21,False,False,
DOC006767,SIN01923,factura_clinica,True,True,2026-01-07,False,False,
DOC006768,SIN01923,orden_medica,True,True,2026-01-07,False,False,
DOC006769,SIN01923,historia_clinica,True,True,2026-01-07,False,False,
DOC006770,SIN01924,factura_clinica,True,True,2024-05-04,False,False,
DOC006771,SIN01924,orden_medica,True,True,2024-05-04,False,False,
DOC006772,SIN01924,historia_clinica,True,True,2024-05-04,False,False,
DOC006773,SIN01925,factura_clinica,False,True,2026-02-16,False,False,
DOC006774,SIN01925,orden_medica,True,True,2026-02-16,False,False,
DOC006775,SIN01925,historia_clinica,True,True,2026-02-16,True,False,
DOC006776,SIN01926,factura_clinica,True,True,2025-10-26,False,False,
DOC006777,SIN01926,orden_medica,True,False,2025-10-26,False,False,
DOC006778,SIN01926,historia_clinica,True,True,2025-10-26,False,False,
DOC006779,SIN01927,factura_clinica,True,True,2025-06-01,True,False,
DOC006780,SIN01927,orden_medica,True,True,2025-06-01,False,False,
DOC006781,SIN01927,historia_clinica,True,True,2025-06-01,False,False,
DOC006782,SIN01928,factura_clinica,True,True,2024-07-28,False,False,
DOC006783,SIN01928,orden_medica,True,True,2024-07-28,False,False,
DOC006784,SIN01928,historia_clinica,True,True,2024-07-28,False,False,
DOC006785,SIN01929,factura_clinica,True,True,2025-01-14,False,False,
DOC006786,SIN01929,orden_medica,True,True,2025-01-14,False,False,
DOC006787,SIN01929,historia_clinica,True,True,2025-01-14,False,False,
DOC006788,SIN01930,factura_clinica,True,True,2025-03-09,False,False,
DOC006789,SIN01930,orden_medica,True,True,2025-03-09,True,False,
DOC006790,SIN01930,historia_clinica,True,True,2025-03-09,False,False,
DOC006791,SIN01931,factura_clinica,True,True,2024-10-19,False,False,
DOC006792,SIN01931,orden_medica,True,True,2024-10-19,False,False,
DOC006793,SIN01931,historia_clinica,True,True,2024-10-19,False,False,
DOC006794,SIN01932,factura_clinica,True,True,2025-03-23,False,False,
DOC006795,SIN01932,orden_medica,True,True,2025-03-23,False,False,
DOC006796,SIN01932,historia_clinica,True,True,2025-03-23,False,False,
DOC006797,SIN01933,factura_clinica,True,True,2025-11-27,False,False,
DOC006798,SIN01933,orden_medica,True,True,2025-11-27,False,False,
DOC006799,SIN01933,historia_clinica,True,True,2025-11-27,False,False,
DOC006800,SIN01934,factura_clinica,True,True,2024-10-07,False,False,
DOC006801,SIN01934,orden_medica,True,True,2024-10-07,False,False,
DOC006802,SIN01934,historia_clinica,True,True,2024-10-07,False,False,
DOC006803,SIN01935,factura_clinica,True,True,2025-06-12,False,False,
DOC006804,SIN01935,orden_medica,True,True,2025-06-12,False,False,
DOC006805,SIN01935,historia_clinica,True,True,2025-06-12,False,False,
DOC006806,SIN01936,factura_clinica,True,True,2024-09-11,False,False,
DOC006807,SIN01936,orden_medica,True,True,2024-09-11,False,False,
DOC006808,SIN01936,historia_clinica,True,True,2024-09-11,False,False,
DOC006809,SIN01937,factura_clinica,True,True,2025-09-25,False,False,
DOC006810,SIN01937,orden_medica,True,True,2025-09-25,True,False,
DOC006811,SIN01937,historia_clinica,True,True,2025-09-25,True,False,
DOC006812,SIN01938,factura_clinica,True,True,2025-06-07,False,False,
DOC006813,SIN01938,orden_medica,True,True,2025-06-07,False,False,
DOC006814,SIN01938,historia_clinica,True,True,2025-06-07,False,False,
DOC006815,SIN01939,factura_clinica,True,True,2025-04-29,False,False,
DOC006816,SIN01939,orden_medica,True,True,2025-04-29,False,False,
DOC006817,SIN01939,historia_clinica,True,True,2025-04-29,False,False,
DOC006818,SIN01940,factura_clinica,True,True,2025-07-12,False,False,
DOC006819,SIN01940,orden_medica,True,True,2025-07-12,False,False,
DOC006820,SIN01940,historia_clinica,True,True,2025-07-12,False,False,
DOC006821,SIN01941,factura_clinica,True,True,2026-03-19,False,False,
DOC006822,SIN01941,orden_medica,False,False,2026-03-19,True,False,
DOC006823,SIN01941,historia_clinica,True,True,2026-03-19,False,False,
DOC006824,SIN01942,factura_clinica,True,True,2025-03-03,False,False,
DOC006825,SIN01942,orden_medica,True,True,2025-03-03,False,False,
DOC006826,SIN01942,historia_clinica,True,True,2025-03-03,False,False,
DOC006827,SIN01943,factura_clinica,True,True,2024-03-08,True,False,
DOC006828,SIN01943,orden_medica,True,True,2024-03-08,False,False,
DOC006829,SIN01943,historia_clinica,True,False,2024-03-08,False,False,
DOC006830,SIN01944,factura_clinica,True,True,2025-07-22,False,False,
DOC006831,SIN01944,orden_medica,False,True,2025-07-22,False,False,
DOC006832,SIN01944,historia_clinica,True,False,2025-07-22,False,False,
DOC006833,SIN01945,factura_clinica,True,True,2026-06-12,False,False,
DOC006834,SIN01945,orden_medica,True,True,2026-06-12,False,False,
DOC006835,SIN01945,historia_clinica,True,True,2026-06-12,False,False,
DOC006836,SIN01946,factura_clinica,True,True,2025-03-28,True,False,
DOC006837,SIN01946,orden_medica,True,True,2025-03-28,False,False,
DOC006838,SIN01946,historia_clinica,True,True,2025-03-28,False,False,
DOC006839,SIN01947,factura_clinica,True,True,2024-12-15,False,False,
DOC006840,SIN01947,orden_medica,True,True,2024-12-15,False,False,
DOC006841,SIN01947,historia_clinica,True,False,2024-12-15,False,False,
DOC006842,SIN01948,factura_clinica,True,True,2025-05-20,False,False,
DOC006843,SIN01948,orden_medica,True,True,2025-05-20,False,False,
DOC006844,SIN01948,historia_clinica,True,True,2025-05-20,False,False,
DOC006845,SIN01949,factura_clinica,True,True,2025-01-11,False,False,
DOC006846,SIN01949,orden_medica,True,True,2025-01-11,False,False,
DOC006847,SIN01949,historia_clinica,True,False,2025-01-11,False,False,
DOC006848,SIN01950,factura_clinica,True,True,2026-03-06,False,False,
DOC006849,SIN01950,orden_medica,True,True,2026-03-06,False,False,
DOC006850,SIN01950,historia_clinica,True,True,2026-03-06,False,False,
DOC006851,SIN01951,factura_clinica,True,True,2025-12-03,False,False,
DOC006852,SIN01951,orden_medica,True,True,2025-12-03,False,False,
DOC006853,SIN01951,historia_clinica,True,True,2025-12-03,False,False,
DOC006854,SIN01952,factura_clinica,True,True,2026-03-20,False,False,
DOC006855,SIN01952,orden_medica,True,True,2026-03-20,False,False,
DOC006856,SIN01952,historia_clinica,True,True,2026-03-20,False,False,
DOC006857,SIN01953,factura_clinica,True,True,2025-11-22,False,False,
DOC006858,SIN01953,orden_medica,True,True,2025-11-22,False,False,
DOC006859,SIN01953,historia_clinica,True,True,2025-11-22,False,False,
DOC006860,SIN01954,factura_clinica,True,True,2024-10-27,False,False,
DOC006861,SIN01954,orden_medica,True,True,2024-10-27,False,False,
DOC006862,SIN01954,historia_clinica,True,True,2024-10-27,False,False,
DOC006863,SIN01955,factura_clinica,True,True,2025-09-25,False,False,
DOC006864,SIN01955,orden_medica,True,True,2025-09-25,False,False,
DOC006865,SIN01955,historia_clinica,True,True,2025-09-25,False,False,
DOC006866,SIN01956,factura_clinica,True,True,2024-08-13,False,False,
DOC006867,SIN01956,orden_medica,True,True,2024-08-13,False,False,
DOC006868,SIN01956,historia_clinica,True,True,2024-08-13,False,False,
DOC006869,SIN01957,factura_clinica,True,True,2025-07-20,False,False,
DOC006870,SIN01957,orden_medica,True,True,2025-07-20,False,False,
DOC006871,SIN01957,historia_clinica,True,True,2025-07-20,False,False,
DOC006872,SIN01958,factura_clinica,True,True,2026-05-14,False,False,
DOC006873,SIN01958,orden_medica,True,True,2026-05-14,False,False,
DOC006874,SIN01958,historia_clinica,False,True,2026-05-14,False,False,
DOC006875,SIN01959,factura_clinica,True,True,2024-04-26,False,False,
DOC006876,SIN01959,orden_medica,True,True,2024-04-26,False,False,
DOC006877,SIN01959,historia_clinica,True,True,2024-04-26,False,False,
DOC006878,SIN01960,factura_clinica,True,True,2025-08-24,False,False,
DOC006879,SIN01960,orden_medica,True,True,2025-08-24,False,False,
DOC006880,SIN01960,historia_clinica,True,True,2025-08-24,False,False,
DOC006881,SIN01961,factura_clinica,True,True,2025-03-21,False,False,
DOC006882,SIN01961,orden_medica,True,True,2025-03-21,False,False,
DOC006883,SIN01961,historia_clinica,True,True,2025-03-21,False,False,
DOC006884,SIN01962,factura_clinica,True,True,2024-11-01,False,False,
DOC006885,SIN01962,orden_medica,True,True,2024-11-01,False,False,
DOC006886,SIN01962,historia_clinica,True,True,2024-11-01,False,False,
DOC006887,SIN01963,factura_clinica,True,True,2025-10-08,False,False,
DOC006888,SIN01963,orden_medica,True,True,2025-10-08,False,False,
DOC006889,SIN01963,historia_clinica,True,True,2025-10-08,False,False,
DOC006890,SIN01964,factura_clinica,True,True,2025-08-15,False,False,
DOC006891,SIN01964,orden_medica,True,True,2025-08-15,False,False,
DOC006892,SIN01964,historia_clinica,True,True,2025-08-15,False,False,
DOC006893,SIN01965,factura_clinica,True,True,2026-02-26,False,False,
DOC006894,SIN01965,orden_medica,True,True,2026-02-26,False,False,
DOC006895,SIN01965,historia_clinica,True,True,2026-02-26,False,False,
DOC006896,SIN01966,factura_clinica,True,False,2025-06-26,False,False,
DOC006897,SIN01966,orden_medica,True,True,2025-06-26,False,False,
DOC006898,SIN01966,historia_clinica,False,False,2025-06-26,False,False,
DOC006899,SIN01967,factura_clinica,True,True,2024-07-04,False,False,
DOC006900,SIN01967,orden_medica,True,True,2024-07-04,False,False,
DOC006901,SIN01967,historia_clinica,True,True,2024-07-04,False,False,
DOC006902,SIN01968,factura_clinica,True,True,2026-01-29,False,False,
DOC006903,SIN01968,orden_medica,True,True,2026-01-29,False,False,
DOC006904,SIN01968,historia_clinica,True,True,2026-01-29,False,False,
DOC006905,SIN01969,factura_clinica,True,True,2025-05-14,False,False,
DOC006906,SIN01969,orden_medica,True,True,2025-05-14,False,False,
DOC006907,SIN01969,historia_clinica,False,True,2025-05-14,False,False,
DOC006908,SIN01970,factura_clinica,True,True,2024-11-21,False,False,
DOC006909,SIN01970,orden_medica,True,True,2024-11-21,False,False,
DOC006910,SIN01970,historia_clinica,True,True,2024-11-21,False,False,
DOC006911,SIN01971,factura_clinica,True,True,2025-06-19,False,False,
DOC006912,SIN01971,orden_medica,True,True,2025-06-19,False,False,
DOC006913,SIN01971,historia_clinica,True,True,2025-06-19,False,False,
DOC006914,SIN01972,factura_clinica,True,True,2024-09-14,False,False,
DOC006915,SIN01972,orden_medica,True,True,2024-09-14,False,False,
DOC006916,SIN01972,historia_clinica,True,True,2024-09-14,False,False,
DOC006917,SIN01973,factura_clinica,True,True,2025-03-07,False,False,
DOC006918,SIN01973,orden_medica,True,True,2025-03-07,False,False,
DOC006919,SIN01973,historia_clinica,True,True,2025-03-07,False,False,
DOC006920,SIN01974,factura_clinica,True,True,2025-11-10,False,False,
DOC006921,SIN01974,orden_medica,True,True,2025-11-10,False,False,
DOC006922,SIN01974,historia_clinica,True,True,2025-11-10,False,False,
DOC006923,SIN01975,factura_clinica,True,True,2025-06-21,False,False,
DOC006924,SIN01975,orden_medica,True,True,2025-06-21,False,False,
DOC006925,SIN01975,historia_clinica,True,True,2025-06-21,False,False,
DOC006926,SIN01976,factura_clinica,True,True,2025-05-02,False,False,
DOC006927,SIN01976,orden_medica,True,True,2025-05-02,False,False,
DOC006928,SIN01976,historia_clinica,True,True,2025-05-02,False,False,
DOC006929,SIN01977,factura_clinica,True,True,2025-02-19,True,False,
DOC006930,SIN01977,orden_medica,True,True,2025-02-19,False,False,
DOC006931,SIN01977,historia_clinica,True,True,2025-02-19,False,False,
DOC006932,SIN01978,factura_clinica,True,True,2024-09-04,False,False,
DOC006933,SIN01978,orden_medica,True,True,2024-09-04,False,False,
DOC006934,SIN01978,historia_clinica,True,True,2024-09-04,False,False,
DOC006935,SIN01979,factura_clinica,True,True,2024-08-24,False,False,
DOC006936,SIN01979,orden_medica,True,True,2024-08-24,False,False,
DOC006937,SIN01979,historia_clinica,True,True,2024-08-24,False,False,
DOC006938,SIN01980,factura_clinica,True,True,2026-05-29,True,False,
DOC006939,SIN01980,orden_medica,False,True,2026-05-29,False,False,
DOC006940,SIN01980,historia_clinica,True,True,2026-05-29,False,False,
DOC006941,SIN01981,factura_clinica,True,True,2025-03-22,False,False,
DOC006942,SIN01981,orden_medica,True,True,2025-03-22,False,False,
DOC006943,SIN01981,historia_clinica,True,True,2025-03-22,False,False,
DOC006944,SIN01982,factura_clinica,True,True,2025-11-06,False,False,
DOC006945,SIN01982,orden_medica,True,True,2025-11-06,False,False,
DOC006946,SIN01982,historia_clinica,True,True,2025-11-06,False,False,
DOC006947,SIN01983,factura_clinica,True,True,2025-03-09,False,False,
DOC006948,SIN01983,orden_medica,True,True,2025-03-09,False,False,
DOC006949,SIN01983,historia_clinica,True,True,2025-03-09,False,False,
DOC006950,SIN01984,factura_clinica,True,True,2025-08-30,False,False,
DOC006951,SIN01984,orden_medica,True,True,2025-08-30,False,False,
DOC006952,SIN01984,historia_clinica,True,True,2025-08-30,False,False,
DOC006953,SIN01985,factura_clinica,True,True,2025-10-17,False,False,
DOC006954,SIN01985,orden_medica,True,True,2025-10-17,False,False,
DOC006955,SIN01985,historia_clinica,True,True,2025-10-17,False,False,
DOC006956,SIN01986,factura_clinica,True,True,2026-06-23,False,False,
DOC006957,SIN01986,orden_medica,True,False,2026-06-23,False,False,
DOC006958,SIN01986,historia_clinica,False,True,2026-06-23,False,False,
DOC006959,SIN01987,factura_clinica,True,True,2025-12-13,False,False,
DOC006960,SIN01987,orden_medica,True,True,2025-12-13,False,False,
DOC006961,SIN01987,historia_clinica,True,True,2025-12-13,False,False,
DOC006962,SIN01988,factura_clinica,True,False,2024-05-07,False,False,
DOC006963,SIN01988,orden_medica,True,True,2024-05-07,False,False,
DOC006964,SIN01988,historia_clinica,True,True,2024-05-07,False,False,
DOC006965,SIN01989,factura_clinica,True,True,2025-01-06,False,False,
DOC006966,SIN01989,orden_medica,True,True,2025-01-06,False,False,
DOC006967,SIN01989,historia_clinica,True,True,2025-01-06,False,False,
DOC006968,SIN01990,factura_clinica,True,True,2025-03-11,False,False,
DOC006969,SIN01990,orden_medica,True,True,2025-03-11,True,False,
DOC006970,SIN01990,historia_clinica,True,False,2025-03-11,True,False,
DOC006971,SIN01991,factura_clinica,True,True,2025-03-31,False,False,
DOC006972,SIN01991,orden_medica,False,True,2025-03-31,False,False,
DOC006973,SIN01991,historia_clinica,True,True,2025-03-31,False,False,
DOC006974,SIN01992,factura_clinica,True,True,2025-01-06,False,False,
DOC006975,SIN01992,orden_medica,True,True,2025-01-06,False,False,
DOC006976,SIN01992,historia_clinica,True,True,2025-01-06,False,False,
DOC006977,SIN01993,factura_clinica,True,True,2025-01-07,False,False,
DOC006978,SIN01993,orden_medica,True,True,2025-01-07,False,False,
DOC006979,SIN01993,historia_clinica,True,True,2025-01-07,False,False,
DOC006980,SIN01994,factura_clinica,True,True,2024-10-10,False,False,
DOC006981,SIN01994,orden_medica,True,True,2024-10-10,False,False,
DOC006982,SIN01994,historia_clinica,True,True,2024-10-10,False,False,
DOC006983,SIN01995,factura_clinica,True,True,2025-06-02,False,False,
DOC006984,SIN01995,orden_medica,True,True,2025-06-02,False,False,
DOC006985,SIN01995,historia_clinica,True,True,2025-06-02,False,False,
DOC006986,SIN01996,factura_clinica,True,True,2025-11-15,False,False,
DOC006987,SIN01996,orden_medica,True,True,2025-11-15,False,False,
DOC006988,SIN01996,historia_clinica,True,True,2025-11-15,False,False,
DOC006989,SIN01997,factura_clinica,True,True,2025-04-26,False,False,
DOC006990,SIN01997,orden_medica,True,True,2025-04-26,False,False,
DOC006991,SIN01997,historia_clinica,True,True,2025-04-26,False,False,
DOC006992,SIN01998,factura_clinica,True,True,2024-07-08,False,False,
DOC006993,SIN01998,orden_medica,False,True,2024-07-08,False,False,
DOC006994,SIN01998,historia_clinica,True,True,2024-07-08,False,False,
DOC006995,SIN01999,factura_clinica,True,True,2024-10-26,False,False,
DOC006996,SIN01999,orden_medica,True,True,2024-10-26,False,False,
DOC006997,SIN01999,historia_clinica,True,True,2024-10-26,False,False,
DOC006998,SIN02000,factura_clinica,True,False,2024-12-26,False,False,
DOC006999,SIN02000,orden_medica,False,False,2024-12-26,False,False,
DOC007000,SIN02000,historia_clinica,True,True,2024-12-26,False,False,
DOC007001,SIN02001,factura_reparacion,True,True,2025-01-26,False,False,
DOC007002,SIN02001,fotos,True,True,2025-01-26,False,False,
DOC007003,SIN02001,informe_perito,True,True,2025-01-26,True,False,
DOC007004,SIN02002,factura_reparacion,True,True,2024-12-22,False,False,
DOC007005,SIN02002,fotos,True,True,2024-12-22,False,False,
DOC007006,SIN02002,informe_perito,True,True,2024-12-22,False,False,
DOC007007,SIN02003,factura_reparacion,True,True,2024-07-19,False,False,
DOC007008,SIN02003,fotos,True,True,2024-07-19,False,False,
DOC007009,SIN02003,informe_perito,True,True,2024-07-19,False,False,
DOC007010,SIN02004,factura_reparacion,False,True,2025-11-19,False,False,
DOC007011,SIN02004,fotos,True,True,2025-11-19,True,False,
DOC007012,SIN02004,informe_perito,True,True,2025-11-19,False,False,
DOC007013,SIN02005,factura_reparacion,True,True,2024-09-18,False,False,
DOC007014,SIN02005,fotos,True,True,2024-09-18,False,False,
DOC007015,SIN02005,informe_perito,True,True,2024-09-18,False,False,
DOC007016,SIN02006,factura_reparacion,False,True,2025-10-16,False,False,
DOC007017,SIN02006,fotos,True,True,2025-10-16,False,False,
DOC007018,SIN02006,informe_perito,True,True,2025-10-16,False,False,
DOC007019,SIN02007,factura_reparacion,True,True,2025-03-23,False,False,
DOC007020,SIN02007,fotos,True,True,2025-03-23,False,False,
DOC007021,SIN02007,informe_perito,True,True,2025-03-23,False,False,
DOC007022,SIN02008,factura_reparacion,True,True,2024-08-08,False,False,
DOC007023,SIN02008,fotos,True,True,2024-08-08,False,False,
DOC007024,SIN02008,informe_perito,True,True,2024-08-08,False,False,
DOC007025,SIN02009,factura_reparacion,True,True,2025-06-21,False,False,
DOC007026,SIN02009,fotos,True,True,2025-06-21,False,False,
DOC007027,SIN02009,informe_perito,True,True,2025-06-21,False,False,
DOC007028,SIN02010,factura_reparacion,True,True,2025-09-21,False,False,
DOC007029,SIN02010,fotos,True,True,2025-09-21,False,False,
DOC007030,SIN02010,informe_perito,True,True,2025-09-21,False,False,
DOC007031,SIN02011,factura_reparacion,True,True,2025-04-29,False,False,
DOC007032,SIN02011,fotos,True,True,2025-04-29,False,False,
DOC007033,SIN02011,informe_perito,True,True,2025-04-29,True,False,
DOC007034,SIN02012,factura_reparacion,True,True,2026-09-15,False,False,
DOC007035,SIN02012,fotos,False,True,2026-09-15,True,False,
DOC007036,SIN02012,informe_perito,True,True,2026-09-15,False,False,
DOC007037,SIN02013,factura_reparacion,False,True,2026-01-19,True,False,
DOC007038,SIN02013,fotos,True,True,2026-01-19,False,False,
DOC007039,SIN02013,informe_perito,True,True,2026-01-19,False,False,
DOC007040,SIN02014,factura_reparacion,True,True,2025-06-22,False,False,
DOC007041,SIN02014,fotos,True,True,2025-06-22,False,False,
DOC007042,SIN02014,informe_perito,True,True,2025-06-22,False,False,
DOC007043,SIN02015,factura_reparacion,True,True,2025-04-06,False,False,
DOC007044,SIN02015,fotos,True,True,2025-04-06,False,False,
DOC007045,SIN02015,informe_perito,True,True,2025-04-06,False,False,
DOC007046,SIN02016,factura_reparacion,True,True,2025-10-30,False,False,
DOC007047,SIN02016,fotos,True,True,2025-10-30,False,False,
DOC007048,SIN02016,informe_perito,True,True,2025-10-30,False,False,
DOC007049,SIN02017,factura_reparacion,True,True,2025-11-19,False,False,
DOC007050,SIN02017,fotos,True,True,2025-11-19,False,False,
DOC007051,SIN02017,informe_perito,True,True,2025-11-19,False,False,
DOC007052,SIN02018,factura_reparacion,True,True,2025-08-28,False,False,
DOC007053,SIN02018,fotos,True,True,2025-08-28,False,False,
DOC007054,SIN02018,informe_perito,True,True,2025-08-28,False,False,
DOC007055,SIN02019,factura_reparacion,True,True,2025-06-27,False,False,
DOC007056,SIN02019,fotos,True,True,2025-06-27,False,False,
DOC007057,SIN02019,informe_perito,True,True,2025-06-27,False,False,
DOC007058,SIN02020,factura_reparacion,True,True,2024-06-28,False,False,
DOC007059,SIN02020,fotos,True,True,2024-06-28,True,False,
DOC007060,SIN02020,informe_perito,True,True,2024-06-28,False,False,
DOC007061,SIN02021,factura_reparacion,True,True,2024-04-06,False,False,
DOC007062,SIN02021,fotos,True,True,2024-04-06,False,False,
DOC007063,SIN02021,informe_perito,True,True,2024-04-06,False,False,
DOC007064,SIN02022,factura_reparacion,True,False,2025-10-10,False,False,
DOC007065,SIN02022,fotos,True,True,2025-10-10,False,False,
DOC007066,SIN02022,informe_perito,True,True,2025-10-10,False,False,
DOC007067,SIN02023,factura_reparacion,True,True,2024-12-10,False,False,
DOC007068,SIN02023,fotos,True,True,2024-12-10,False,False,
DOC007069,SIN02023,informe_perito,True,True,2024-12-10,False,False,
DOC007070,SIN02024,factura_reparacion,True,True,2025-08-24,False,False,
DOC007071,SIN02024,fotos,True,True,2025-08-24,False,False,
DOC007072,SIN02024,informe_perito,True,True,2025-08-24,False,False,
DOC007073,SIN02025,factura_reparacion,True,True,2025-10-02,False,False,
DOC007074,SIN02025,fotos,True,True,2025-10-02,False,False,
DOC007075,SIN02025,informe_perito,True,True,2025-10-02,False,False,
DOC007076,SIN02026,factura_reparacion,True,True,2024-08-20,False,False,
DOC007077,SIN02026,fotos,True,True,2024-08-20,False,False,
DOC007078,SIN02026,informe_perito,True,True,2024-08-20,False,False,
DOC007079,SIN02027,factura_reparacion,True,True,2024-07-27,False,False,
DOC007080,SIN02027,fotos,True,True,2024-07-27,False,False,
DOC007081,SIN02027,informe_perito,True,True,2024-07-27,False,False,
DOC007082,SIN02028,factura_reparacion,True,True,2025-03-10,False,False,
DOC007083,SIN02028,fotos,True,True,2025-03-10,False,False,
DOC007084,SIN02028,informe_perito,True,True,2025-03-10,False,False,
DOC007085,SIN02029,factura_reparacion,True,True,2025-06-25,False,False,
DOC007086,SIN02029,fotos,True,True,2025-06-25,False,False,
DOC007087,SIN02029,informe_perito,True,True,2025-06-25,False,False,
DOC007088,SIN02030,factura_reparacion,True,True,2025-01-08,False,False,
DOC007089,SIN02030,fotos,True,True,2025-01-08,False,False,
DOC007090,SIN02030,informe_perito,True,True,2025-01-08,False,False,
DOC007091,SIN02031,factura_reparacion,True,True,2025-01-19,False,False,
DOC007092,SIN02031,fotos,True,True,2025-01-19,False,False,
DOC007093,SIN02031,informe_perito,True,True,2025-01-19,False,False,
DOC007094,SIN02032,factura_reparacion,True,True,2024-05-14,False,False,
DOC007095,SIN02032,fotos,True,True,2024-05-14,False,False,
DOC007096,SIN02032,informe_perito,True,True,2024-05-14,False,False,
DOC007097,SIN02033,factura_reparacion,True,True,2024-06-13,False,False,
DOC007098,SIN02033,fotos,True,True,2024-06-13,False,False,
DOC007099,SIN02033,informe_perito,True,True,2024-06-13,False,False,
DOC007100,SIN02034,factura_reparacion,True,True,2025-03-20,False,False,
DOC007101,SIN02034,fotos,True,True,2025-03-20,False,False,
DOC007102,SIN02034,informe_perito,True,True,2025-03-20,False,False,
DOC007103,SIN02035,factura_reparacion,True,True,2026-01-05,False,False,
DOC007104,SIN02035,fotos,True,True,2026-01-05,False,False,
DOC007105,SIN02035,informe_perito,True,True,2026-01-05,False,False,
DOC007106,SIN02036,factura_reparacion,True,True,2024-09-07,False,False,
DOC007107,SIN02036,fotos,True,True,2024-09-07,False,False,
DOC007108,SIN02036,informe_perito,True,True,2024-09-07,False,False,
DOC007109,SIN02037,factura_reparacion,True,True,2026-01-24,False,False,
DOC007110,SIN02037,fotos,True,True,2026-01-24,False,False,
DOC007111,SIN02037,informe_perito,True,True,2026-01-24,False,False,
DOC007112,SIN02038,factura_reparacion,True,False,2024-07-18,False,False,
DOC007113,SIN02038,fotos,True,True,2024-07-18,True,False,
DOC007114,SIN02038,informe_perito,True,True,2024-07-18,False,False,
DOC007115,SIN02039,factura_reparacion,True,False,2025-09-30,False,False,
DOC007116,SIN02039,fotos,True,True,2025-09-30,False,False,
DOC007117,SIN02039,informe_perito,True,True,2025-09-30,False,False,
DOC007118,SIN02040,factura_reparacion,True,True,2025-09-21,False,False,
DOC007119,SIN02040,fotos,True,True,2025-09-21,False,False,
DOC007120,SIN02040,informe_perito,True,True,2025-09-21,False,False,
DOC007121,SIN02041,factura_reparacion,True,True,2025-06-14,False,False,
DOC007122,SIN02041,fotos,True,True,2025-06-14,False,False,
DOC007123,SIN02041,informe_perito,True,True,2025-06-14,False,False,
DOC007124,SIN02042,factura_reparacion,True,True,2024-05-30,False,False,
DOC007125,SIN02042,fotos,True,True,2024-05-30,False,False,
DOC007126,SIN02042,informe_perito,True,True,2024-05-30,False,False,
DOC007127,SIN02043,factura_reparacion,True,True,2025-07-24,False,False,
DOC007128,SIN02043,fotos,True,True,2025-07-24,False,False,
DOC007129,SIN02043,informe_perito,True,True,2025-07-24,False,False,
DOC007130,SIN02044,factura_reparacion,True,True,2026-02-12,False,False,
DOC007131,SIN02044,fotos,True,True,2026-02-12,False,False,
DOC007132,SIN02044,informe_perito,True,True,2026-02-12,False,False,
DOC007133,SIN02045,factura_reparacion,True,True,2025-04-24,False,False,
DOC007134,SIN02045,fotos,True,True,2025-04-24,False,False,
DOC007135,SIN02045,informe_perito,True,True,2025-04-24,False,False,
DOC007136,SIN02046,factura_reparacion,True,True,2024-12-02,False,False,
DOC007137,SIN02046,fotos,True,True,2024-12-02,False,False,
DOC007138,SIN02046,informe_perito,True,True,2024-12-02,False,False,
DOC007139,SIN02047,factura_reparacion,True,True,2026-03-31,False,False,
DOC007140,SIN02047,fotos,True,True,2026-03-31,False,False,
DOC007141,SIN02047,informe_perito,True,True,2026-03-31,False,False,
DOC007142,SIN02048,factura_reparacion,True,True,2025-02-23,False,False,
DOC007143,SIN02048,fotos,True,True,2025-02-23,False,False,
DOC007144,SIN02048,informe_perito,True,True,2025-02-23,False,False,
DOC007145,SIN02049,factura_reparacion,True,True,2024-07-22,False,False,
DOC007146,SIN02049,fotos,True,True,2024-07-22,False,False,
DOC007147,SIN02049,informe_perito,True,True,2024-07-22,False,False,
DOC007148,SIN02050,factura_reparacion,True,True,2025-04-27,False,False,
DOC007149,SIN02050,fotos,True,True,2025-04-27,False,False,
DOC007150,SIN02050,informe_perito,True,True,2025-04-27,False,False,
DOC007151,SIN02051,factura_reparacion,True,True,2026-03-30,False,False,
DOC007152,SIN02051,fotos,True,True,2026-03-30,False,False,
DOC007153,SIN02051,informe_perito,True,True,2026-03-30,False,False,
DOC007154,SIN02052,factura_reparacion,True,True,2025-12-09,False,False,
DOC007155,SIN02052,fotos,True,True,2025-12-09,False,False,
DOC007156,SIN02052,informe_perito,True,True,2025-12-09,False,False,
DOC007157,SIN02053,factura_reparacion,False,True,2026-01-05,False,False,
DOC007158,SIN02053,fotos,True,True,2026-01-05,False,False,
DOC007159,SIN02053,informe_perito,True,True,2026-01-05,False,False,
DOC007160,SIN02054,factura_reparacion,True,True,2024-05-17,False,False,
DOC007161,SIN02054,fotos,True,True,2024-05-17,False,False,
DOC007162,SIN02054,informe_perito,True,True,2024-05-17,False,False,
DOC007163,SIN02055,factura_reparacion,True,True,2025-09-25,False,False,
DOC007164,SIN02055,fotos,True,True,2025-09-25,False,False,
DOC007165,SIN02055,informe_perito,True,True,2025-09-25,False,False,
DOC007166,SIN02056,factura_reparacion,True,True,2025-05-16,False,False,
DOC007167,SIN02056,fotos,True,True,2025-05-16,True,False,
DOC007168,SIN02056,informe_perito,True,True,2025-05-16,False,False,
DOC007169,SIN02057,factura_reparacion,True,True,2024-11-30,False,False,
DOC007170,SIN02057,fotos,True,True,2024-11-30,False,False,
DOC007171,SIN02057,informe_perito,True,True,2024-11-30,False,False,
DOC007172,SIN02058,factura_reparacion,True,True,2024-10-26,False,False,
DOC007173,SIN02058,fotos,True,True,2024-10-26,False,False,
DOC007174,SIN02058,informe_perito,True,True,2024-10-26,False,False,
DOC007175,SIN02059,factura_reparacion,True,True,2025-06-21,False,False,
DOC007176,SIN02059,fotos,True,True,2025-06-21,False,False,
DOC007177,SIN02059,informe_perito,True,True,2025-06-21,False,False,
DOC007178,SIN02060,factura_reparacion,True,True,2025-06-15,False,False,
DOC007179,SIN02060,fotos,True,True,2025-06-15,False,False,
DOC007180,SIN02060,informe_perito,True,True,2025-06-15,False,False,
DOC007181,SIN02061,factura_reparacion,True,True,2024-11-08,False,False,
DOC007182,SIN02061,fotos,True,True,2024-11-08,False,False,
DOC007183,SIN02061,informe_perito,True,True,2024-11-08,False,False,
DOC007184,SIN02062,factura_reparacion,True,True,2025-04-18,False,False,
DOC007185,SIN02062,fotos,True,True,2025-04-18,False,False,
DOC007186,SIN02062,informe_perito,True,True,2025-04-18,False,False,
DOC007187,SIN02063,factura_reparacion,True,True,2024-05-12,True,False,
DOC007188,SIN02063,fotos,True,True,2024-05-12,False,False,
DOC007189,SIN02063,informe_perito,True,True,2024-05-12,False,False,
DOC007190,SIN02064,factura_reparacion,True,True,2024-10-12,False,False,
DOC007191,SIN02064,fotos,True,True,2024-10-12,False,False,
DOC007192,SIN02064,informe_perito,True,True,2024-10-12,False,False,
DOC007193,SIN02065,factura_reparacion,False,True,2025-02-04,False,False,
DOC007194,SIN02065,fotos,True,True,2025-02-04,False,False,
DOC007195,SIN02065,informe_perito,True,True,2025-02-04,False,False,
DOC007196,SIN02066,factura_reparacion,True,False,2025-11-10,False,False,
DOC007197,SIN02066,fotos,True,True,2025-11-10,False,False,
DOC007198,SIN02066,informe_perito,True,True,2025-11-10,False,False,
DOC007199,SIN02067,factura_reparacion,True,True,2025-03-25,False,False,
DOC007200,SIN02067,fotos,True,True,2025-03-25,False,False,
DOC007201,SIN02067,informe_perito,True,True,2025-03-25,False,False,
DOC007202,SIN02068,factura_reparacion,True,True,2024-07-15,False,False,
DOC007203,SIN02068,fotos,True,True,2024-07-15,False,False,
DOC007204,SIN02068,informe_perito,True,True,2024-07-15,False,False,
DOC007205,SIN02069,factura_reparacion,True,True,2024-07-02,False,False,
DOC007206,SIN02069,fotos,True,True,2024-07-02,False,False,
DOC007207,SIN02069,informe_perito,False,True,2024-07-02,False,False,
DOC007208,SIN02070,factura_reparacion,True,True,2024-11-05,False,False,
DOC007209,SIN02070,fotos,True,True,2024-11-05,False,False,
DOC007210,SIN02070,informe_perito,False,True,2024-11-05,False,False,
DOC007211,SIN02071,factura_reparacion,True,False,2024-06-25,True,False,
DOC007212,SIN02071,fotos,True,True,2024-06-25,False,False,
DOC007213,SIN02071,informe_perito,True,False,2024-06-25,True,False,
DOC007214,SIN02072,factura_reparacion,True,True,2025-10-26,False,False,
DOC007215,SIN02072,fotos,True,True,2025-10-26,False,False,
DOC007216,SIN02072,informe_perito,True,True,2025-10-26,False,False,
DOC007217,SIN02073,factura_reparacion,True,True,2025-03-20,False,False,
DOC007218,SIN02073,fotos,True,True,2025-03-20,False,False,
DOC007219,SIN02073,informe_perito,True,True,2025-03-20,False,False,
DOC007220,SIN02074,factura_reparacion,True,True,2025-06-15,False,False,
DOC007221,SIN02074,fotos,True,True,2025-06-15,False,False,
DOC007222,SIN02074,informe_perito,True,True,2025-06-15,False,False,
DOC007223,SIN02075,factura_reparacion,True,True,2025-06-17,False,False,
DOC007224,SIN02075,fotos,True,False,2025-06-17,False,False,
DOC007225,SIN02075,informe_perito,True,False,2025-06-17,False,False,
DOC007226,SIN02076,factura_reparacion,False,True,2025-04-24,False,False,
DOC007227,SIN02076,fotos,True,True,2025-04-24,False,False,
DOC007228,SIN02076,informe_perito,True,True,2025-04-24,False,False,
DOC007229,SIN02077,factura_reparacion,True,True,2025-01-30,False,False,
DOC007230,SIN02077,fotos,True,True,2025-01-30,False,False,
DOC007231,SIN02077,informe_perito,True,True,2025-01-30,False,False,
DOC007232,SIN02078,factura_reparacion,True,True,2024-11-30,False,False,
DOC007233,SIN02078,fotos,True,True,2024-11-30,False,False,
DOC007234,SIN02078,informe_perito,True,True,2024-11-30,False,False,
DOC007235,SIN02079,factura_reparacion,False,False,2025-11-07,True,False,
DOC007236,SIN02079,fotos,False,True,2025-11-07,False,False,
DOC007237,SIN02079,informe_perito,True,True,2025-11-07,True,False,
DOC007238,SIN02080,factura_reparacion,True,True,2025-12-09,False,False,
DOC007239,SIN02080,fotos,True,True,2025-12-09,False,False,
DOC007240,SIN02080,informe_perito,False,True,2025-12-09,False,False,
DOC007241,SIN02081,factura_reparacion,True,True,2025-12-16,False,False,
DOC007242,SIN02081,fotos,True,False,2025-12-16,False,False,
DOC007243,SIN02081,informe_perito,True,False,2025-12-16,False,False,
DOC007244,SIN02082,factura_reparacion,True,True,2024-07-03,True,False,
DOC007245,SIN02082,fotos,True,True,2024-07-03,False,False,
DOC007246,SIN02082,informe_perito,True,True,2024-07-03,False,False,
DOC007247,SIN02083,factura_reparacion,True,True,2025-06-04,False,False,
DOC007248,SIN02083,fotos,True,True,2025-06-04,False,False,
DOC007249,SIN02083,informe_perito,True,True,2025-06-04,False,False,
DOC007250,SIN02084,factura_reparacion,True,True,2025-07-27,False,False,
DOC007251,SIN02084,fotos,True,True,2025-07-27,False,False,
DOC007252,SIN02084,informe_perito,True,True,2025-07-27,False,False,
DOC007253,SIN02085,factura_reparacion,True,True,2024-10-23,False,False,
DOC007254,SIN02085,fotos,True,True,2024-10-23,False,False,
DOC007255,SIN02085,informe_perito,True,True,2024-10-23,False,False,
DOC007256,SIN02086,factura_reparacion,True,True,2025-11-13,False,False,
DOC007257,SIN02086,fotos,True,True,2025-11-13,False,False,
DOC007258,SIN02086,informe_perito,True,True,2025-11-13,False,False,
DOC007259,SIN02087,factura_reparacion,True,True,2024-01-26,True,False,
DOC007260,SIN02087,fotos,True,True,2024-01-26,False,False,
DOC007261,SIN02087,informe_perito,True,True,2024-01-26,False,False,
DOC007262,SIN02088,factura_reparacion,True,True,2024-08-30,False,False,
DOC007263,SIN02088,fotos,True,True,2024-08-30,False,False,
DOC007264,SIN02088,informe_perito,True,True,2024-08-30,False,False,
DOC007265,SIN02089,factura_reparacion,True,True,2025-01-17,False,False,
DOC007266,SIN02089,fotos,True,True,2025-01-17,False,False,
DOC007267,SIN02089,informe_perito,True,True,2025-01-17,False,False,
DOC007268,SIN02090,factura_reparacion,True,False,2025-01-10,False,False,
DOC007269,SIN02090,fotos,True,True,2025-01-10,False,False,
DOC007270,SIN02090,informe_perito,True,True,2025-01-10,False,False,
DOC007271,SIN02091,factura_reparacion,True,True,2026-05-26,False,False,
DOC007272,SIN02091,fotos,True,True,2026-05-26,False,False,
DOC007273,SIN02091,informe_perito,True,False,2026-05-26,False,False,
DOC007274,SIN02092,factura_reparacion,True,False,2025-03-07,False,False,
DOC007275,SIN02092,fotos,True,True,2025-03-07,False,False,
DOC007276,SIN02092,informe_perito,True,True,2025-03-07,False,False,
DOC007277,SIN02093,factura_reparacion,False,True,2024-04-21,False,False,
DOC007278,SIN02093,fotos,True,True,2024-04-21,False,False,
DOC007279,SIN02093,informe_perito,True,True,2024-04-21,False,False,
DOC007280,SIN02094,factura_reparacion,True,True,2024-11-28,False,False,
DOC007281,SIN02094,fotos,True,True,2024-11-28,False,False,
DOC007282,SIN02094,informe_perito,True,True,2024-11-28,False,False,
DOC007283,SIN02095,factura_reparacion,True,True,2025-05-23,False,False,
DOC007284,SIN02095,fotos,True,True,2025-05-23,False,False,
DOC007285,SIN02095,informe_perito,True,True,2025-05-23,False,False,
DOC007286,SIN02096,factura_reparacion,True,True,2024-12-26,False,False,
DOC007287,SIN02096,fotos,True,True,2024-12-26,False,False,
DOC007288,SIN02096,informe_perito,True,True,2024-12-26,False,False,
DOC007289,SIN02097,factura_reparacion,True,True,2024-12-01,False,False,
DOC007290,SIN02097,fotos,True,True,2024-12-01,False,False,
DOC007291,SIN02097,informe_perito,True,True,2024-12-01,False,False,
DOC007292,SIN02098,factura_reparacion,True,True,2024-04-30,False,False,
DOC007293,SIN02098,fotos,True,True,2024-04-30,False,False,
DOC007294,SIN02098,informe_perito,True,True,2024-04-30,False,False,
DOC007295,SIN02099,factura_reparacion,True,True,2025-03-09,False,False,
DOC007296,SIN02099,fotos,True,True,2025-03-09,False,False,
DOC007297,SIN02099,informe_perito,True,True,2025-03-09,False,False,
DOC007298,SIN02100,factura_reparacion,True,True,2025-01-01,True,False,
DOC007299,SIN02100,fotos,False,True,2025-01-01,False,False,
DOC007300,SIN02100,informe_perito,True,True,2025-01-01,False,False,
DOC007301,SIN02101,factura_reparacion,True,True,2025-05-20,False,False,
DOC007302,SIN02101,fotos,True,True,2025-05-20,False,False,
DOC007303,SIN02101,informe_perito,True,True,2025-05-20,False,False,
DOC007304,SIN02102,factura_reparacion,True,True,2025-06-19,False,False,
DOC007305,SIN02102,fotos,True,True,2025-06-19,False,False,
DOC007306,SIN02102,informe_perito,True,True,2025-06-19,False,False,
DOC007307,SIN02103,factura_reparacion,True,True,2025-12-05,False,False,
DOC007308,SIN02103,fotos,True,True,2025-12-05,False,False,
DOC007309,SIN02103,informe_perito,True,True,2025-12-05,False,False,
DOC007310,SIN02104,factura_reparacion,True,True,2025-11-30,False,False,
DOC007311,SIN02104,fotos,True,True,2025-11-30,False,False,
DOC007312,SIN02104,informe_perito,True,True,2025-11-30,False,False,
DOC007313,SIN02105,factura_reparacion,True,True,2024-04-26,False,False,
DOC007314,SIN02105,fotos,True,True,2024-04-26,True,False,
DOC007315,SIN02105,informe_perito,True,False,2024-04-26,False,False,
DOC007316,SIN02106,factura_reparacion,True,True,2024-10-08,False,False,
DOC007317,SIN02106,fotos,False,True,2024-10-08,False,False,
DOC007318,SIN02106,informe_perito,True,True,2024-10-08,True,False,
DOC007319,SIN02107,factura_reparacion,False,True,2024-05-25,False,False,
DOC007320,SIN02107,fotos,True,True,2024-05-25,False,False,
DOC007321,SIN02107,informe_perito,True,True,2024-05-25,False,False,
DOC007322,SIN02108,factura_reparacion,True,True,2025-11-07,False,False,
DOC007323,SIN02108,fotos,True,True,2025-11-07,False,False,
DOC007324,SIN02108,informe_perito,True,True,2025-11-07,False,False,
DOC007325,SIN02109,factura_reparacion,True,True,2026-03-01,True,False,
DOC007326,SIN02109,fotos,True,True,2026-03-01,True,False,
DOC007327,SIN02109,informe_perito,True,True,2026-03-01,False,False,
DOC007328,SIN02110,factura_reparacion,True,True,2024-08-26,False,False,
DOC007329,SIN02110,fotos,True,True,2024-08-26,False,False,
DOC007330,SIN02110,informe_perito,True,True,2024-08-26,False,False,
DOC007331,SIN02111,factura_reparacion,True,True,2025-05-08,False,False,
DOC007332,SIN02111,fotos,True,False,2025-05-08,False,False,
DOC007333,SIN02111,informe_perito,True,True,2025-05-08,False,False,
DOC007334,SIN02112,factura_reparacion,True,True,2025-03-04,False,False,
DOC007335,SIN02112,fotos,False,True,2025-03-04,True,False,
DOC007336,SIN02112,informe_perito,True,True,2025-03-04,False,False,
DOC007337,SIN02113,factura_reparacion,True,True,2025-02-06,False,False,
DOC007338,SIN02113,fotos,True,True,2025-02-06,False,False,
DOC007339,SIN02113,informe_perito,True,True,2025-02-06,False,False,
DOC007340,SIN02114,factura_reparacion,True,True,2024-07-08,False,False,
DOC007341,SIN02114,fotos,True,True,2024-07-08,False,False,
DOC007342,SIN02114,informe_perito,True,True,2024-07-08,False,False,
DOC007343,SIN02115,factura_reparacion,True,True,2025-09-19,False,False,
DOC007344,SIN02115,fotos,True,True,2025-09-19,False,False,
DOC007345,SIN02115,informe_perito,True,True,2025-09-19,False,False,
DOC007346,SIN02116,factura_reparacion,True,True,2025-03-05,False,False,
DOC007347,SIN02116,fotos,True,True,2025-03-05,False,False,
DOC007348,SIN02116,informe_perito,True,True,2025-03-05,False,False,
DOC007349,SIN02117,factura_reparacion,True,True,2024-09-29,False,False,
DOC007350,SIN02117,fotos,False,True,2024-09-29,False,False,
DOC007351,SIN02117,informe_perito,True,True,2024-09-29,False,False,
DOC007352,SIN02118,factura_reparacion,False,True,2024-09-21,True,False,
DOC007353,SIN02118,fotos,False,True,2024-09-21,True,False,
DOC007354,SIN02118,informe_perito,False,True,2024-09-21,False,False,
DOC007355,SIN02119,factura_reparacion,True,True,2024-03-16,False,False,
DOC007356,SIN02119,fotos,True,True,2024-03-16,False,False,
DOC007357,SIN02119,informe_perito,True,True,2024-03-16,False,False,
DOC007358,SIN02120,factura_reparacion,False,True,2025-04-15,False,False,
DOC007359,SIN02120,fotos,True,True,2025-04-15,True,False,
DOC007360,SIN02120,informe_perito,True,True,2025-04-15,False,False,
DOC007361,SIN02121,factura_reparacion,True,True,2024-06-27,False,False,
DOC007362,SIN02121,fotos,True,True,2024-06-27,False,False,
DOC007363,SIN02121,informe_perito,True,True,2024-06-27,False,False,
DOC007364,SIN02122,factura_reparacion,True,True,2025-07-10,False,False,
DOC007365,SIN02122,fotos,True,True,2025-07-10,False,False,
DOC007366,SIN02122,informe_perito,True,True,2025-07-10,False,False,
DOC007367,SIN02123,factura_reparacion,True,True,2025-01-18,False,False,
DOC007368,SIN02123,fotos,False,True,2025-01-18,True,False,
DOC007369,SIN02123,informe_perito,True,True,2025-01-18,False,False,
DOC007370,SIN02124,factura_reparacion,True,False,2025-02-26,True,False,
DOC007371,SIN02124,fotos,False,False,2025-02-26,False,False,
DOC007372,SIN02124,informe_perito,True,True,2025-02-26,True,False,
DOC007373,SIN02125,factura_reparacion,True,True,2025-01-07,False,False,
DOC007374,SIN02125,fotos,True,True,2025-01-07,False,False,
DOC007375,SIN02125,informe_perito,True,True,2025-01-07,False,False,
DOC007376,SIN02126,factura_reparacion,True,True,2026-07-09,False,False,
DOC007377,SIN02126,fotos,False,True,2026-07-09,False,False,
DOC007378,SIN02126,informe_perito,True,True,2026-07-09,False,False,
DOC007379,SIN02127,factura_reparacion,True,True,2025-09-18,False,False,
DOC007380,SIN02127,fotos,True,True,2025-09-18,False,False,
DOC007381,SIN02127,informe_perito,True,True,2025-09-18,False,False,
DOC007382,SIN02128,factura_reparacion,True,True,2025-04-14,False,False,
DOC007383,SIN02128,fotos,True,True,2025-04-14,False,False,
DOC007384,SIN02128,informe_perito,True,True,2025-04-14,False,False,
DOC007385,SIN02129,factura_reparacion,True,True,2025-04-07,False,False,
DOC007386,SIN02129,fotos,True,True,2025-04-07,False,False,
DOC007387,SIN02129,informe_perito,True,True,2025-04-07,False,False,
DOC007388,SIN02130,factura_reparacion,True,True,2025-12-19,False,False,
DOC007389,SIN02130,fotos,True,True,2025-12-19,True,False,
DOC007390,SIN02130,informe_perito,True,True,2025-12-19,False,False,
DOC007391,SIN02131,factura_reparacion,True,True,2026-06-29,False,False,
DOC007392,SIN02131,fotos,True,True,2026-06-29,False,False,
DOC007393,SIN02131,informe_perito,True,True,2026-06-29,False,False,
DOC007394,SIN02132,factura_reparacion,True,True,2025-01-25,False,False,
DOC007395,SIN02132,fotos,True,True,2025-01-25,False,False,
DOC007396,SIN02132,informe_perito,True,True,2025-01-25,False,False,
DOC007397,SIN02133,factura_reparacion,True,True,2025-07-28,False,False,
DOC007398,SIN02133,fotos,True,True,2025-07-28,False,False,
DOC007399,SIN02133,informe_perito,True,True,2025-07-28,False,False,
DOC007400,SIN02134,factura_reparacion,True,True,2024-08-07,False,False,
DOC007401,SIN02134,fotos,True,True,2024-08-07,False,False,
DOC007402,SIN02134,informe_perito,True,True,2024-08-07,False,False,
DOC007403,SIN02135,factura_reparacion,True,True,2025-03-22,False,False,
DOC007404,SIN02135,fotos,True,True,2025-03-22,False,False,
DOC007405,SIN02135,informe_perito,True,True,2025-03-22,False,False,
DOC007406,SIN02136,factura_reparacion,True,True,2026-05-22,False,False,
DOC007407,SIN02136,fotos,True,True,2026-05-22,False,False,
DOC007408,SIN02136,informe_perito,True,True,2026-05-22,False,False,
DOC007409,SIN02137,factura_reparacion,True,True,2025-07-18,False,False,
DOC007410,SIN02137,fotos,True,True,2025-07-18,False,False,
DOC007411,SIN02137,informe_perito,True,True,2025-07-18,False,False,
DOC007412,SIN02138,factura_reparacion,True,True,2024-09-04,False,False,
DOC007413,SIN02138,fotos,True,True,2024-09-04,False,False,
DOC007414,SIN02138,informe_perito,True,True,2024-09-04,False,False,
DOC007415,SIN02139,factura_reparacion,True,True,2024-08-29,False,False,
DOC007416,SIN02139,fotos,True,True,2024-08-29,False,False,
DOC007417,SIN02139,informe_perito,True,False,2024-08-29,False,False,
DOC007418,SIN02140,factura_reparacion,True,True,2025-11-15,False,False,
DOC007419,SIN02140,fotos,True,True,2025-11-15,False,False,
DOC007420,SIN02140,informe_perito,True,True,2025-11-15,False,False,
DOC007421,SIN02141,factura_reparacion,True,True,2024-03-30,False,False,
DOC007422,SIN02141,fotos,True,True,2024-03-30,False,False,
DOC007423,SIN02141,informe_perito,True,True,2024-03-30,False,False,
DOC007424,SIN02142,factura_reparacion,True,True,2025-11-11,False,False,
DOC007425,SIN02142,fotos,True,True,2025-11-11,True,False,
DOC007426,SIN02142,informe_perito,True,True,2025-11-11,False,False,
DOC007427,SIN02143,factura_reparacion,True,True,2025-09-25,False,False,
DOC007428,SIN02143,fotos,True,True,2025-09-25,False,False,
DOC007429,SIN02143,informe_perito,True,True,2025-09-25,False,False,
DOC007430,SIN02144,factura_reparacion,True,False,2025-07-11,False,False,
DOC007431,SIN02144,fotos,True,True,2025-07-11,False,False,
DOC007432,SIN02144,informe_perito,False,True,2025-07-11,False,False,
DOC007433,SIN02145,factura_reparacion,True,True,2024-06-16,False,False,
DOC007434,SIN02145,fotos,False,True,2024-06-16,False,False,
DOC007435,SIN02145,informe_perito,True,True,2024-06-16,False,False,
DOC007436,SIN02146,factura_reparacion,True,True,2025-06-21,False,False,
DOC007437,SIN02146,fotos,True,True,2025-06-21,False,False,
DOC007438,SIN02146,informe_perito,True,True,2025-06-21,False,False,
DOC007439,SIN02147,factura_reparacion,True,True,2024-07-28,False,False,
DOC007440,SIN02147,fotos,True,True,2024-07-28,False,False,
DOC007441,SIN02147,informe_perito,True,True,2024-07-28,False,False,
DOC007442,SIN02148,factura_reparacion,True,False,2024-11-28,False,False,
DOC007443,SIN02148,fotos,True,True,2024-11-28,False,False,
DOC007444,SIN02148,informe_perito,True,True,2024-11-28,False,False,
DOC007445,SIN02149,factura_reparacion,True,True,2024-06-22,False,False,
DOC007446,SIN02149,fotos,True,True,2024-06-22,False,False,
DOC007447,SIN02149,informe_perito,True,True,2024-06-22,False,False,
DOC007448,SIN02150,factura_reparacion,True,True,2024-12-01,False,False,
DOC007449,SIN02150,fotos,True,True,2024-12-01,False,False,
DOC007450,SIN02150,informe_perito,True,True,2024-12-01,False,False,
DOC007451,SIN02151,factura_reparacion,True,True,2025-03-07,False,False,
DOC007452,SIN02151,fotos,True,True,2025-03-07,False,False,
DOC007453,SIN02151,informe_perito,True,True,2025-03-07,False,False,
DOC007454,SIN02152,factura_reparacion,True,True,2025-12-08,False,False,
DOC007455,SIN02152,fotos,True,True,2025-12-08,False,False,
DOC007456,SIN02152,informe_perito,True,True,2025-12-08,False,False,
DOC007457,SIN02153,factura_reparacion,True,True,2024-04-25,False,False,
DOC007458,SIN02153,fotos,True,True,2024-04-25,False,False,
DOC007459,SIN02153,informe_perito,True,True,2024-04-25,False,False,
DOC007460,SIN02154,factura_reparacion,True,True,2024-08-28,False,False,
DOC007461,SIN02154,fotos,True,True,2024-08-28,False,False,
DOC007462,SIN02154,informe_perito,False,True,2024-08-28,False,False,
DOC007463,SIN02155,factura_reparacion,True,True,2025-06-06,False,False,
DOC007464,SIN02155,fotos,True,True,2025-06-06,False,False,
DOC007465,SIN02155,informe_perito,True,True,2025-06-06,True,False,
DOC007466,SIN02156,factura_reparacion,True,True,2025-10-23,False,False,
DOC007467,SIN02156,fotos,True,True,2025-10-23,False,False,
DOC007468,SIN02156,informe_perito,True,True,2025-10-23,False,False,
DOC007469,SIN02157,factura_reparacion,True,True,2025-05-17,False,False,
DOC007470,SIN02157,fotos,True,True,2025-05-17,False,False,
DOC007471,SIN02157,informe_perito,True,True,2025-05-17,False,False,
DOC007472,SIN02158,factura_reparacion,True,True,2026-07-15,False,False,
DOC007473,SIN02158,fotos,True,True,2026-07-15,False,False,
DOC007474,SIN02158,informe_perito,True,True,2026-07-15,False,False,
DOC007475,SIN02159,factura_reparacion,True,True,2025-01-21,False,False,
DOC007476,SIN02159,fotos,True,True,2025-01-21,False,False,
DOC007477,SIN02159,informe_perito,False,True,2025-01-21,False,False,
DOC007478,SIN02160,factura_reparacion,True,True,2024-08-16,False,False,
DOC007479,SIN02160,fotos,True,True,2024-08-16,False,False,
DOC007480,SIN02160,informe_perito,True,True,2024-08-16,False,False,
DOC007481,SIN02161,factura_reparacion,True,True,2025-04-26,False,False,
DOC007482,SIN02161,fotos,True,False,2025-04-26,False,False,
DOC007483,SIN02161,informe_perito,True,True,2025-04-26,False,False,
DOC007484,SIN02162,factura_reparacion,True,True,2024-10-03,False,False,
DOC007485,SIN02162,fotos,True,True,2024-10-03,False,False,
DOC007486,SIN02162,informe_perito,True,True,2024-10-03,False,False,
DOC007487,SIN02163,factura_reparacion,True,True,2024-09-29,False,False,
DOC007488,SIN02163,fotos,True,True,2024-09-29,False,False,
DOC007489,SIN02163,informe_perito,True,True,2024-09-29,False,False,
DOC007490,SIN02164,factura_reparacion,True,True,2024-08-05,False,False,
DOC007491,SIN02164,fotos,True,True,2024-08-05,False,False,
DOC007492,SIN02164,informe_perito,True,True,2024-08-05,False,False,
DOC007493,SIN02165,factura_reparacion,True,True,2024-07-16,False,False,
DOC007494,SIN02165,fotos,True,True,2024-07-16,False,False,
DOC007495,SIN02165,informe_perito,True,True,2024-07-16,False,False,
DOC007496,SIN02166,factura_reparacion,True,True,2026-01-21,False,False,
DOC007497,SIN02166,fotos,True,True,2026-01-21,False,False,
DOC007498,SIN02166,informe_perito,True,True,2026-01-21,False,False,
DOC007499,SIN02167,factura_reparacion,True,True,2024-07-20,False,False,
DOC007500,SIN02167,fotos,True,True,2024-07-20,False,False,
DOC007501,SIN02167,informe_perito,True,True,2024-07-20,False,False,
DOC007502,SIN02168,factura_reparacion,True,True,2026-02-07,False,False,
DOC007503,SIN02168,fotos,True,True,2026-02-07,False,False,
DOC007504,SIN02168,informe_perito,True,True,2026-02-07,False,False,
DOC007505,SIN02169,factura_reparacion,True,True,2024-12-28,False,False,
DOC007506,SIN02169,fotos,True,False,2024-12-28,False,False,
DOC007507,SIN02169,informe_perito,True,True,2024-12-28,False,False,
DOC007508,SIN02170,factura_reparacion,True,True,2025-04-17,False,False,
DOC007509,SIN02170,fotos,True,True,2025-04-17,False,False,
DOC007510,SIN02170,informe_perito,True,True,2025-04-17,False,False,
DOC007511,SIN02171,factura_reparacion,True,True,2025-09-28,False,False,
DOC007512,SIN02171,fotos,True,True,2025-09-28,False,False,
DOC007513,SIN02171,informe_perito,True,True,2025-09-28,False,False,
DOC007514,SIN02172,factura_reparacion,True,True,2026-02-20,True,False,
DOC007515,SIN02172,fotos,True,False,2026-02-20,False,False,
DOC007516,SIN02172,informe_perito,True,True,2026-02-20,False,False,
DOC007517,SIN02173,factura_reparacion,True,True,2024-08-09,False,False,
DOC007518,SIN02173,fotos,True,True,2024-08-09,False,False,
DOC007519,SIN02173,informe_perito,True,True,2024-08-09,False,False,
DOC007520,SIN02174,factura_reparacion,True,True,2025-04-29,False,False,
DOC007521,SIN02174,fotos,True,True,2025-04-29,False,False,
DOC007522,SIN02174,informe_perito,True,True,2025-04-29,False,False,
DOC007523,SIN02175,factura_reparacion,True,True,2025-12-17,False,False,
DOC007524,SIN02175,fotos,True,True,2025-12-17,False,False,
DOC007525,SIN02175,informe_perito,True,True,2025-12-17,False,False,
DOC007526,SIN02176,factura_reparacion,True,True,2025-08-22,False,False,
DOC007527,SIN02176,fotos,True,True,2025-08-22,False,False,
DOC007528,SIN02176,informe_perito,True,True,2025-08-22,False,False,
DOC007529,SIN02177,factura_reparacion,True,True,2024-02-21,False,False,
DOC007530,SIN02177,fotos,True,True,2024-02-21,False,False,
DOC007531,SIN02177,informe_perito,True,True,2024-02-21,False,False,
DOC007532,SIN02178,factura_reparacion,True,True,2025-10-29,False,False,
DOC007533,SIN02178,fotos,True,True,2025-10-29,False,False,
DOC007534,SIN02178,informe_perito,True,True,2025-10-29,False,False,
DOC007535,SIN02179,factura_reparacion,True,True,2024-08-14,False,False,
DOC007536,SIN02179,fotos,True,True,2024-08-14,False,False,
DOC007537,SIN02179,informe_perito,True,True,2024-08-14,False,False,
DOC007538,SIN02180,factura_reparacion,True,True,2024-10-01,True,False,
DOC007539,SIN02180,fotos,True,True,2024-10-01,False,False,
DOC007540,SIN02180,informe_perito,True,True,2024-10-01,False,False,
DOC007541,SIN02181,factura_reparacion,True,True,2025-07-03,False,False,
DOC007542,SIN02181,fotos,True,True,2025-07-03,False,False,
DOC007543,SIN02181,informe_perito,True,True,2025-07-03,False,False,
DOC007544,SIN02182,factura_reparacion,True,True,2026-02-20,False,False,
DOC007545,SIN02182,fotos,True,True,2026-02-20,False,False,
DOC007546,SIN02182,informe_perito,True,True,2026-02-20,False,False,
DOC007547,SIN02183,factura_reparacion,True,False,2025-03-17,False,False,
DOC007548,SIN02183,fotos,True,True,2025-03-17,False,False,
DOC007549,SIN02183,informe_perito,True,True,2025-03-17,False,False,
DOC007550,SIN02184,factura_reparacion,True,True,2024-12-31,False,False,
DOC007551,SIN02184,fotos,True,True,2024-12-31,False,False,
DOC007552,SIN02184,informe_perito,True,True,2024-12-31,False,False,
DOC007553,SIN02185,factura_reparacion,True,True,2025-08-31,False,False,
DOC007554,SIN02185,fotos,True,True,2025-08-31,False,False,
DOC007555,SIN02185,informe_perito,True,True,2025-08-31,False,False,
DOC007556,SIN02186,factura_reparacion,True,True,2026-04-29,False,False,
DOC007557,SIN02186,fotos,True,True,2026-04-29,False,False,
DOC007558,SIN02186,informe_perito,False,True,2026-04-29,False,False,
DOC007559,SIN02187,factura_reparacion,True,True,2025-03-16,False,False,
DOC007560,SIN02187,fotos,True,True,2025-03-16,False,False,
DOC007561,SIN02187,informe_perito,True,True,2025-03-16,False,False,
DOC007562,SIN02188,factura_reparacion,True,True,2024-12-02,False,False,
DOC007563,SIN02188,fotos,True,True,2024-12-02,False,False,
DOC007564,SIN02188,informe_perito,True,True,2024-12-02,False,False,
DOC007565,SIN02189,factura_reparacion,True,True,2025-10-28,False,False,
DOC007566,SIN02189,fotos,True,True,2025-10-28,False,False,
DOC007567,SIN02189,informe_perito,True,True,2025-10-28,False,False,
DOC007568,SIN02190,factura_reparacion,True,True,2025-11-01,False,False,
DOC007569,SIN02190,fotos,True,True,2025-11-01,False,False,
DOC007570,SIN02190,informe_perito,True,True,2025-11-01,False,False,
DOC007571,SIN02191,factura_reparacion,True,True,2024-11-04,False,False,
DOC007572,SIN02191,fotos,True,True,2024-11-04,False,False,
DOC007573,SIN02191,informe_perito,True,True,2024-11-04,False,False,
DOC007574,SIN02192,factura_reparacion,True,True,2024-11-28,False,False,
DOC007575,SIN02192,fotos,True,True,2024-11-28,False,False,
DOC007576,SIN02192,informe_perito,True,True,2024-11-28,False,False,
DOC007577,SIN02193,factura_reparacion,True,True,2024-03-17,False,False,
DOC007578,SIN02193,fotos,True,True,2024-03-17,False,False,
DOC007579,SIN02193,informe_perito,True,True,2024-03-17,False,False,
DOC007580,SIN02194,factura_reparacion,True,True,2025-03-10,False,False,
DOC007581,SIN02194,fotos,True,True,2025-03-10,False,False,
DOC007582,SIN02194,informe_perito,True,True,2025-03-10,False,False,
DOC007583,SIN02195,factura_reparacion,True,True,2025-09-30,False,False,
DOC007584,SIN02195,fotos,True,True,2025-09-30,False,False,
DOC007585,SIN02195,informe_perito,True,True,2025-09-30,False,False,
DOC007586,SIN02196,factura_reparacion,True,True,2025-05-13,False,False,
DOC007587,SIN02196,fotos,True,True,2025-05-13,False,False,
DOC007588,SIN02196,informe_perito,True,True,2025-05-13,False,False,
DOC007589,SIN02197,factura_reparacion,True,True,2026-07-07,False,False,
DOC007590,SIN02197,fotos,True,True,2026-07-07,False,False,
DOC007591,SIN02197,informe_perito,True,True,2026-07-07,False,False,
DOC007592,SIN02198,factura_reparacion,True,True,2025-04-27,False,False,
DOC007593,SIN02198,fotos,True,True,2025-04-27,True,False,
DOC007594,SIN02198,informe_perito,True,True,2025-04-27,False,False,
DOC007595,SIN02199,factura_reparacion,True,True,2024-12-10,False,False,
DOC007596,SIN02199,fotos,True,True,2024-12-10,False,False,
DOC007597,SIN02199,informe_perito,True,True,2024-12-10,False,False,
DOC007598,SIN02200,factura_reparacion,True,True,2024-11-25,False,False,
DOC007599,SIN02200,fotos,False,True,2024-11-25,False,False,
DOC007600,SIN02200,informe_perito,False,True,2024-11-25,False,False,
DOC007601,SIN02201,factura_reparacion,True,True,2025-02-10,False,False,
DOC007602,SIN02201,fotos,True,True,2025-02-10,False,False,
DOC007603,SIN02201,informe_perito,True,True,2025-02-10,False,False,
DOC007604,SIN02202,factura_reparacion,True,True,2026-03-10,False,False,
DOC007605,SIN02202,fotos,True,True,2026-03-10,False,False,
DOC007606,SIN02202,informe_perito,True,True,2026-03-10,False,False,
DOC007607,SIN02203,factura_reparacion,True,True,2025-06-06,False,False,
DOC007608,SIN02203,fotos,True,True,2025-06-06,False,False,
DOC007609,SIN02203,informe_perito,True,True,2025-06-06,False,False,
DOC007610,SIN02204,factura_reparacion,True,True,2025-12-30,False,False,
DOC007611,SIN02204,fotos,True,True,2025-12-30,False,False,
DOC007612,SIN02204,informe_perito,True,True,2025-12-30,False,False,
DOC007613,SIN02205,factura_reparacion,True,True,2025-10-13,False,False,
DOC007614,SIN02205,fotos,True,True,2025-10-13,False,False,
DOC007615,SIN02205,informe_perito,True,True,2025-10-13,False,False,
DOC007616,SIN02206,factura_reparacion,True,True,2024-02-27,True,False,
DOC007617,SIN02206,fotos,True,True,2024-02-27,True,False,
DOC007618,SIN02206,informe_perito,True,True,2024-02-27,False,False,
DOC007619,SIN02207,factura_reparacion,False,True,2025-01-14,False,False,
DOC007620,SIN02207,fotos,True,True,2025-01-14,False,False,
DOC007621,SIN02207,informe_perito,True,True,2025-01-14,False,False,
DOC007622,SIN02208,factura_reparacion,True,True,2026-02-06,False,False,
DOC007623,SIN02208,fotos,True,True,2026-02-06,False,False,
DOC007624,SIN02208,informe_perito,True,True,2026-02-06,False,False,
DOC007625,SIN02209,factura_reparacion,True,True,2025-04-15,False,False,
DOC007626,SIN02209,fotos,True,True,2025-04-15,False,False,
DOC007627,SIN02209,informe_perito,True,True,2025-04-15,False,False,
DOC007628,SIN02210,factura_reparacion,True,True,2024-11-25,False,False,
DOC007629,SIN02210,fotos,True,True,2024-11-25,True,False,
DOC007630,SIN02210,informe_perito,True,True,2024-11-25,False,False,
DOC007631,SIN02211,factura_reparacion,True,True,2024-08-05,False,False,
DOC007632,SIN02211,fotos,True,True,2024-08-05,False,False,
DOC007633,SIN02211,informe_perito,False,True,2024-08-05,False,False,
DOC007634,SIN02212,factura_reparacion,True,True,2024-02-22,False,False,
DOC007635,SIN02212,fotos,True,True,2024-02-22,False,False,
DOC007636,SIN02212,informe_perito,True,True,2024-02-22,False,False,
DOC007637,SIN02213,factura_reparacion,True,True,2025-03-25,False,False,
DOC007638,SIN02213,fotos,True,True,2025-03-25,False,False,
DOC007639,SIN02213,informe_perito,True,True,2025-03-25,False,False,
DOC007640,SIN02214,factura_reparacion,True,True,2024-04-18,False,False,
DOC007641,SIN02214,fotos,True,True,2024-04-18,False,False,
DOC007642,SIN02214,informe_perito,True,True,2024-04-18,False,False,
DOC007643,SIN02215,factura_reparacion,True,True,2024-09-19,False,False,
DOC007644,SIN02215,fotos,True,True,2024-09-19,False,False,
DOC007645,SIN02215,informe_perito,True,True,2024-09-19,False,False,
DOC007646,SIN02216,factura_reparacion,True,True,2025-04-11,False,False,
DOC007647,SIN02216,fotos,True,True,2025-04-11,False,False,
DOC007648,SIN02216,informe_perito,True,True,2025-04-11,False,False,
DOC007649,SIN02217,factura_reparacion,False,True,2024-07-07,False,False,
DOC007650,SIN02217,fotos,True,True,2024-07-07,True,False,
DOC007651,SIN02217,informe_perito,True,True,2024-07-07,False,False,
DOC007652,SIN02218,factura_reparacion,True,False,2024-10-12,True,False,
DOC007653,SIN02218,fotos,True,True,2024-10-12,False,False,
DOC007654,SIN02218,informe_perito,True,True,2024-10-12,False,False,
DOC007655,SIN02219,factura_reparacion,True,True,2026-03-31,False,False,
DOC007656,SIN02219,fotos,True,True,2026-03-31,False,False,
DOC007657,SIN02219,informe_perito,True,True,2026-03-31,False,False,
DOC007658,SIN02220,factura_reparacion,True,False,2024-10-09,False,False,
DOC007659,SIN02220,fotos,True,True,2024-10-09,True,False,
DOC007660,SIN02220,informe_perito,False,True,2024-10-09,False,False,
DOC007661,SIN02221,factura_reparacion,True,True,2025-09-26,False,False,
DOC007662,SIN02221,fotos,True,True,2025-09-26,False,False,
DOC007663,SIN02221,informe_perito,True,True,2025-09-26,False,False,
DOC007664,SIN02222,factura_reparacion,True,True,2026-01-01,False,False,
DOC007665,SIN02222,fotos,True,True,2026-01-01,False,False,
DOC007666,SIN02222,informe_perito,True,True,2026-01-01,False,False,
DOC007667,SIN02223,factura_reparacion,True,True,2026-04-11,False,False,
DOC007668,SIN02223,fotos,True,True,2026-04-11,False,False,
DOC007669,SIN02223,informe_perito,True,True,2026-04-11,False,False,
DOC007670,SIN02224,factura_reparacion,True,True,2025-08-25,False,False,
DOC007671,SIN02224,fotos,True,True,2025-08-25,False,False,
DOC007672,SIN02224,informe_perito,True,True,2025-08-25,False,False,
DOC007673,SIN02225,factura_reparacion,True,False,2026-07-04,False,False,
DOC007674,SIN02225,fotos,True,True,2026-07-04,False,False,
DOC007675,SIN02225,informe_perito,True,True,2026-07-04,False,False,
DOC007676,SIN02226,factura_reparacion,True,True,2024-11-15,False,False,
DOC007677,SIN02226,fotos,True,True,2024-11-15,False,False,
DOC007678,SIN02226,informe_perito,True,False,2024-11-15,False,False,
DOC007679,SIN02227,factura_reparacion,True,True,2024-12-25,False,False,
DOC007680,SIN02227,fotos,True,True,2024-12-25,False,False,
DOC007681,SIN02227,informe_perito,False,True,2024-12-25,False,False,
DOC007682,SIN02228,factura_reparacion,True,True,2025-11-02,False,False,
DOC007683,SIN02228,fotos,True,True,2025-11-02,False,False,
DOC007684,SIN02228,informe_perito,True,True,2025-11-02,False,False,
DOC007685,SIN02229,factura_reparacion,True,True,2025-12-19,False,False,
DOC007686,SIN02229,fotos,True,True,2025-12-19,False,False,
DOC007687,SIN02229,informe_perito,True,True,2025-12-19,False,False,
DOC007688,SIN02230,factura_reparacion,True,True,2026-01-01,False,False,
DOC007689,SIN02230,fotos,True,True,2026-01-01,False,False,
DOC007690,SIN02230,informe_perito,True,True,2026-01-01,False,False,
DOC007691,SIN02231,factura_reparacion,True,True,2025-05-13,False,False,
DOC007692,SIN02231,fotos,True,True,2025-05-13,False,False,
DOC007693,SIN02231,informe_perito,True,True,2025-05-13,False,False,
DOC007694,SIN02232,factura_reparacion,True,True,2025-09-05,False,False,
DOC007695,SIN02232,fotos,False,True,2025-09-05,False,False,
DOC007696,SIN02232,informe_perito,True,False,2025-09-05,False,False,
DOC007697,SIN02233,factura_reparacion,True,True,2026-07-17,False,False,
DOC007698,SIN02233,fotos,True,True,2026-07-17,False,False,
DOC007699,SIN02233,informe_perito,True,True,2026-07-17,False,False,
DOC007700,SIN02234,factura_reparacion,True,True,2025-09-07,False,False,
DOC007701,SIN02234,fotos,True,True,2025-09-07,False,False,
DOC007702,SIN02234,informe_perito,True,True,2025-09-07,False,False,
DOC007703,SIN02235,factura_reparacion,False,True,2024-09-18,False,False,
DOC007704,SIN02235,fotos,True,True,2024-09-18,False,False,
DOC007705,SIN02235,informe_perito,True,True,2024-09-18,False,False,
DOC007706,SIN02236,factura_reparacion,True,True,2025-02-14,False,False,
DOC007707,SIN02236,fotos,True,True,2025-02-14,False,False,
DOC007708,SIN02236,informe_perito,True,True,2025-02-14,False,False,
DOC007709,SIN02237,factura_reparacion,True,False,2024-12-22,False,False,
DOC007710,SIN02237,fotos,True,True,2024-12-22,True,False,
DOC007711,SIN02237,informe_perito,True,True,2024-12-22,False,False,
DOC007712,SIN02238,factura_reparacion,True,True,2024-04-23,False,False,
DOC007713,SIN02238,fotos,True,True,2024-04-23,False,False,
DOC007714,SIN02238,informe_perito,True,True,2024-04-23,False,False,
DOC007715,SIN02239,factura_reparacion,True,True,2024-05-04,False,False,
DOC007716,SIN02239,fotos,False,True,2024-05-04,False,False,
DOC007717,SIN02239,informe_perito,True,True,2024-05-04,False,False,
DOC007718,SIN02240,factura_reparacion,True,True,2026-02-25,False,False,
DOC007719,SIN02240,fotos,True,True,2026-02-25,False,False,
DOC007720,SIN02240,informe_perito,True,True,2026-02-25,False,False,
DOC007721,SIN02241,factura_reparacion,True,True,2024-12-18,False,False,
DOC007722,SIN02241,fotos,True,True,2024-12-18,False,False,
DOC007723,SIN02241,informe_perito,True,True,2024-12-18,False,False,
DOC007724,SIN02242,factura_reparacion,True,True,2025-04-08,False,False,
DOC007725,SIN02242,fotos,True,True,2025-04-08,False,False,
DOC007726,SIN02242,informe_perito,True,False,2025-04-08,True,False,
DOC007727,SIN02243,factura_reparacion,True,True,2025-05-27,False,False,
DOC007728,SIN02243,fotos,True,False,2025-05-27,False,False,
DOC007729,SIN02243,informe_perito,True,True,2025-05-27,False,False,
DOC007730,SIN02244,factura_reparacion,True,True,2024-11-01,False,False,
DOC007731,SIN02244,fotos,True,True,2024-11-01,False,False,
DOC007732,SIN02244,informe_perito,True,True,2024-11-01,False,False,
DOC007733,SIN02245,factura_reparacion,True,True,2025-05-04,False,False,
DOC007734,SIN02245,fotos,False,True,2025-05-04,True,False,
DOC007735,SIN02245,informe_perito,True,True,2025-05-04,False,False,
DOC007736,SIN02246,factura_reparacion,True,True,2024-06-22,False,False,
DOC007737,SIN02246,fotos,True,True,2024-06-22,False,False,
DOC007738,SIN02246,informe_perito,True,True,2024-06-22,False,False,
DOC007739,SIN02247,factura_reparacion,True,True,2025-02-10,False,False,
DOC007740,SIN02247,fotos,True,True,2025-02-10,False,False,
DOC007741,SIN02247,informe_perito,True,True,2025-02-10,False,False,
DOC007742,SIN02248,factura_reparacion,True,True,2025-09-05,False,False,
DOC007743,SIN02248,fotos,True,True,2025-09-05,False,False,
DOC007744,SIN02248,informe_perito,True,True,2025-09-05,False,False,
DOC007745,SIN02249,factura_reparacion,True,True,2025-08-21,False,False,
DOC007746,SIN02249,fotos,True,True,2025-08-21,False,False,
DOC007747,SIN02249,informe_perito,True,True,2025-08-21,False,False,
DOC007748,SIN02250,factura_reparacion,True,True,2025-08-02,False,False,
DOC007749,SIN02250,fotos,True,True,2025-08-02,False,False,
DOC007750,SIN02250,informe_perito,True,True,2025-08-02,False,False,
DOC007751,SIN02251,factura_reparacion,True,True,2025-06-18,False,False,
DOC007752,SIN02251,fotos,True,True,2025-06-18,False,False,
DOC007753,SIN02251,informe_perito,True,True,2025-06-18,False,False,
DOC007754,SIN02252,factura_reparacion,True,True,2025-08-26,False,False,
DOC007755,SIN02252,fotos,True,True,2025-08-26,False,False,
DOC007756,SIN02252,informe_perito,True,True,2025-08-26,False,False,
DOC007757,SIN02253,factura_reparacion,True,True,2025-08-24,False,False,
DOC007758,SIN02253,fotos,True,True,2025-08-24,False,False,
DOC007759,SIN02253,informe_perito,True,True,2025-08-24,True,False,
DOC007760,SIN02254,factura_reparacion,True,True,2025-10-20,False,False,
DOC007761,SIN02254,fotos,True,True,2025-10-20,False,False,
DOC007762,SIN02254,informe_perito,True,True,2025-10-20,False,False,
DOC007763,SIN02255,factura_reparacion,True,True,2025-02-27,False,False,
DOC007764,SIN02255,fotos,True,True,2025-02-27,False,False,
DOC007765,SIN02255,informe_perito,True,True,2025-02-27,False,False,
DOC007766,SIN02256,factura_reparacion,True,True,2025-03-16,False,False,
DOC007767,SIN02256,fotos,True,True,2025-03-16,False,False,
DOC007768,SIN02256,informe_perito,True,True,2025-03-16,False,False,
DOC007769,SIN02257,factura_reparacion,True,True,2024-06-14,False,False,
DOC007770,SIN02257,fotos,True,True,2024-06-14,False,False,
DOC007771,SIN02257,informe_perito,True,True,2024-06-14,False,False,
DOC007772,SIN02258,factura_reparacion,True,True,2025-07-22,False,False,
DOC007773,SIN02258,fotos,False,True,2025-07-22,True,False,
DOC007774,SIN02258,informe_perito,False,True,2025-07-22,False,False,
DOC007775,SIN02259,factura_reparacion,True,True,2024-11-03,False,False,
DOC007776,SIN02259,fotos,True,True,2024-11-03,False,False,
DOC007777,SIN02259,informe_perito,True,True,2024-11-03,False,False,
DOC007778,SIN02260,factura_reparacion,True,True,2025-01-07,False,False,
DOC007779,SIN02260,fotos,True,True,2025-01-07,False,False,
DOC007780,SIN02260,informe_perito,True,True,2025-01-07,False,False,
DOC007781,SIN02261,factura_reparacion,True,True,2025-04-08,False,False,
DOC007782,SIN02261,fotos,True,True,2025-04-08,False,False,
DOC007783,SIN02261,informe_perito,True,True,2025-04-08,False,False,
DOC007784,SIN02262,factura_reparacion,True,True,2025-08-22,False,False,
DOC007785,SIN02262,fotos,True,False,2025-08-22,False,False,
DOC007786,SIN02262,informe_perito,True,True,2025-08-22,False,False,
DOC007787,SIN02263,factura_reparacion,True,True,2024-05-05,True,False,
DOC007788,SIN02263,fotos,True,True,2024-05-05,True,False,
DOC007789,SIN02263,informe_perito,False,False,2024-05-05,False,False,
DOC007790,SIN02264,factura_reparacion,True,True,2024-10-04,False,False,
DOC007791,SIN02264,fotos,True,True,2024-10-04,False,False,
DOC007792,SIN02264,informe_perito,True,True,2024-10-04,False,False,
DOC007793,SIN02265,factura_reparacion,True,True,2026-02-24,True,False,
DOC007794,SIN02265,fotos,True,True,2026-02-24,False,False,
DOC007795,SIN02265,informe_perito,True,True,2026-02-24,False,False,
DOC007796,SIN02266,factura_reparacion,True,True,2026-04-12,False,False,
DOC007797,SIN02266,fotos,True,True,2026-04-12,False,False,
DOC007798,SIN02266,informe_perito,True,True,2026-04-12,False,False,
DOC007799,SIN02267,factura_reparacion,True,True,2025-01-12,False,False,
DOC007800,SIN02267,fotos,True,True,2025-01-12,False,False,
DOC007801,SIN02267,informe_perito,True,False,2025-01-12,False,False,
DOC007802,SIN02268,factura_reparacion,True,True,2025-08-11,False,False,
DOC007803,SIN02268,fotos,True,True,2025-08-11,False,False,
DOC007804,SIN02268,informe_perito,True,True,2025-08-11,False,False,
DOC007805,SIN02269,factura_reparacion,True,True,2026-05-16,False,False,
DOC007806,SIN02269,fotos,True,True,2026-05-16,False,False,
DOC007807,SIN02269,informe_perito,True,False,2026-05-16,False,False,
DOC007808,SIN02270,factura_reparacion,True,True,2025-05-10,False,False,
DOC007809,SIN02270,fotos,True,True,2025-05-10,False,False,
DOC007810,SIN02270,informe_perito,True,True,2025-05-10,True,False,
DOC007811,SIN02271,factura_reparacion,True,True,2025-09-02,False,False,
DOC007812,SIN02271,fotos,True,True,2025-09-02,False,False,
DOC007813,SIN02271,informe_perito,True,True,2025-09-02,False,False,
DOC007814,SIN02272,factura_reparacion,True,True,2024-10-15,False,False,
DOC007815,SIN02272,fotos,False,True,2024-10-15,False,False,
DOC007816,SIN02272,informe_perito,False,True,2024-10-15,False,False,
DOC007817,SIN02273,factura_reparacion,True,True,2025-06-15,False,False,
DOC007818,SIN02273,fotos,True,True,2025-06-15,False,False,
DOC007819,SIN02273,informe_perito,True,True,2025-06-15,False,False,
DOC007820,SIN02274,factura_reparacion,True,True,2024-05-14,False,False,
DOC007821,SIN02274,fotos,True,False,2024-05-14,False,False,
DOC007822,SIN02274,informe_perito,True,True,2024-05-14,True,False,
DOC007823,SIN02275,factura_reparacion,True,True,2024-10-12,False,False,
DOC007824,SIN02275,fotos,True,True,2024-10-12,False,False,
DOC007825,SIN02275,informe_perito,True,True,2024-10-12,False,False,
DOC007826,SIN02276,factura_reparacion,True,True,2024-09-09,False,False,
DOC007827,SIN02276,fotos,True,True,2024-09-09,False,False,
DOC007828,SIN02276,informe_perito,True,True,2024-09-09,False,False,
DOC007829,SIN02277,factura_reparacion,True,True,2025-05-05,False,False,
DOC007830,SIN02277,fotos,True,True,2025-05-05,False,False,
DOC007831,SIN02277,informe_perito,True,True,2025-05-05,False,False,
DOC007832,SIN02278,factura_reparacion,True,True,2026-02-18,False,False,
DOC007833,SIN02278,fotos,True,True,2026-02-18,False,False,
DOC007834,SIN02278,informe_perito,True,True,2026-02-18,False,False,
DOC007835,SIN02279,factura_reparacion,True,True,2025-09-04,False,False,
DOC007836,SIN02279,fotos,True,True,2025-09-04,False,False,
DOC007837,SIN02279,informe_perito,True,True,2025-09-04,False,False,
DOC007838,SIN02280,factura_reparacion,True,True,2024-05-23,False,False,
DOC007839,SIN02280,fotos,True,True,2024-05-23,False,False,
DOC007840,SIN02280,informe_perito,True,True,2024-05-23,False,False,
DOC007841,SIN02281,factura_reparacion,True,True,2026-05-22,False,False,
DOC007842,SIN02281,fotos,True,True,2026-05-22,False,False,
DOC007843,SIN02281,informe_perito,True,True,2026-05-22,False,False,
DOC007844,SIN02282,factura_reparacion,True,True,2025-02-01,False,False,
DOC007845,SIN02282,fotos,True,True,2025-02-01,False,False,
DOC007846,SIN02282,informe_perito,True,True,2025-02-01,False,False,
DOC007847,SIN02283,factura_reparacion,True,True,2024-12-26,False,False,
DOC007848,SIN02283,fotos,True,True,2024-12-26,True,False,
DOC007849,SIN02283,informe_perito,True,True,2024-12-26,False,False,
DOC007850,SIN02284,factura_reparacion,True,True,2025-08-28,False,False,
DOC007851,SIN02284,fotos,True,True,2025-08-28,False,False,
DOC007852,SIN02284,informe_perito,True,True,2025-08-28,False,False,
DOC007853,SIN02285,factura_reparacion,True,True,2025-09-08,False,False,
DOC007854,SIN02285,fotos,True,True,2025-09-08,False,False,
DOC007855,SIN02285,informe_perito,True,True,2025-09-08,False,False,
DOC007856,SIN02286,factura_reparacion,True,False,2024-06-15,True,False,
DOC007857,SIN02286,fotos,True,True,2024-06-15,False,False,
DOC007858,SIN02286,informe_perito,True,True,2024-06-15,False,False,
DOC007859,SIN02287,factura_reparacion,True,True,2024-04-01,False,False,
DOC007860,SIN02287,fotos,True,True,2024-04-01,False,False,
DOC007861,SIN02287,informe_perito,True,True,2024-04-01,False,False,
DOC007862,SIN02288,factura_reparacion,True,True,2025-08-28,False,False,
DOC007863,SIN02288,fotos,True,True,2025-08-28,False,False,
DOC007864,SIN02288,informe_perito,True,True,2025-08-28,False,False,
DOC007865,SIN02289,factura_reparacion,True,True,2025-03-27,False,False,
DOC007866,SIN02289,fotos,True,True,2025-03-27,False,False,
DOC007867,SIN02289,informe_perito,False,True,2025-03-27,False,False,
DOC007868,SIN02290,factura_reparacion,True,True,2025-10-27,False,False,
DOC007869,SIN02290,fotos,True,True,2025-10-27,False,False,
DOC007870,SIN02290,informe_perito,True,True,2025-10-27,False,False,
DOC007871,SIN02291,factura_reparacion,True,True,2024-09-12,False,False,
DOC007872,SIN02291,fotos,True,True,2024-09-12,False,False,
DOC007873,SIN02291,informe_perito,True,True,2024-09-12,False,False,
DOC007874,SIN02292,factura_reparacion,True,True,2025-07-21,True,False,
DOC007875,SIN02292,fotos,False,True,2025-07-21,False,False,
DOC007876,SIN02292,informe_perito,True,True,2025-07-21,True,False,
DOC007877,SIN02293,factura_reparacion,True,True,2024-12-04,False,False,
DOC007878,SIN02293,fotos,True,True,2024-12-04,False,False,
DOC007879,SIN02293,informe_perito,True,True,2024-12-04,False,False,
DOC007880,SIN02294,factura_reparacion,True,True,2025-07-08,False,False,
DOC007881,SIN02294,fotos,True,True,2025-07-08,False,False,
DOC007882,SIN02294,informe_perito,True,True,2025-07-08,False,False,
DOC007883,SIN02295,factura_reparacion,True,True,2024-11-24,False,False,
DOC007884,SIN02295,fotos,True,True,2024-11-24,False,False,
DOC007885,SIN02295,informe_perito,True,True,2024-11-24,False,False,
DOC007886,SIN02296,factura_reparacion,True,True,2025-05-03,False,False,
DOC007887,SIN02296,fotos,True,True,2025-05-03,False,False,
DOC007888,SIN02296,informe_perito,True,True,2025-05-03,False,False,
DOC007889,SIN02297,factura_reparacion,True,True,2024-12-11,False,False,
DOC007890,SIN02297,fotos,True,True,2024-12-11,True,False,
DOC007891,SIN02297,informe_perito,True,True,2024-12-11,False,False,
DOC007892,SIN02298,factura_reparacion,True,True,2025-05-04,False,False,
DOC007893,SIN02298,fotos,True,True,2025-05-04,False,False,
DOC007894,SIN02298,informe_perito,True,True,2025-05-04,False,False,
DOC007895,SIN02299,factura_reparacion,False,True,2025-03-05,True,False,
DOC007896,SIN02299,fotos,True,True,2025-03-05,False,False,
DOC007897,SIN02299,informe_perito,False,True,2025-03-05,True,False,
DOC007898,SIN02300,factura_reparacion,True,True,2024-10-06,False,False,
DOC007899,SIN02300,fotos,True,True,2024-10-06,False,False,
DOC007900,SIN02300,informe_perito,True,False,2024-10-06,False,False,
DOC007901,SIN02301,factura_reparacion,True,True,2025-03-14,False,False,
DOC007902,SIN02301,fotos,True,True,2025-03-14,False,False,
DOC007903,SIN02301,informe_perito,True,True,2025-03-14,False,False,
DOC007904,SIN02302,factura_reparacion,True,True,2024-12-30,False,False,
DOC007905,SIN02302,fotos,True,True,2024-12-30,False,False,
DOC007906,SIN02302,informe_perito,True,True,2024-12-30,False,False,
DOC007907,SIN02303,factura_reparacion,True,True,2025-09-14,False,False,
DOC007908,SIN02303,fotos,True,True,2025-09-14,False,False,
DOC007909,SIN02303,informe_perito,True,True,2025-09-14,False,False,
DOC007910,SIN02304,factura_reparacion,True,True,2026-05-16,False,False,
DOC007911,SIN02304,fotos,True,True,2026-05-16,False,False,
DOC007912,SIN02304,informe_perito,True,True,2026-05-16,False,False,
DOC007913,SIN02305,factura_reparacion,True,True,2024-12-16,False,False,
DOC007914,SIN02305,fotos,True,True,2024-12-16,False,False,
DOC007915,SIN02305,informe_perito,True,True,2024-12-16,False,False,
DOC007916,SIN02306,factura_reparacion,True,True,2024-04-20,False,False,
DOC007917,SIN02306,fotos,False,True,2024-04-20,False,False,
DOC007918,SIN02306,informe_perito,True,True,2024-04-20,True,False,
DOC007919,SIN02307,factura_reparacion,True,True,2025-07-28,False,False,
DOC007920,SIN02307,fotos,True,True,2025-07-28,False,False,
DOC007921,SIN02307,informe_perito,True,True,2025-07-28,False,False,
DOC007922,SIN02308,factura_reparacion,True,True,2024-03-26,False,False,
DOC007923,SIN02308,fotos,True,True,2024-03-26,False,False,
DOC007924,SIN02308,informe_perito,True,True,2024-03-26,False,False,
DOC007925,SIN02309,factura_reparacion,True,True,2024-12-29,False,False,
DOC007926,SIN02309,fotos,True,True,2024-12-29,False,False,
DOC007927,SIN02309,informe_perito,False,True,2024-12-29,False,False,
DOC007928,SIN02310,factura_reparacion,True,True,2024-07-07,False,False,
DOC007929,SIN02310,fotos,True,True,2024-07-07,True,False,
DOC007930,SIN02310,informe_perito,True,True,2024-07-07,False,False,
DOC007931,SIN02311,factura_reparacion,True,True,2025-12-31,False,False,
DOC007932,SIN02311,fotos,True,True,2025-12-31,False,False,
DOC007933,SIN02311,informe_perito,True,True,2025-12-31,False,False,
DOC007934,SIN02312,factura_reparacion,True,True,2025-12-07,False,False,
DOC007935,SIN02312,fotos,True,True,2025-12-07,False,False,
DOC007936,SIN02312,informe_perito,True,True,2025-12-07,False,False,
DOC007937,SIN02313,factura_reparacion,True,True,2025-02-15,True,True,Alteracion simulada para demo
DOC007938,SIN02313,fotos,False,True,2025-02-15,True,False,
DOC007939,SIN02313,informe_perito,True,False,2025-02-15,False,False,
DOC007940,SIN02314,factura_reparacion,True,True,2024-07-27,False,False,
DOC007941,SIN02314,fotos,True,True,2024-07-27,False,False,
DOC007942,SIN02314,informe_perito,True,True,2024-07-27,False,False,
DOC007943,SIN02315,factura_reparacion,True,True,2026-03-03,False,False,
DOC007944,SIN02315,fotos,True,True,2026-03-03,False,False,
DOC007945,SIN02315,informe_perito,True,True,2026-03-03,False,False,
DOC007946,SIN02316,factura_reparacion,True,True,2025-04-16,False,False,
DOC007947,SIN02316,fotos,True,True,2025-04-16,False,False,
DOC007948,SIN02316,informe_perito,True,True,2025-04-16,False,False,
DOC007949,SIN02317,factura_reparacion,False,True,2025-11-09,False,False,
DOC007950,SIN02317,fotos,True,True,2025-11-09,False,False,
DOC007951,SIN02317,informe_perito,True,True,2025-11-09,False,False,
DOC007952,SIN02318,factura_reparacion,True,True,2025-03-30,False,False,
DOC007953,SIN02318,fotos,True,True,2025-03-30,False,False,
DOC007954,SIN02318,informe_perito,True,True,2025-03-30,False,False,
DOC007955,SIN02319,factura_reparacion,True,True,2025-12-24,False,False,
DOC007956,SIN02319,fotos,True,True,2025-12-24,False,False,
DOC007957,SIN02319,informe_perito,True,True,2025-12-24,False,False,
DOC007958,SIN02320,factura_reparacion,True,True,2024-03-21,False,False,
DOC007959,SIN02320,fotos,True,False,2024-03-21,False,False,
DOC007960,SIN02320,informe_perito,True,True,2024-03-21,False,False,
DOC007961,SIN02321,factura_reparacion,True,True,2024-09-21,False,False,
DOC007962,SIN02321,fotos,True,True,2024-09-21,False,False,
DOC007963,SIN02321,informe_perito,True,True,2024-09-21,True,False,
DOC007964,SIN02322,factura_reparacion,True,True,2025-09-19,False,False,
DOC007965,SIN02322,fotos,True,True,2025-09-19,False,False,
DOC007966,SIN02322,informe_perito,True,True,2025-09-19,False,False,
DOC007967,SIN02323,factura_reparacion,True,True,2025-10-05,False,False,
DOC007968,SIN02323,fotos,True,True,2025-10-05,True,False,
DOC007969,SIN02323,informe_perito,True,True,2025-10-05,False,False,
DOC007970,SIN02324,factura_reparacion,True,True,2026-02-02,False,False,
DOC007971,SIN02324,fotos,True,True,2026-02-02,False,False,
DOC007972,SIN02324,informe_perito,True,True,2026-02-02,False,False,
DOC007973,SIN02325,factura_reparacion,True,True,2024-08-03,False,False,
DOC007974,SIN02325,fotos,True,True,2024-08-03,False,False,
DOC007975,SIN02325,informe_perito,True,True,2024-08-03,False,False,
DOC007976,SIN02326,factura_reparacion,True,True,2025-03-08,False,False,
DOC007977,SIN02326,fotos,True,True,2025-03-08,False,False,
DOC007978,SIN02326,informe_perito,True,True,2025-03-08,False,False,
DOC007979,SIN02327,factura_reparacion,True,True,2024-09-09,False,False,
DOC007980,SIN02327,fotos,True,True,2024-09-09,False,False,
DOC007981,SIN02327,informe_perito,True,True,2024-09-09,False,False,
DOC007982,SIN02328,factura_reparacion,True,True,2025-04-22,False,False,
DOC007983,SIN02328,fotos,True,True,2025-04-22,False,False,
DOC007984,SIN02328,informe_perito,True,True,2025-04-22,False,False,
DOC007985,SIN02329,factura_reparacion,True,True,2024-09-12,False,False,
DOC007986,SIN02329,fotos,True,True,2024-09-12,False,False,
DOC007987,SIN02329,informe_perito,True,True,2024-09-12,False,False,
DOC007988,SIN02330,factura_reparacion,True,True,2025-12-03,False,False,
DOC007989,SIN02330,fotos,True,True,2025-12-03,False,False,
DOC007990,SIN02330,informe_perito,True,True,2025-12-03,False,False,
DOC007991,SIN02331,factura_reparacion,False,True,2024-03-13,False,False,
DOC007992,SIN02331,fotos,True,True,2024-03-13,False,False,
DOC007993,SIN02331,informe_perito,False,True,2024-03-13,False,False,
DOC007994,SIN02332,factura_reparacion,True,True,2026-06-03,False,False,
DOC007995,SIN02332,fotos,True,True,2026-06-03,False,False,
DOC007996,SIN02332,informe_perito,True,True,2026-06-03,False,False,
DOC007997,SIN02333,factura_reparacion,True,True,2025-01-09,False,False,
DOC007998,SIN02333,fotos,True,True,2025-01-09,False,False,
DOC007999,SIN02333,informe_perito,True,True,2025-01-09,False,False,
DOC008000,SIN02334,factura_reparacion,True,True,2024-06-19,False,False,
DOC008001,SIN02334,fotos,True,True,2024-06-19,False,False,
DOC008002,SIN02334,informe_perito,True,True,2024-06-19,False,False,
DOC008003,SIN02335,factura_reparacion,True,True,2025-11-06,False,False,
DOC008004,SIN02335,fotos,True,True,2025-11-06,False,False,
DOC008005,SIN02335,informe_perito,True,True,2025-11-06,False,False,
DOC008006,SIN02336,factura_reparacion,True,True,2024-10-22,False,False,
DOC008007,SIN02336,fotos,False,True,2024-10-22,False,False,
DOC008008,SIN02336,informe_perito,False,True,2024-10-22,False,False,
DOC008009,SIN02337,factura_reparacion,True,True,2025-06-21,False,False,
DOC008010,SIN02337,fotos,True,True,2025-06-21,False,False,
DOC008011,SIN02337,informe_perito,True,True,2025-06-21,False,False,
DOC008012,SIN02338,factura_reparacion,False,True,2025-05-26,False,False,
DOC008013,SIN02338,fotos,True,False,2025-05-26,False,False,
DOC008014,SIN02338,informe_perito,False,True,2025-05-26,False,False,
DOC008015,SIN02339,factura_reparacion,True,True,2025-02-18,False,False,
DOC008016,SIN02339,fotos,True,True,2025-02-18,False,False,
DOC008017,SIN02339,informe_perito,True,True,2025-02-18,False,False,
DOC008018,SIN02340,factura_reparacion,True,True,2024-08-04,False,False,
DOC008019,SIN02340,fotos,True,True,2024-08-04,False,False,
DOC008020,SIN02340,informe_perito,True,True,2024-08-04,False,False,
DOC008021,SIN02341,factura_reparacion,True,True,2024-12-29,False,False,
DOC008022,SIN02341,fotos,True,True,2024-12-29,False,False,
DOC008023,SIN02341,informe_perito,True,True,2024-12-29,False,False,
DOC008024,SIN02342,factura_reparacion,True,True,2024-08-28,False,False,
DOC008025,SIN02342,fotos,True,True,2024-08-28,False,False,
DOC008026,SIN02342,informe_perito,True,True,2024-08-28,False,False,
DOC008027,SIN02343,factura_reparacion,True,True,2024-08-03,False,False,
DOC008028,SIN02343,fotos,True,True,2024-08-03,False,False,
DOC008029,SIN02343,informe_perito,True,True,2024-08-03,False,False,
DOC008030,SIN02344,factura_reparacion,False,True,2025-11-07,False,False,
DOC008031,SIN02344,fotos,True,True,2025-11-07,False,False,
DOC008032,SIN02344,informe_perito,True,True,2025-11-07,False,False,
DOC008033,SIN02345,factura_reparacion,True,True,2024-04-13,False,False,
DOC008034,SIN02345,fotos,True,True,2024-04-13,False,False,
DOC008035,SIN02345,informe_perito,True,True,2024-04-13,False,False,
DOC008036,SIN02346,factura_reparacion,True,True,2025-08-29,False,False,
DOC008037,SIN02346,fotos,True,False,2025-08-29,False,False,
DOC008038,SIN02346,informe_perito,True,True,2025-08-29,False,False,
DOC008039,SIN02347,factura_reparacion,True,True,2024-02-18,True,False,
DOC008040,SIN02347,fotos,True,True,2024-02-18,False,False,
DOC008041,SIN02347,informe_perito,True,True,2024-02-18,False,False,
DOC008042,SIN02348,factura_reparacion,True,True,2024-10-14,False,False,
DOC008043,SIN02348,fotos,True,True,2024-10-14,False,False,
DOC008044,SIN02348,informe_perito,True,True,2024-10-14,False,False,
DOC008045,SIN02349,factura_reparacion,True,True,2025-09-26,False,False,
DOC008046,SIN02349,fotos,True,True,2025-09-26,False,False,
DOC008047,SIN02349,informe_perito,True,True,2025-09-26,False,False,
DOC008048,SIN02350,factura_reparacion,True,True,2025-03-07,False,False,
DOC008049,SIN02350,fotos,False,True,2025-03-07,True,False,
DOC008050,SIN02350,informe_perito,True,True,2025-03-07,False,False,
DOC008051,SIN02351,factura_reparacion,True,True,2025-04-27,False,False,
DOC008052,SIN02351,fotos,True,True,2025-04-27,False,False,
DOC008053,SIN02351,informe_perito,True,True,2025-04-27,False,False,
DOC008054,SIN02352,factura_reparacion,True,True,2024-11-01,False,False,
DOC008055,SIN02352,fotos,True,True,2024-11-01,False,False,
DOC008056,SIN02352,informe_perito,True,True,2024-11-01,False,False,
DOC008057,SIN02353,factura_reparacion,True,True,2026-02-22,False,False,
DOC008058,SIN02353,fotos,True,True,2026-02-22,False,False,
DOC008059,SIN02353,informe_perito,True,True,2026-02-22,False,False,
DOC008060,SIN02354,factura_reparacion,True,True,2025-03-14,False,False,
DOC008061,SIN02354,fotos,True,True,2025-03-14,False,False,
DOC008062,SIN02354,informe_perito,True,True,2025-03-14,False,False,
DOC008063,SIN02355,factura_reparacion,True,True,2025-10-07,False,False,
DOC008064,SIN02355,fotos,True,False,2025-10-07,False,False,
DOC008065,SIN02355,informe_perito,False,True,2025-10-07,False,False,
DOC008066,SIN02356,factura_reparacion,True,True,2024-04-03,False,False,
DOC008067,SIN02356,fotos,True,True,2024-04-03,False,False,
DOC008068,SIN02356,informe_perito,True,True,2024-04-03,False,False,
DOC008069,SIN02357,factura_reparacion,True,True,2025-02-12,False,False,
DOC008070,SIN02357,fotos,True,True,2025-02-12,False,False,
DOC008071,SIN02357,informe_perito,True,True,2025-02-12,False,False,
DOC008072,SIN02358,factura_reparacion,True,True,2025-08-18,False,False,
DOC008073,SIN02358,fotos,True,True,2025-08-18,False,False,
DOC008074,SIN02358,informe_perito,True,True,2025-08-18,False,False,
DOC008075,SIN02359,factura_reparacion,True,True,2025-07-31,False,False,
DOC008076,SIN02359,fotos,True,True,2025-07-31,False,False,
DOC008077,SIN02359,informe_perito,True,True,2025-07-31,False,False,
DOC008078,SIN02360,factura_reparacion,True,True,2025-02-09,False,False,
DOC008079,SIN02360,fotos,True,True,2025-02-09,False,False,
DOC008080,SIN02360,informe_perito,True,True,2025-02-09,False,False,
DOC008081,SIN02361,factura_reparacion,True,True,2024-07-26,True,False,
DOC008082,SIN02361,fotos,True,True,2024-07-26,False,False,
DOC008083,SIN02361,informe_perito,False,False,2024-07-26,False,False,
DOC008084,SIN02362,factura_reparacion,True,True,2025-01-17,False,False,
DOC008085,SIN02362,fotos,True,True,2025-01-17,False,False,
DOC008086,SIN02362,informe_perito,True,True,2025-01-17,False,False,
DOC008087,SIN02363,factura_reparacion,True,True,2024-04-04,False,False,
DOC008088,SIN02363,fotos,True,True,2024-04-04,False,False,
DOC008089,SIN02363,informe_perito,True,True,2024-04-04,False,False,
DOC008090,SIN02364,factura_reparacion,True,True,2025-09-27,True,False,
DOC008091,SIN02364,fotos,True,True,2025-09-27,True,False,
DOC008092,SIN02364,informe_perito,True,False,2025-09-27,False,False,
DOC008093,SIN02365,factura_reparacion,True,True,2026-01-23,False,False,
DOC008094,SIN02365,fotos,False,True,2026-01-23,False,False,
DOC008095,SIN02365,informe_perito,True,False,2026-01-23,False,False,
DOC008096,SIN02366,factura_reparacion,True,True,2024-04-22,False,False,
DOC008097,SIN02366,fotos,False,True,2024-04-22,False,False,
DOC008098,SIN02366,informe_perito,True,True,2024-04-22,False,False,
DOC008099,SIN02367,factura_reparacion,True,True,2024-07-22,False,False,
DOC008100,SIN02367,fotos,True,True,2024-07-22,False,False,
DOC008101,SIN02367,informe_perito,False,True,2024-07-22,False,False,
DOC008102,SIN02368,factura_reparacion,False,True,2025-03-16,False,False,
DOC008103,SIN02368,fotos,True,True,2025-03-16,False,False,
DOC008104,SIN02368,informe_perito,True,True,2025-03-16,False,False,
DOC008105,SIN02369,factura_reparacion,True,True,2025-08-29,False,False,
DOC008106,SIN02369,fotos,True,True,2025-08-29,False,False,
DOC008107,SIN02369,informe_perito,True,True,2025-08-29,False,False,
DOC008108,SIN02370,factura_reparacion,True,True,2024-02-14,False,False,
DOC008109,SIN02370,fotos,True,True,2024-02-14,True,False,
DOC008110,SIN02370,informe_perito,True,True,2024-02-14,False,False,
DOC008111,SIN02371,factura_reparacion,True,True,2025-05-29,False,False,
DOC008112,SIN02371,fotos,True,True,2025-05-29,True,False,
DOC008113,SIN02371,informe_perito,False,True,2025-05-29,False,False,
DOC008114,SIN02372,factura_reparacion,True,True,2025-06-05,False,False,
DOC008115,SIN02372,fotos,True,True,2025-06-05,False,False,
DOC008116,SIN02372,informe_perito,False,True,2025-06-05,False,False,
DOC008117,SIN02373,factura_reparacion,False,True,2025-11-09,False,False,
DOC008118,SIN02373,fotos,True,True,2025-11-09,False,False,
DOC008119,SIN02373,informe_perito,True,True,2025-11-09,False,False,
DOC008120,SIN02374,factura_reparacion,True,True,2024-08-20,False,False,
DOC008121,SIN02374,fotos,True,True,2024-08-20,False,False,
DOC008122,SIN02374,informe_perito,True,True,2024-08-20,False,False,
DOC008123,SIN02375,factura_reparacion,True,True,2024-08-19,False,False,
DOC008124,SIN02375,fotos,True,True,2024-08-19,False,False,
DOC008125,SIN02375,informe_perito,True,True,2024-08-19,False,False,
DOC008126,SIN02376,factura_reparacion,True,True,2025-07-07,False,False,
DOC008127,SIN02376,fotos,True,True,2025-07-07,False,False,
DOC008128,SIN02376,informe_perito,True,True,2025-07-07,False,False,
DOC008129,SIN02377,factura_reparacion,True,True,2025-12-13,False,False,
DOC008130,SIN02377,fotos,True,True,2025-12-13,False,False,
DOC008131,SIN02377,informe_perito,True,True,2025-12-13,False,False,
DOC008132,SIN02378,factura_reparacion,True,False,2024-12-21,False,False,
DOC008133,SIN02378,fotos,True,True,2024-12-21,False,False,
DOC008134,SIN02378,informe_perito,True,True,2024-12-21,False,False,
DOC008135,SIN02379,factura_reparacion,True,True,2024-10-19,False,False,
DOC008136,SIN02379,fotos,True,False,2024-10-19,False,False,
DOC008137,SIN02379,informe_perito,True,True,2024-10-19,False,False,
DOC008138,SIN02380,factura_reparacion,True,True,2026-06-21,False,False,
DOC008139,SIN02380,fotos,True,True,2026-06-21,False,False,
DOC008140,SIN02380,informe_perito,True,True,2026-06-21,False,False,
DOC008141,SIN02381,factura_reparacion,True,True,2024-10-23,False,False,
DOC008142,SIN02381,fotos,True,True,2024-10-23,False,False,
DOC008143,SIN02381,informe_perito,True,True,2024-10-23,False,False,
DOC008144,SIN02382,factura_reparacion,True,True,2024-12-24,False,False,
DOC008145,SIN02382,fotos,True,True,2024-12-24,False,False,
DOC008146,SIN02382,informe_perito,True,True,2024-12-24,False,False,
DOC008147,SIN02383,factura_reparacion,True,True,2024-06-08,False,False,
DOC008148,SIN02383,fotos,False,True,2024-06-08,False,False,
DOC008149,SIN02383,informe_perito,True,True,2024-06-08,False,False,
DOC008150,SIN02384,factura_reparacion,False,True,2025-10-28,False,False,
DOC008151,SIN02384,fotos,True,True,2025-10-28,False,False,
DOC008152,SIN02384,informe_perito,True,True,2025-10-28,False,False,
DOC008153,SIN02385,factura_reparacion,True,True,2024-10-24,False,False,
DOC008154,SIN02385,fotos,True,False,2024-10-24,True,False,
DOC008155,SIN02385,informe_perito,True,True,2024-10-24,False,False,
DOC008156,SIN02386,factura_reparacion,True,True,2026-05-17,False,False,
DOC008157,SIN02386,fotos,True,True,2026-05-17,False,False,
DOC008158,SIN02386,informe_perito,True,True,2026-05-17,False,False,
DOC008159,SIN02387,factura_reparacion,True,True,2024-04-09,False,False,
DOC008160,SIN02387,fotos,True,True,2024-04-09,False,False,
DOC008161,SIN02387,informe_perito,True,True,2024-04-09,False,False,
DOC008162,SIN02388,factura_reparacion,True,True,2025-05-20,False,False,
DOC008163,SIN02388,fotos,True,True,2025-05-20,False,False,
DOC008164,SIN02388,informe_perito,True,False,2025-05-20,True,False,
DOC008165,SIN02389,factura_reparacion,True,True,2025-10-31,False,False,
DOC008166,SIN02389,fotos,True,True,2025-10-31,False,False,
DOC008167,SIN02389,informe_perito,True,True,2025-10-31,False,False,
DOC008168,SIN02390,factura_reparacion,True,True,2025-03-03,False,False,
DOC008169,SIN02390,fotos,True,True,2025-03-03,False,False,
DOC008170,SIN02390,informe_perito,True,True,2025-03-03,False,False,
DOC008171,SIN02391,factura_reparacion,True,True,2026-04-22,False,False,
DOC008172,SIN02391,fotos,True,True,2026-04-22,False,False,
DOC008173,SIN02391,informe_perito,True,True,2026-04-22,False,False,
DOC008174,SIN02392,factura_reparacion,True,True,2025-03-21,False,False,
DOC008175,SIN02392,fotos,True,True,2025-03-21,False,False,
DOC008176,SIN02392,informe_perito,True,True,2025-03-21,False,False,
DOC008177,SIN02393,factura_reparacion,True,True,2024-11-11,False,False,
DOC008178,SIN02393,fotos,True,True,2024-11-11,False,False,
DOC008179,SIN02393,informe_perito,True,True,2024-11-11,False,False,
DOC008180,SIN02394,factura_reparacion,True,True,2025-04-10,False,False,
DOC008181,SIN02394,fotos,True,False,2025-04-10,False,False,
DOC008182,SIN02394,informe_perito,True,True,2025-04-10,False,False,
DOC008183,SIN02395,factura_reparacion,True,True,2026-04-10,False,False,
DOC008184,SIN02395,fotos,True,True,2026-04-10,False,False,
DOC008185,SIN02395,informe_perito,True,True,2026-04-10,False,False,
DOC008186,SIN02396,factura_reparacion,True,True,2024-10-19,False,False,
DOC008187,SIN02396,fotos,True,True,2024-10-19,False,False,
DOC008188,SIN02396,informe_perito,True,True,2024-10-19,False,False,
DOC008189,SIN02397,factura_reparacion,True,True,2025-03-27,True,False,
DOC008190,SIN02397,fotos,False,True,2025-03-27,False,False,
DOC008191,SIN02397,informe_perito,False,True,2025-03-27,True,False,
DOC008192,SIN02398,factura_reparacion,True,True,2026-04-02,False,False,
DOC008193,SIN02398,fotos,True,True,2026-04-02,False,False,
DOC008194,SIN02398,informe_perito,True,True,2026-04-02,False,False,
DOC008195,SIN02399,factura_reparacion,True,True,2024-03-24,False,False,
DOC008196,SIN02399,fotos,True,True,2024-03-24,False,False,
DOC008197,SIN02399,informe_perito,True,True,2024-03-24,False,False,
DOC008198,SIN02400,factura_reparacion,True,True,2025-12-09,False,False,
DOC008199,SIN02400,fotos,True,True,2025-12-09,False,False,
DOC008200,SIN02400,informe_perito,True,True,2025-12-09,False,False,
DOC008201,SIN02401,factura_reparacion,True,True,2025-01-02,False,False,
DOC008202,SIN02401,fotos,True,True,2025-01-02,False,False,
DOC008203,SIN02401,informe_perito,True,True,2025-01-02,False,False,
DOC008204,SIN02402,factura_reparacion,True,True,2024-04-01,False,False,
DOC008205,SIN02402,fotos,True,True,2024-04-01,False,False,
DOC008206,SIN02402,informe_perito,True,True,2024-04-01,False,False,
DOC008207,SIN02403,factura_reparacion,False,True,2025-07-24,True,False,
DOC008208,SIN02403,fotos,True,True,2025-07-24,False,False,
DOC008209,SIN02403,informe_perito,True,True,2025-07-24,False,False,
DOC008210,SIN02404,factura_reparacion,True,True,2026-01-18,True,False,
DOC008211,SIN02404,fotos,True,True,2026-01-18,True,False,
DOC008212,SIN02404,informe_perito,True,True,2026-01-18,False,False,
DOC008213,SIN02405,factura_reparacion,True,True,2025-06-08,True,False,
DOC008214,SIN02405,fotos,True,True,2025-06-08,False,False,
DOC008215,SIN02405,informe_perito,True,False,2025-06-08,False,False,
DOC008216,SIN02406,factura_reparacion,True,True,2026-05-29,False,False,
DOC008217,SIN02406,fotos,True,True,2026-05-29,False,False,
DOC008218,SIN02406,informe_perito,True,True,2026-05-29,False,False,
DOC008219,SIN02407,factura_reparacion,True,True,2024-03-22,False,False,
DOC008220,SIN02407,fotos,True,True,2024-03-22,False,False,
DOC008221,SIN02407,informe_perito,True,True,2024-03-22,False,False,
DOC008222,SIN02408,factura_reparacion,True,True,2024-02-21,False,False,
DOC008223,SIN02408,fotos,True,True,2024-02-21,False,False,
DOC008224,SIN02408,informe_perito,True,True,2024-02-21,False,False,
DOC008225,SIN02409,factura_reparacion,True,True,2024-12-22,True,False,
DOC008226,SIN02409,fotos,True,False,2024-12-22,False,False,
DOC008227,SIN02409,informe_perito,True,True,2024-12-22,False,False,
DOC008228,SIN02410,factura_reparacion,True,False,2024-12-28,True,False,
DOC008229,SIN02410,fotos,False,True,2024-12-28,False,False,
DOC008230,SIN02410,informe_perito,True,True,2024-12-28,False,False,
DOC008231,SIN02411,factura_reparacion,True,True,2026-02-11,False,False,
DOC008232,SIN02411,fotos,True,True,2026-02-11,False,False,
DOC008233,SIN02411,informe_perito,True,True,2026-02-11,False,False,
DOC008234,SIN02412,factura_reparacion,True,True,2025-05-26,True,False,
DOC008235,SIN02412,fotos,True,False,2025-05-26,True,False,
DOC008236,SIN02412,informe_perito,True,True,2025-05-26,False,False,
DOC008237,SIN02413,factura_reparacion,True,True,2025-06-06,False,False,
DOC008238,SIN02413,fotos,True,True,2025-06-06,False,False,
DOC008239,SIN02413,informe_perito,True,True,2025-06-06,False,False,
DOC008240,SIN02414,factura_reparacion,True,True,2025-05-18,False,False,
DOC008241,SIN02414,fotos,True,True,2025-05-18,False,False,
DOC008242,SIN02414,informe_perito,True,True,2025-05-18,False,False,
DOC008243,SIN02415,factura_reparacion,True,True,2025-12-05,False,False,
DOC008244,SIN02415,fotos,True,True,2025-12-05,False,False,
DOC008245,SIN02415,informe_perito,True,True,2025-12-05,False,False,
DOC008246,SIN02416,factura_reparacion,True,True,2025-09-20,False,False,
DOC008247,SIN02416,fotos,True,True,2025-09-20,False,False,
DOC008248,SIN02416,informe_perito,True,True,2025-09-20,False,False,
DOC008249,SIN02417,factura_reparacion,True,True,2024-09-08,False,False,
DOC008250,SIN02417,fotos,True,True,2024-09-08,False,False,
DOC008251,SIN02417,informe_perito,True,True,2024-09-08,False,False,
DOC008252,SIN02418,factura_reparacion,True,True,2024-03-26,False,False,
DOC008253,SIN02418,fotos,True,True,2024-03-26,True,False,
DOC008254,SIN02418,informe_perito,False,False,2024-03-26,False,False,
DOC008255,SIN02419,factura_reparacion,True,True,2024-08-16,False,False,
DOC008256,SIN02419,fotos,True,True,2024-08-16,False,False,
DOC008257,SIN02419,informe_perito,True,True,2024-08-16,False,False,
DOC008258,SIN02420,factura_reparacion,True,True,2025-11-14,False,False,
DOC008259,SIN02420,fotos,True,True,2025-11-14,False,False,
DOC008260,SIN02420,informe_perito,False,True,2025-11-14,False,False,
DOC008261,SIN02421,factura_reparacion,True,True,2025-02-26,False,False,
DOC008262,SIN02421,fotos,True,True,2025-02-26,False,False,
DOC008263,SIN02421,informe_perito,True,True,2025-02-26,False,False,
DOC008264,SIN02422,factura_reparacion,False,True,2024-07-12,False,False,
DOC008265,SIN02422,fotos,True,True,2024-07-12,False,False,
DOC008266,SIN02422,informe_perito,False,True,2024-07-12,False,False,
DOC008267,SIN02423,factura_reparacion,True,True,2025-02-28,False,False,
DOC008268,SIN02423,fotos,True,True,2025-02-28,False,False,
DOC008269,SIN02423,informe_perito,True,True,2025-02-28,False,False,
DOC008270,SIN02424,factura_reparacion,True,False,2025-09-20,False,False,
DOC008271,SIN02424,fotos,True,True,2025-09-20,False,False,
DOC008272,SIN02424,informe_perito,True,True,2025-09-20,False,False,
DOC008273,SIN02425,factura_reparacion,True,True,2025-06-03,False,False,
DOC008274,SIN02425,fotos,True,True,2025-06-03,False,False,
DOC008275,SIN02425,informe_perito,True,True,2025-06-03,False,False,
DOC008276,SIN02426,factura_reparacion,True,True,2024-10-30,False,False,
DOC008277,SIN02426,fotos,True,False,2024-10-30,False,False,
DOC008278,SIN02426,informe_perito,True,True,2024-10-30,False,False,
DOC008279,SIN02427,factura_reparacion,True,True,2025-11-11,False,False,
DOC008280,SIN02427,fotos,True,True,2025-11-11,False,False,
DOC008281,SIN02427,informe_perito,True,True,2025-11-11,False,False,
DOC008282,SIN02428,factura_reparacion,True,True,2024-09-03,False,False,
DOC008283,SIN02428,fotos,True,False,2024-09-03,False,False,
DOC008284,SIN02428,informe_perito,True,True,2024-09-03,False,False,
DOC008285,SIN02429,factura_reparacion,True,True,2025-11-08,True,False,
DOC008286,SIN02429,fotos,True,True,2025-11-08,True,False,
DOC008287,SIN02429,informe_perito,True,True,2025-11-08,False,False,
DOC008288,SIN02430,factura_reparacion,True,True,2024-08-27,False,False,
DOC008289,SIN02430,fotos,True,True,2024-08-27,False,False,
DOC008290,SIN02430,informe_perito,True,True,2024-08-27,False,False,
DOC008291,SIN02431,factura_reparacion,True,True,2024-12-02,False,False,
DOC008292,SIN02431,fotos,True,True,2024-12-02,False,False,
DOC008293,SIN02431,informe_perito,True,True,2024-12-02,False,False,
DOC008294,SIN02432,factura_reparacion,True,True,2025-09-15,False,False,
DOC008295,SIN02432,fotos,True,True,2025-09-15,False,False,
DOC008296,SIN02432,informe_perito,True,True,2025-09-15,False,False,
DOC008297,SIN02433,factura_reparacion,True,True,2024-09-10,False,False,
DOC008298,SIN02433,fotos,True,True,2024-09-10,False,False,
DOC008299,SIN02433,informe_perito,True,True,2024-09-10,False,False,
DOC008300,SIN02434,factura_reparacion,True,True,2025-07-12,False,False,
DOC008301,SIN02434,fotos,True,True,2025-07-12,False,False,
DOC008302,SIN02434,informe_perito,True,True,2025-07-12,False,False,
DOC008303,SIN02435,factura_reparacion,False,True,2024-08-29,False,False,
DOC008304,SIN02435,fotos,True,False,2024-08-29,False,False,
DOC008305,SIN02435,informe_perito,True,True,2024-08-29,False,False,
DOC008306,SIN02436,factura_reparacion,True,True,2025-07-28,False,False,
DOC008307,SIN02436,fotos,True,True,2025-07-28,False,False,
DOC008308,SIN02436,informe_perito,False,True,2025-07-28,False,False,
DOC008309,SIN02437,factura_reparacion,True,True,2025-02-14,False,False,
DOC008310,SIN02437,fotos,True,True,2025-02-14,True,False,
DOC008311,SIN02437,informe_perito,True,True,2025-02-14,False,False,
DOC008312,SIN02438,factura_reparacion,True,True,2025-06-13,False,False,
DOC008313,SIN02438,fotos,True,True,2025-06-13,True,False,
DOC008314,SIN02438,informe_perito,True,True,2025-06-13,False,False,
DOC008315,SIN02439,factura_reparacion,True,True,2025-07-04,False,False,
DOC008316,SIN02439,fotos,True,True,2025-07-04,False,False,
DOC008317,SIN02439,informe_perito,True,True,2025-07-04,False,False,
DOC008318,SIN02440,factura_reparacion,True,True,2024-09-23,True,False,
DOC008319,SIN02440,fotos,True,True,2024-09-23,False,False,
DOC008320,SIN02440,informe_perito,True,True,2024-09-23,False,False,
DOC008321,SIN02441,factura_reparacion,True,True,2025-05-25,False,False,
DOC008322,SIN02441,fotos,True,True,2025-05-25,False,False,
DOC008323,SIN02441,informe_perito,True,True,2025-05-25,False,False,
DOC008324,SIN02442,factura_reparacion,False,True,2025-03-12,False,False,
DOC008325,SIN02442,fotos,True,True,2025-03-12,False,False,
DOC008326,SIN02442,informe_perito,True,True,2025-03-12,False,False,
DOC008327,SIN02443,factura_reparacion,True,True,2025-12-14,False,False,
DOC008328,SIN02443,fotos,True,True,2025-12-14,False,False,
DOC008329,SIN02443,informe_perito,True,True,2025-12-14,False,False,
DOC008330,SIN02444,factura_reparacion,True,True,2026-05-26,False,False,
DOC008331,SIN02444,fotos,True,True,2026-05-26,False,False,
DOC008332,SIN02444,informe_perito,True,True,2026-05-26,False,False,
DOC008333,SIN02445,factura_reparacion,False,True,2026-06-13,True,False,
DOC008334,SIN02445,fotos,True,True,2026-06-13,True,False,
DOC008335,SIN02445,informe_perito,True,False,2026-06-13,False,False,
DOC008336,SIN02446,factura_reparacion,True,True,2025-03-18,False,False,
DOC008337,SIN02446,fotos,True,True,2025-03-18,False,False,
DOC008338,SIN02446,informe_perito,True,True,2025-03-18,False,False,
DOC008339,SIN02447,factura_reparacion,False,True,2026-05-19,False,False,
DOC008340,SIN02447,fotos,True,True,2026-05-19,False,False,
DOC008341,SIN02447,informe_perito,False,True,2026-05-19,True,False,
DOC008342,SIN02448,factura_reparacion,True,True,2026-02-01,False,False,
DOC008343,SIN02448,fotos,True,True,2026-02-01,False,False,
DOC008344,SIN02448,informe_perito,True,True,2026-02-01,False,False,
DOC008345,SIN02449,factura_reparacion,True,True,2025-02-24,False,False,
DOC008346,SIN02449,fotos,True,True,2025-02-24,False,False,
DOC008347,SIN02449,informe_perito,True,True,2025-02-24,False,False,
DOC008348,SIN02450,factura_reparacion,True,True,2025-03-16,False,False,
DOC008349,SIN02450,fotos,True,True,2025-03-16,False,False,
DOC008350,SIN02450,informe_perito,True,True,2025-03-16,False,False,
DOC008351,SIN02451,factura_reparacion,False,True,2025-05-11,False,False,
DOC008352,SIN02451,fotos,True,False,2025-05-11,True,False,
DOC008353,SIN02451,informe_perito,True,True,2025-05-11,True,False,
DOC008354,SIN02452,factura_reparacion,True,True,2024-10-29,False,False,
DOC008355,SIN02452,fotos,True,True,2024-10-29,False,False,
DOC008356,SIN02452,informe_perito,True,True,2024-10-29,False,False,
DOC008357,SIN02453,factura_reparacion,True,True,2025-01-08,False,False,
DOC008358,SIN02453,fotos,True,True,2025-01-08,False,False,
DOC008359,SIN02453,informe_perito,True,True,2025-01-08,False,False,
DOC008360,SIN02454,factura_reparacion,True,True,2025-05-26,False,False,
DOC008361,SIN02454,fotos,True,True,2025-05-26,False,False,
DOC008362,SIN02454,informe_perito,True,True,2025-05-26,False,False,
DOC008363,SIN02455,factura_reparacion,True,True,2024-10-01,False,False,
DOC008364,SIN02455,fotos,True,True,2024-10-01,False,False,
DOC008365,SIN02455,informe_perito,True,True,2024-10-01,False,False,
DOC008366,SIN02456,factura_reparacion,True,True,2026-01-27,False,False,
DOC008367,SIN02456,fotos,True,True,2026-01-27,False,False,
DOC008368,SIN02456,informe_perito,True,True,2026-01-27,False,False,
DOC008369,SIN02457,factura_reparacion,True,True,2026-01-28,False,False,
DOC008370,SIN02457,fotos,True,True,2026-01-28,False,False,
DOC008371,SIN02457,informe_perito,True,True,2026-01-28,False,False,
DOC008372,SIN02458,factura_reparacion,True,True,2025-05-25,False,False,
DOC008373,SIN02458,fotos,True,True,2025-05-25,False,False,
DOC008374,SIN02458,informe_perito,True,True,2025-05-25,False,False,
DOC008375,SIN02459,factura_reparacion,True,True,2025-09-01,False,False,
DOC008376,SIN02459,fotos,True,True,2025-09-01,False,False,
DOC008377,SIN02459,informe_perito,True,True,2025-09-01,False,False,
DOC008378,SIN02460,factura_reparacion,True,True,2024-12-10,False,False,
DOC008379,SIN02460,fotos,True,True,2024-12-10,False,False,
DOC008380,SIN02460,informe_perito,True,True,2024-12-10,False,False,
DOC008381,SIN02461,factura_reparacion,True,True,2025-05-31,False,False,
DOC008382,SIN02461,fotos,True,True,2025-05-31,False,False,
DOC008383,SIN02461,informe_perito,True,True,2025-05-31,False,False,
DOC008384,SIN02462,factura_reparacion,True,True,2024-11-25,False,False,
DOC008385,SIN02462,fotos,True,True,2024-11-25,False,False,
DOC008386,SIN02462,informe_perito,True,True,2024-11-25,False,False,
DOC008387,SIN02463,factura_reparacion,True,True,2025-01-07,False,False,
DOC008388,SIN02463,fotos,True,True,2025-01-07,False,False,
DOC008389,SIN02463,informe_perito,True,True,2025-01-07,False,False,
DOC008390,SIN02464,factura_reparacion,True,True,2025-09-30,False,False,
DOC008391,SIN02464,fotos,True,True,2025-09-30,False,False,
DOC008392,SIN02464,informe_perito,True,True,2025-09-30,False,False,
DOC008393,SIN02465,factura_reparacion,True,True,2024-09-27,False,False,
DOC008394,SIN02465,fotos,True,True,2024-09-27,False,False,
DOC008395,SIN02465,informe_perito,True,True,2024-09-27,False,False,
DOC008396,SIN02466,factura_reparacion,True,True,2026-04-09,False,False,
DOC008397,SIN02466,fotos,True,True,2026-04-09,False,False,
DOC008398,SIN02466,informe_perito,True,True,2026-04-09,False,False,
DOC008399,SIN02467,factura_reparacion,True,True,2025-08-04,False,False,
DOC008400,SIN02467,fotos,True,True,2025-08-04,False,False,
DOC008401,SIN02467,informe_perito,True,True,2025-08-04,False,False,
DOC008402,SIN02468,factura_reparacion,True,True,2025-12-21,False,False,
DOC008403,SIN02468,fotos,True,True,2025-12-21,False,False,
DOC008404,SIN02468,informe_perito,True,True,2025-12-21,False,False,
DOC008405,SIN02469,factura_reparacion,False,True,2024-02-17,False,False,
DOC008406,SIN02469,fotos,True,True,2024-02-17,False,False,
DOC008407,SIN02469,informe_perito,True,True,2024-02-17,False,False,
DOC008408,SIN02470,factura_reparacion,True,True,2025-07-03,False,False,
DOC008409,SIN02470,fotos,True,True,2025-07-03,False,False,
DOC008410,SIN02470,informe_perito,True,True,2025-07-03,False,False,
DOC008411,SIN02471,factura_reparacion,True,True,2024-06-21,False,False,
DOC008412,SIN02471,fotos,True,True,2024-06-21,False,False,
DOC008413,SIN02471,informe_perito,True,True,2024-06-21,False,False,
DOC008414,SIN02472,factura_reparacion,True,True,2026-02-01,False,False,
DOC008415,SIN02472,fotos,True,True,2026-02-01,False,False,
DOC008416,SIN02472,informe_perito,False,True,2026-02-01,False,False,
DOC008417,SIN02473,factura_reparacion,True,True,2026-03-21,False,False,
DOC008418,SIN02473,fotos,True,True,2026-03-21,False,False,
DOC008419,SIN02473,informe_perito,True,True,2026-03-21,False,False,
DOC008420,SIN02474,factura_reparacion,True,True,2025-09-03,False,False,
DOC008421,SIN02474,fotos,True,True,2025-09-03,False,False,
DOC008422,SIN02474,informe_perito,True,True,2025-09-03,False,False,
DOC008423,SIN02475,factura_reparacion,False,True,2024-08-18,False,False,
DOC008424,SIN02475,fotos,True,True,2024-08-18,False,False,
DOC008425,SIN02475,informe_perito,True,True,2024-08-18,False,False,
DOC008426,SIN02476,factura_reparacion,True,True,2024-11-11,False,False,
DOC008427,SIN02476,fotos,True,True,2024-11-11,False,False,
DOC008428,SIN02476,informe_perito,True,True,2024-11-11,False,False,
DOC008429,SIN02477,factura_reparacion,True,True,2024-08-10,False,False,
DOC008430,SIN02477,fotos,True,True,2024-08-10,False,False,
DOC008431,SIN02477,informe_perito,True,True,2024-08-10,False,False,
DOC008432,SIN02478,factura_reparacion,True,True,2025-06-26,False,False,
DOC008433,SIN02478,fotos,True,True,2025-06-26,True,False,
DOC008434,SIN02478,informe_perito,True,True,2025-06-26,False,False,
DOC008435,SIN02479,factura_reparacion,False,True,2025-09-06,False,False,
DOC008436,SIN02479,fotos,True,True,2025-09-06,False,False,
DOC008437,SIN02479,informe_perito,True,True,2025-09-06,False,False,
DOC008438,SIN02480,factura_reparacion,True,True,2026-06-19,False,False,
DOC008439,SIN02480,fotos,True,True,2026-06-19,False,False,
DOC008440,SIN02480,informe_perito,True,True,2026-06-19,False,False,
DOC008441,SIN02481,factura_reparacion,True,True,2025-08-04,False,False,
DOC008442,SIN02481,fotos,True,True,2025-08-04,False,False,
DOC008443,SIN02481,informe_perito,True,True,2025-08-04,False,False,
DOC008444,SIN02482,factura_reparacion,True,True,2024-03-31,False,False,
DOC008445,SIN02482,fotos,True,True,2024-03-31,False,False,
DOC008446,SIN02482,informe_perito,True,True,2024-03-31,False,False,
DOC008447,SIN02483,factura_reparacion,False,True,2024-03-17,False,False,
DOC008448,SIN02483,fotos,True,True,2024-03-17,False,False,
DOC008449,SIN02483,informe_perito,True,True,2024-03-17,False,False,
DOC008450,SIN02484,factura_reparacion,True,True,2026-05-04,False,False,
DOC008451,SIN02484,fotos,True,True,2026-05-04,False,False,
DOC008452,SIN02484,informe_perito,True,True,2026-05-04,False,False,
DOC008453,SIN02485,factura_reparacion,False,True,2024-09-20,False,False,
DOC008454,SIN02485,fotos,False,True,2024-09-20,False,False,
DOC008455,SIN02485,informe_perito,False,True,2024-09-20,False,False,
DOC008456,SIN02486,factura_reparacion,True,True,2025-07-29,False,False,
DOC008457,SIN02486,fotos,True,True,2025-07-29,False,False,
DOC008458,SIN02486,informe_perito,True,True,2025-07-29,False,False,
DOC008459,SIN02487,factura_reparacion,True,True,2026-03-11,False,False,
DOC008460,SIN02487,fotos,True,True,2026-03-11,False,False,
DOC008461,SIN02487,informe_perito,True,True,2026-03-11,False,False,
DOC008462,SIN02488,factura_reparacion,True,True,2026-04-21,False,False,
DOC008463,SIN02488,fotos,True,True,2026-04-21,False,False,
DOC008464,SIN02488,informe_perito,True,True,2026-04-21,False,False,
DOC008465,SIN02489,factura_reparacion,True,True,2025-10-13,False,False,
DOC008466,SIN02489,fotos,True,True,2025-10-13,False,False,
DOC008467,SIN02489,informe_perito,True,True,2025-10-13,False,False,
DOC008468,SIN02490,factura_reparacion,True,True,2025-04-03,False,False,
DOC008469,SIN02490,fotos,False,True,2025-04-03,False,False,
DOC008470,SIN02490,informe_perito,True,True,2025-04-03,False,False,
DOC008471,SIN02491,factura_reparacion,True,True,2025-04-15,False,False,
DOC008472,SIN02491,fotos,True,True,2025-04-15,False,False,
DOC008473,SIN02491,informe_perito,True,True,2025-04-15,False,False,
DOC008474,SIN02492,factura_reparacion,True,True,2025-09-21,False,False,
DOC008475,SIN02492,fotos,True,True,2025-09-21,False,False,
DOC008476,SIN02492,informe_perito,True,True,2025-09-21,False,False,
DOC008477,SIN02493,factura_reparacion,True,True,2025-03-02,False,False,
DOC008478,SIN02493,fotos,True,True,2025-03-02,False,False,
DOC008479,SIN02493,informe_perito,True,True,2025-03-02,False,False,
DOC008480,SIN02494,factura_reparacion,True,True,2025-08-19,False,False,
DOC008481,SIN02494,fotos,True,True,2025-08-19,False,False,
DOC008482,SIN02494,informe_perito,True,True,2025-08-19,False,False,
DOC008483,SIN02495,factura_reparacion,False,True,2024-07-03,True,False,
DOC008484,SIN02495,fotos,False,True,2024-07-03,False,False,
DOC008485,SIN02495,informe_perito,True,False,2024-07-03,False,False,
DOC008486,SIN02496,factura_reparacion,True,True,2024-11-24,False,False,
DOC008487,SIN02496,fotos,True,True,2024-11-24,False,False,
DOC008488,SIN02496,informe_perito,True,True,2024-11-24,False,False,
DOC008489,SIN02497,factura_reparacion,True,True,2025-06-21,False,False,
DOC008490,SIN02497,fotos,True,True,2025-06-21,False,False,
DOC008491,SIN02497,informe_perito,True,False,2025-06-21,False,False,
DOC008492,SIN02498,factura_reparacion,True,True,2026-05-25,True,False,
DOC008493,SIN02498,fotos,True,True,2026-05-25,False,False,
DOC008494,SIN02498,informe_perito,True,True,2026-05-25,False,False,
DOC008495,SIN02499,factura_reparacion,True,True,2024-10-13,True,False,
DOC008496,SIN02499,fotos,True,True,2024-10-13,False,False,
DOC008497,SIN02499,informe_perito,True,True,2024-10-13,False,False,
DOC008498,SIN02500,factura_reparacion,True,True,2025-06-28,False,False,
DOC008499,SIN02500,fotos,True,True,2025-06-28,False,False,
DOC008500,SIN02500,informe_perito,True,True,2025-06-28,False,False,
DOC008501,SIN02501,factura_reparacion,True,True,2025-11-05,False,False,
DOC008502,SIN02501,fotos,True,True,2025-11-05,False,False,
DOC008503,SIN02501,informe_perito,True,True,2025-11-05,False,False,
DOC008504,SIN02502,factura_reparacion,True,True,2025-07-20,False,False,
DOC008505,SIN02502,fotos,True,False,2025-07-20,True,False,
DOC008506,SIN02502,informe_perito,False,True,2025-07-20,False,False,
DOC008507,SIN02503,factura_reparacion,True,True,2024-11-11,False,False,
DOC008508,SIN02503,fotos,True,True,2024-11-11,False,False,
DOC008509,SIN02503,informe_perito,True,True,2024-11-11,False,False,
DOC008510,SIN02504,factura_reparacion,True,True,2025-12-10,False,False,
DOC008511,SIN02504,fotos,True,True,2025-12-10,False,False,
DOC008512,SIN02504,informe_perito,True,True,2025-12-10,False,False,
DOC008513,SIN02505,factura_reparacion,True,True,2024-11-11,False,False,
DOC008514,SIN02505,fotos,True,True,2024-11-11,False,False,
DOC008515,SIN02505,informe_perito,True,True,2024-11-11,False,False,
DOC008516,SIN02506,factura_reparacion,True,True,2024-06-06,False,False,
DOC008517,SIN02506,fotos,True,True,2024-06-06,False,False,
DOC008518,SIN02506,informe_perito,True,True,2024-06-06,False,False,
DOC008519,SIN02507,factura_reparacion,True,True,2025-08-04,False,False,
DOC008520,SIN02507,fotos,True,True,2025-08-04,False,False,
DOC008521,SIN02507,informe_perito,True,True,2025-08-04,False,False,
DOC008522,SIN02508,factura_reparacion,True,True,2025-02-18,False,False,
DOC008523,SIN02508,fotos,True,True,2025-02-18,False,False,
DOC008524,SIN02508,informe_perito,True,True,2025-02-18,False,False,
DOC008525,SIN02509,factura_reparacion,True,True,2025-11-23,False,False,
DOC008526,SIN02509,fotos,True,True,2025-11-23,False,False,
DOC008527,SIN02509,informe_perito,True,True,2025-11-23,False,False,
DOC008528,SIN02510,factura_reparacion,True,True,2024-03-30,False,False,
DOC008529,SIN02510,fotos,True,True,2024-03-30,False,False,
DOC008530,SIN02510,informe_perito,True,True,2024-03-30,False,False,
DOC008531,SIN02511,factura_reparacion,True,True,2025-01-17,False,False,
DOC008532,SIN02511,fotos,True,True,2025-01-17,False,False,
DOC008533,SIN02511,informe_perito,True,True,2025-01-17,False,False,
DOC008534,SIN02512,factura_reparacion,True,True,2026-04-23,False,False,
DOC008535,SIN02512,fotos,True,True,2026-04-23,False,False,
DOC008536,SIN02512,informe_perito,True,True,2026-04-23,False,False,
DOC008537,SIN02513,factura_reparacion,True,True,2024-09-28,False,False,
DOC008538,SIN02513,fotos,True,True,2024-09-28,False,False,
DOC008539,SIN02513,informe_perito,True,True,2024-09-28,False,False,
DOC008540,SIN02514,factura_reparacion,True,True,2025-10-15,False,False,
DOC008541,SIN02514,fotos,True,True,2025-10-15,False,False,
DOC008542,SIN02514,informe_perito,True,False,2025-10-15,False,False,
DOC008543,SIN02515,factura_reparacion,True,True,2024-08-12,False,False,
DOC008544,SIN02515,fotos,True,False,2024-08-12,False,False,
DOC008545,SIN02515,informe_perito,True,True,2024-08-12,False,False,
DOC008546,SIN02516,factura_reparacion,True,True,2025-02-06,False,False,
DOC008547,SIN02516,fotos,True,True,2025-02-06,False,False,
DOC008548,SIN02516,informe_perito,True,True,2025-02-06,False,False,
DOC008549,SIN02517,factura_reparacion,True,True,2024-10-02,False,False,
DOC008550,SIN02517,fotos,True,True,2024-10-02,False,False,
DOC008551,SIN02517,informe_perito,True,True,2024-10-02,False,False,
DOC008552,SIN02518,factura_reparacion,True,True,2024-05-09,False,False,
DOC008553,SIN02518,fotos,True,True,2024-05-09,False,False,
DOC008554,SIN02518,informe_perito,True,True,2024-05-09,False,False,
DOC008555,SIN02519,factura_reparacion,False,False,2025-03-02,True,False,
DOC008556,SIN02519,fotos,True,True,2025-03-02,False,False,
DOC008557,SIN02519,informe_perito,True,True,2025-03-02,False,False,
DOC008558,SIN02520,factura_reparacion,True,True,2025-11-08,False,False,
DOC008559,SIN02520,fotos,True,True,2025-11-08,False,False,
DOC008560,SIN02520,informe_perito,True,True,2025-11-08,False,False,
DOC008561,SIN02521,factura_reparacion,True,True,2025-01-01,False,False,
DOC008562,SIN02521,fotos,True,True,2025-01-01,False,False,
DOC008563,SIN02521,informe_perito,True,True,2025-01-01,False,False,
DOC008564,SIN02522,factura_reparacion,True,True,2026-02-24,False,False,
DOC008565,SIN02522,fotos,True,True,2026-02-24,False,False,
DOC008566,SIN02522,informe_perito,True,True,2026-02-24,False,False,
DOC008567,SIN02523,factura_reparacion,True,True,2025-04-04,False,False,
DOC008568,SIN02523,fotos,True,True,2025-04-04,False,False,
DOC008569,SIN02523,informe_perito,True,True,2025-04-04,False,False,
DOC008570,SIN02524,factura_reparacion,True,True,2025-09-09,False,False,
DOC008571,SIN02524,fotos,False,True,2025-09-09,False,False,
DOC008572,SIN02524,informe_perito,True,True,2025-09-09,False,False,
DOC008573,SIN02525,factura_reparacion,True,True,2025-06-25,False,False,
DOC008574,SIN02525,fotos,True,True,2025-06-25,False,False,
DOC008575,SIN02525,informe_perito,True,True,2025-06-25,False,False,
DOC008576,SIN02526,factura_reparacion,True,True,2025-12-26,True,True,Alteracion simulada para demo
DOC008577,SIN02526,fotos,False,True,2025-12-26,True,False,
DOC008578,SIN02526,informe_perito,True,True,2025-12-26,False,False,
DOC008579,SIN02527,factura_reparacion,True,True,2025-04-07,False,False,
DOC008580,SIN02527,fotos,False,True,2025-04-07,False,False,
DOC008581,SIN02527,informe_perito,True,True,2025-04-07,False,False,
DOC008582,SIN02528,factura_reparacion,True,True,2025-01-01,False,False,
DOC008583,SIN02528,fotos,True,True,2025-01-01,False,False,
DOC008584,SIN02528,informe_perito,True,True,2025-01-01,False,False,
DOC008585,SIN02529,factura_reparacion,True,True,2026-06-16,False,False,
DOC008586,SIN02529,fotos,True,True,2026-06-16,False,False,
DOC008587,SIN02529,informe_perito,True,True,2026-06-16,False,False,
DOC008588,SIN02530,factura_reparacion,True,True,2024-12-25,False,False,
DOC008589,SIN02530,fotos,True,True,2024-12-25,True,False,
DOC008590,SIN02530,informe_perito,False,False,2024-12-25,False,False,
DOC008591,SIN02531,factura_reparacion,True,True,2024-06-08,False,False,
DOC008592,SIN02531,fotos,True,True,2024-06-08,False,False,
DOC008593,SIN02531,informe_perito,True,True,2024-06-08,False,False,
DOC008594,SIN02532,factura_reparacion,True,True,2024-07-26,False,False,
DOC008595,SIN02532,fotos,True,True,2024-07-26,False,False,
DOC008596,SIN02532,informe_perito,False,True,2024-07-26,False,False,
DOC008597,SIN02533,factura_reparacion,True,True,2025-06-04,False,False,
DOC008598,SIN02533,fotos,True,True,2025-06-04,False,False,
DOC008599,SIN02533,informe_perito,True,False,2025-06-04,False,False,
DOC008600,SIN02534,factura_reparacion,True,True,2024-12-24,False,False,
DOC008601,SIN02534,fotos,True,True,2024-12-24,False,False,
DOC008602,SIN02534,informe_perito,True,True,2024-12-24,False,False,
DOC008603,SIN02535,factura_reparacion,True,True,2025-08-26,False,False,
DOC008604,SIN02535,fotos,True,True,2025-08-26,False,False,
DOC008605,SIN02535,informe_perito,True,True,2025-08-26,False,False,
DOC008606,SIN02536,factura_reparacion,True,True,2026-05-23,False,False,
DOC008607,SIN02536,fotos,True,True,2026-05-23,False,False,
DOC008608,SIN02536,informe_perito,True,True,2026-05-23,False,False,
DOC008609,SIN02537,factura_reparacion,True,True,2025-04-02,False,False,
DOC008610,SIN02537,fotos,True,True,2025-04-02,False,False,
DOC008611,SIN02537,informe_perito,True,True,2025-04-02,False,False,
DOC008612,SIN02538,factura_reparacion,True,True,2025-09-11,False,False,
DOC008613,SIN02538,fotos,True,True,2025-09-11,False,False,
DOC008614,SIN02538,informe_perito,True,True,2025-09-11,False,False,
DOC008615,SIN02539,factura_reparacion,True,True,2024-07-07,False,False,
DOC008616,SIN02539,fotos,True,True,2024-07-07,False,False,
DOC008617,SIN02539,informe_perito,True,True,2024-07-07,False,False,
DOC008618,SIN02540,factura_reparacion,False,False,2024-03-31,False,False,
DOC008619,SIN02540,fotos,True,True,2024-03-31,False,False,
DOC008620,SIN02540,informe_perito,True,True,2024-03-31,False,False,
DOC008621,SIN02541,factura_reparacion,True,True,2024-05-28,False,False,
DOC008622,SIN02541,fotos,True,True,2024-05-28,False,False,
DOC008623,SIN02541,informe_perito,True,True,2024-05-28,False,False,
DOC008624,SIN02542,factura_reparacion,True,True,2024-11-15,False,False,
DOC008625,SIN02542,fotos,True,True,2024-11-15,False,False,
DOC008626,SIN02542,informe_perito,True,True,2024-11-15,False,False,
DOC008627,SIN02543,factura_reparacion,True,True,2025-08-17,False,False,
DOC008628,SIN02543,fotos,True,True,2025-08-17,False,False,
DOC008629,SIN02543,informe_perito,True,True,2025-08-17,False,False,
DOC008630,SIN02544,factura_reparacion,True,True,2025-01-23,False,False,
DOC008631,SIN02544,fotos,True,True,2025-01-23,False,False,
DOC008632,SIN02544,informe_perito,True,True,2025-01-23,False,False,
DOC008633,SIN02545,factura_reparacion,True,True,2025-08-18,False,False,
DOC008634,SIN02545,fotos,True,True,2025-08-18,False,False,
DOC008635,SIN02545,informe_perito,True,True,2025-08-18,False,False,
DOC008636,SIN02546,factura_reparacion,True,True,2025-08-26,False,False,
DOC008637,SIN02546,fotos,True,True,2025-08-26,False,False,
DOC008638,SIN02546,informe_perito,True,True,2025-08-26,False,False,
DOC008639,SIN02547,factura_reparacion,True,True,2024-11-22,False,False,
DOC008640,SIN02547,fotos,True,True,2024-11-22,False,False,
DOC008641,SIN02547,informe_perito,True,True,2024-11-22,False,False,
DOC008642,SIN02548,factura_reparacion,True,True,2026-03-29,False,False,
DOC008643,SIN02548,fotos,True,True,2026-03-29,False,False,
DOC008644,SIN02548,informe_perito,True,True,2026-03-29,False,False,
DOC008645,SIN02549,factura_reparacion,True,True,2025-05-19,False,False,
DOC008646,SIN02549,fotos,True,True,2025-05-19,False,False,
DOC008647,SIN02549,informe_perito,True,True,2025-05-19,False,False,
DOC008648,SIN02550,factura_reparacion,True,True,2026-05-01,True,False,
DOC008649,SIN02550,fotos,True,True,2026-05-01,False,False,
DOC008650,SIN02550,informe_perito,False,True,2026-05-01,False,False,
DOC008651,SIN02551,factura_reparacion,True,True,2024-11-03,True,False,
DOC008652,SIN02551,fotos,True,True,2024-11-03,False,False,
DOC008653,SIN02551,informe_perito,True,True,2024-11-03,False,False,
DOC008654,SIN02552,factura_reparacion,True,True,2025-02-24,True,False,
DOC008655,SIN02552,fotos,True,True,2025-02-24,False,False,
DOC008656,SIN02552,informe_perito,True,False,2025-02-24,True,False,
DOC008657,SIN02553,factura_reparacion,True,True,2026-07-27,False,False,
DOC008658,SIN02553,fotos,True,True,2026-07-27,False,False,
DOC008659,SIN02553,informe_perito,True,True,2026-07-27,False,False,
DOC008660,SIN02554,factura_reparacion,True,True,2026-05-29,False,False,
DOC008661,SIN02554,fotos,True,True,2026-05-29,False,False,
DOC008662,SIN02554,informe_perito,False,True,2026-05-29,False,False,
DOC008663,SIN02555,factura_reparacion,True,True,2025-11-07,False,False,
DOC008664,SIN02555,fotos,True,True,2025-11-07,False,False,
DOC008665,SIN02555,informe_perito,True,True,2025-11-07,False,False,
DOC008666,SIN02556,factura_reparacion,True,True,2025-02-24,False,False,
DOC008667,SIN02556,fotos,True,True,2025-02-24,False,False,
DOC008668,SIN02556,informe_perito,True,True,2025-02-24,False,False,
DOC008669,SIN02557,factura_reparacion,True,True,2024-12-08,True,False,
DOC008670,SIN02557,fotos,True,True,2024-12-08,False,False,
DOC008671,SIN02557,informe_perito,True,True,2024-12-08,False,False,
DOC008672,SIN02558,factura_reparacion,True,True,2024-12-31,False,False,
DOC008673,SIN02558,fotos,True,True,2024-12-31,False,False,
DOC008674,SIN02558,informe_perito,True,True,2024-12-31,False,False,
DOC008675,SIN02559,factura_reparacion,True,True,2026-07-04,False,False,
DOC008676,SIN02559,fotos,True,True,2026-07-04,False,False,
DOC008677,SIN02559,informe_perito,True,True,2026-07-04,False,False,
DOC008678,SIN02560,factura_reparacion,True,True,2025-09-25,False,False,
DOC008679,SIN02560,fotos,True,True,2025-09-25,False,False,
DOC008680,SIN02560,informe_perito,True,True,2025-09-25,False,False,
DOC008681,SIN02561,factura_reparacion,False,True,2024-11-14,False,False,
DOC008682,SIN02561,fotos,True,True,2024-11-14,False,False,
DOC008683,SIN02561,informe_perito,True,True,2024-11-14,False,False,
DOC008684,SIN02562,factura_reparacion,False,True,2024-04-15,False,False,
DOC008685,SIN02562,fotos,False,True,2024-04-15,False,False,
DOC008686,SIN02562,informe_perito,True,True,2024-04-15,False,False,
DOC008687,SIN02563,factura_reparacion,True,True,2026-03-21,False,False,
DOC008688,SIN02563,fotos,True,True,2026-03-21,False,False,
DOC008689,SIN02563,informe_perito,True,True,2026-03-21,False,False,
DOC008690,SIN02564,factura_reparacion,True,True,2025-11-30,False,False,
DOC008691,SIN02564,fotos,True,True,2025-11-30,False,False,
DOC008692,SIN02564,informe_perito,True,True,2025-11-30,False,False,
DOC008693,SIN02565,factura_reparacion,True,True,2025-05-24,False,False,
DOC008694,SIN02565,fotos,False,True,2025-05-24,False,False,
DOC008695,SIN02565,informe_perito,True,True,2025-05-24,False,False,
DOC008696,SIN02566,factura_reparacion,True,True,2024-08-23,False,False,
DOC008697,SIN02566,fotos,True,True,2024-08-23,False,False,
DOC008698,SIN02566,informe_perito,True,True,2024-08-23,False,False,
DOC008699,SIN02567,factura_reparacion,True,True,2026-06-15,True,False,
DOC008700,SIN02567,fotos,True,True,2026-06-15,False,False,
DOC008701,SIN02567,informe_perito,False,True,2026-06-15,False,False,
DOC008702,SIN02568,factura_reparacion,True,True,2025-12-02,False,False,
DOC008703,SIN02568,fotos,True,True,2025-12-02,False,False,
DOC008704,SIN02568,informe_perito,True,True,2025-12-02,False,False,
DOC008705,SIN02569,factura_reparacion,True,True,2024-07-28,False,False,
DOC008706,SIN02569,fotos,True,True,2024-07-28,False,False,
DOC008707,SIN02569,informe_perito,True,True,2024-07-28,False,False,
DOC008708,SIN02570,factura_reparacion,True,True,2024-11-14,True,True,Alteracion simulada para demo
DOC008709,SIN02570,fotos,True,True,2024-11-14,False,False,
DOC008710,SIN02570,informe_perito,True,False,2024-11-14,False,False,
DOC008711,SIN02571,factura_reparacion,True,True,2024-11-24,False,False,
DOC008712,SIN02571,fotos,True,True,2024-11-24,False,False,
DOC008713,SIN02571,informe_perito,True,True,2024-11-24,False,False,
DOC008714,SIN02572,factura_reparacion,True,True,2024-11-05,False,False,
DOC008715,SIN02572,fotos,False,True,2024-11-05,False,False,
DOC008716,SIN02572,informe_perito,True,True,2024-11-05,False,False,
DOC008717,SIN02573,factura_reparacion,True,True,2025-02-20,False,False,
DOC008718,SIN02573,fotos,True,True,2025-02-20,True,False,
DOC008719,SIN02573,informe_perito,True,True,2025-02-20,False,False,
DOC008720,SIN02574,factura_reparacion,True,True,2025-03-16,True,False,
DOC008721,SIN02574,fotos,True,True,2025-03-16,False,False,
DOC008722,SIN02574,informe_perito,True,True,2025-03-16,False,False,
DOC008723,SIN02575,factura_reparacion,True,True,2025-01-28,False,False,
DOC008724,SIN02575,fotos,True,True,2025-01-28,False,False,
DOC008725,SIN02575,informe_perito,True,True,2025-01-28,False,False,
DOC008726,SIN02576,factura_reparacion,True,True,2025-04-11,False,False,
DOC008727,SIN02576,fotos,True,True,2025-04-11,False,False,
DOC008728,SIN02576,informe_perito,True,True,2025-04-11,False,False,
DOC008729,SIN02577,factura_reparacion,False,True,2025-01-22,False,False,
DOC008730,SIN02577,fotos,True,True,2025-01-22,False,False,
DOC008731,SIN02577,informe_perito,True,True,2025-01-22,False,False,
DOC008732,SIN02578,factura_reparacion,True,True,2025-07-01,False,False,
DOC008733,SIN02578,fotos,True,True,2025-07-01,False,False,
DOC008734,SIN02578,informe_perito,True,True,2025-07-01,False,False,
DOC008735,SIN02579,factura_reparacion,True,True,2025-09-22,False,False,
DOC008736,SIN02579,fotos,True,True,2025-09-22,False,False,
DOC008737,SIN02579,informe_perito,True,True,2025-09-22,False,False,
DOC008738,SIN02580,factura_reparacion,True,True,2025-11-22,False,False,
DOC008739,SIN02580,fotos,True,True,2025-11-22,True,False,
DOC008740,SIN02580,informe_perito,True,True,2025-11-22,False,False,
DOC008741,SIN02581,factura_reparacion,True,True,2024-12-16,False,False,
DOC008742,SIN02581,fotos,True,True,2024-12-16,False,False,
DOC008743,SIN02581,informe_perito,True,True,2024-12-16,False,False,
DOC008744,SIN02582,factura_reparacion,True,True,2024-09-04,False,False,
DOC008745,SIN02582,fotos,True,True,2024-09-04,False,False,
DOC008746,SIN02582,informe_perito,True,True,2024-09-04,False,False,
DOC008747,SIN02583,factura_reparacion,True,True,2025-09-24,False,False,
DOC008748,SIN02583,fotos,True,True,2025-09-24,False,False,
DOC008749,SIN02583,informe_perito,True,True,2025-09-24,False,False,
DOC008750,SIN02584,factura_reparacion,True,True,2024-05-19,False,False,
DOC008751,SIN02584,fotos,True,True,2024-05-19,False,False,
DOC008752,SIN02584,informe_perito,False,True,2024-05-19,False,False,
DOC008753,SIN02585,factura_reparacion,True,True,2026-04-17,False,False,
DOC008754,SIN02585,fotos,True,True,2026-04-17,False,False,
DOC008755,SIN02585,informe_perito,True,True,2026-04-17,False,False,
DOC008756,SIN02586,factura_reparacion,True,True,2024-08-15,False,False,
DOC008757,SIN02586,fotos,True,True,2024-08-15,False,False,
DOC008758,SIN02586,informe_perito,True,True,2024-08-15,False,False,
DOC008759,SIN02587,factura_reparacion,True,True,2025-03-25,False,False,
DOC008760,SIN02587,fotos,True,True,2025-03-25,False,False,
DOC008761,SIN02587,informe_perito,True,True,2025-03-25,False,False,
DOC008762,SIN02588,factura_reparacion,True,True,2025-01-06,False,False,
DOC008763,SIN02588,fotos,True,True,2025-01-06,False,False,
DOC008764,SIN02588,informe_perito,True,True,2025-01-06,False,False,
DOC008765,SIN02589,factura_reparacion,True,False,2025-01-18,False,False,
DOC008766,SIN02589,fotos,True,True,2025-01-18,True,False,
DOC008767,SIN02589,informe_perito,True,True,2025-01-18,False,False,
DOC008768,SIN02590,factura_reparacion,True,True,2024-07-12,False,False,
DOC008769,SIN02590,fotos,True,True,2024-07-12,False,False,
DOC008770,SIN02590,informe_perito,True,True,2024-07-12,False,False,
DOC008771,SIN02591,factura_reparacion,True,True,2024-08-08,False,False,
DOC008772,SIN02591,fotos,True,True,2024-08-08,False,False,
DOC008773,SIN02591,informe_perito,True,True,2024-08-08,False,False,
DOC008774,SIN02592,factura_reparacion,True,True,2024-06-22,False,False,
DOC008775,SIN02592,fotos,True,True,2024-06-22,False,False,
DOC008776,SIN02592,informe_perito,True,True,2024-06-22,False,False,
DOC008777,SIN02593,factura_reparacion,True,True,2025-12-05,False,False,
DOC008778,SIN02593,fotos,True,True,2025-12-05,False,False,
DOC008779,SIN02593,informe_perito,True,True,2025-12-05,False,False,
DOC008780,SIN02594,factura_reparacion,True,False,2025-03-04,False,False,
DOC008781,SIN02594,fotos,True,True,2025-03-04,True,False,
DOC008782,SIN02594,informe_perito,True,True,2025-03-04,False,False,
DOC008783,SIN02595,factura_reparacion,True,False,2025-07-07,True,False,
DOC008784,SIN02595,fotos,True,True,2025-07-07,False,False,
DOC008785,SIN02595,informe_perito,True,False,2025-07-07,False,False,
DOC008786,SIN02596,factura_reparacion,False,True,2024-02-15,False,False,
DOC008787,SIN02596,fotos,True,True,2024-02-15,False,False,
DOC008788,SIN02596,informe_perito,True,True,2024-02-15,False,False,
DOC008789,SIN02597,factura_reparacion,True,True,2024-12-06,False,False,
DOC008790,SIN02597,fotos,True,True,2024-12-06,False,False,
DOC008791,SIN02597,informe_perito,True,True,2024-12-06,False,False,
DOC008792,SIN02598,factura_reparacion,True,True,2025-05-17,False,False,
DOC008793,SIN02598,fotos,False,True,2025-05-17,True,False,
DOC008794,SIN02598,informe_perito,True,True,2025-05-17,False,False,
DOC008795,SIN02599,factura_reparacion,True,True,2025-09-29,False,False,
DOC008796,SIN02599,fotos,True,True,2025-09-29,False,False,
DOC008797,SIN02599,informe_perito,True,True,2025-09-29,False,False,
DOC008798,SIN02600,factura_reparacion,True,True,2024-03-10,False,False,
DOC008799,SIN02600,fotos,True,True,2024-03-10,False,False,
DOC008800,SIN02600,informe_perito,True,True,2024-03-10,False,False,
DOC008801,SIN02601,factura_reparacion,True,True,2025-10-19,False,False,
DOC008802,SIN02601,fotos,True,True,2025-10-19,False,False,
DOC008803,SIN02601,informe_perito,True,True,2025-10-19,False,False,
DOC008804,SIN02602,factura_reparacion,True,True,2024-06-11,False,False,
DOC008805,SIN02602,fotos,True,True,2024-06-11,False,False,
DOC008806,SIN02602,informe_perito,True,True,2024-06-11,False,False,
DOC008807,SIN02603,factura_reparacion,True,True,2024-09-03,False,False,
DOC008808,SIN02603,fotos,True,True,2024-09-03,False,False,
DOC008809,SIN02603,informe_perito,True,True,2024-09-03,False,False,
DOC008810,SIN02604,factura_reparacion,True,True,2025-02-06,False,False,
DOC008811,SIN02604,fotos,True,True,2025-02-06,False,False,
DOC008812,SIN02604,informe_perito,True,True,2025-02-06,False,False,
DOC008813,SIN02605,factura_reparacion,True,True,2025-07-20,False,False,
DOC008814,SIN02605,fotos,True,True,2025-07-20,False,False,
DOC008815,SIN02605,informe_perito,True,True,2025-07-20,False,False,
DOC008816,SIN02606,factura_reparacion,False,True,2025-08-04,False,False,
DOC008817,SIN02606,fotos,True,False,2025-08-04,False,False,
DOC008818,SIN02606,informe_perito,False,True,2025-08-04,True,False,
DOC008819,SIN02607,factura_reparacion,True,True,2025-03-29,False,False,
DOC008820,SIN02607,fotos,True,True,2025-03-29,False,False,
DOC008821,SIN02607,informe_perito,True,True,2025-03-29,False,False,
DOC008822,SIN02608,factura_reparacion,True,True,2025-06-12,False,False,
DOC008823,SIN02608,fotos,True,True,2025-06-12,False,False,
DOC008824,SIN02608,informe_perito,True,True,2025-06-12,False,False,
DOC008825,SIN02609,factura_reparacion,True,True,2026-06-10,False,False,
DOC008826,SIN02609,fotos,True,True,2026-06-10,False,False,
DOC008827,SIN02609,informe_perito,True,True,2026-06-10,False,False,
DOC008828,SIN02610,factura_reparacion,True,True,2025-03-08,False,False,
DOC008829,SIN02610,fotos,True,False,2025-03-08,False,False,
DOC008830,SIN02610,informe_perito,True,True,2025-03-08,False,False,
DOC008831,SIN02611,factura_reparacion,True,True,2025-06-04,False,False,
DOC008832,SIN02611,fotos,True,True,2025-06-04,False,False,
DOC008833,SIN02611,informe_perito,True,True,2025-06-04,False,False,
DOC008834,SIN02612,factura_reparacion,True,True,2024-11-10,False,False,
DOC008835,SIN02612,fotos,True,True,2024-11-10,False,False,
DOC008836,SIN02612,informe_perito,True,True,2024-11-10,False,False,
DOC008837,SIN02613,factura_reparacion,True,True,2024-12-08,False,False,
DOC008838,SIN02613,fotos,True,True,2024-12-08,False,False,
DOC008839,SIN02613,informe_perito,True,True,2024-12-08,False,False,
DOC008840,SIN02614,factura_reparacion,True,True,2025-02-03,False,False,
DOC008841,SIN02614,fotos,False,True,2025-02-03,False,False,
DOC008842,SIN02614,informe_perito,False,True,2025-02-03,False,False,
DOC008843,SIN02615,factura_reparacion,True,True,2024-12-05,False,False,
DOC008844,SIN02615,fotos,True,True,2024-12-05,False,False,
DOC008845,SIN02615,informe_perito,True,True,2024-12-05,False,False,
DOC008846,SIN02616,factura_reparacion,True,True,2025-02-03,False,False,
DOC008847,SIN02616,fotos,True,True,2025-02-03,False,False,
DOC008848,SIN02616,informe_perito,True,True,2025-02-03,False,False,
DOC008849,SIN02617,factura_reparacion,True,True,2025-01-04,False,False,
DOC008850,SIN02617,fotos,True,True,2025-01-04,False,False,
DOC008851,SIN02617,informe_perito,True,True,2025-01-04,False,False,
DOC008852,SIN02618,factura_reparacion,True,True,2025-01-08,False,False,
DOC008853,SIN02618,fotos,True,True,2025-01-08,False,False,
DOC008854,SIN02618,informe_perito,True,True,2025-01-08,False,False,
DOC008855,SIN02619,factura_reparacion,True,True,2024-12-06,False,False,
DOC008856,SIN02619,fotos,True,True,2024-12-06,False,False,
DOC008857,SIN02619,informe_perito,True,True,2024-12-06,False,False,
DOC008858,SIN02620,factura_reparacion,True,False,2024-09-05,False,False,
DOC008859,SIN02620,fotos,True,True,2024-09-05,False,False,
DOC008860,SIN02620,informe_perito,False,True,2024-09-05,False,False,
DOC008861,SIN02621,factura_reparacion,True,True,2025-08-19,False,False,
DOC008862,SIN02621,fotos,True,True,2025-08-19,False,False,
DOC008863,SIN02621,informe_perito,True,True,2025-08-19,False,False,
DOC008864,SIN02622,factura_reparacion,True,False,2025-08-01,False,False,
DOC008865,SIN02622,fotos,True,True,2025-08-01,False,False,
DOC008866,SIN02622,informe_perito,False,True,2025-08-01,False,False,
DOC008867,SIN02623,factura_reparacion,True,True,2025-03-01,False,False,
DOC008868,SIN02623,fotos,True,True,2025-03-01,False,False,
DOC008869,SIN02623,informe_perito,True,True,2025-03-01,False,False,
DOC008870,SIN02624,factura_reparacion,True,True,2025-08-27,False,False,
DOC008871,SIN02624,fotos,True,True,2025-08-27,False,False,
DOC008872,SIN02624,informe_perito,True,True,2025-08-27,False,False,
DOC008873,SIN02625,factura_reparacion,True,True,2025-03-27,False,False,
DOC008874,SIN02625,fotos,True,True,2025-03-27,False,False,
DOC008875,SIN02625,informe_perito,True,True,2025-03-27,False,False,
DOC008876,SIN02626,factura_reparacion,True,True,2026-01-30,False,False,
DOC008877,SIN02626,fotos,True,True,2026-01-30,False,False,
DOC008878,SIN02626,informe_perito,True,True,2026-01-30,False,False,
DOC008879,SIN02627,factura_reparacion,True,True,2026-03-01,False,False,
DOC008880,SIN02627,fotos,True,True,2026-03-01,False,False,
DOC008881,SIN02627,informe_perito,True,True,2026-03-01,False,False,
DOC008882,SIN02628,factura_reparacion,True,True,2024-08-24,False,False,
DOC008883,SIN02628,fotos,True,True,2024-08-24,False,False,
DOC008884,SIN02628,informe_perito,True,True,2024-08-24,False,False,
DOC008885,SIN02629,factura_reparacion,False,False,2025-02-01,False,False,
DOC008886,SIN02629,fotos,True,True,2025-02-01,False,False,
DOC008887,SIN02629,informe_perito,True,True,2025-02-01,False,False,
DOC008888,SIN02630,factura_reparacion,True,True,2025-04-29,False,False,
DOC008889,SIN02630,fotos,True,True,2025-04-29,False,False,
DOC008890,SIN02630,informe_perito,True,True,2025-04-29,False,False,
DOC008891,SIN02631,factura_reparacion,True,True,2026-07-15,False,False,
DOC008892,SIN02631,fotos,True,True,2026-07-15,False,False,
DOC008893,SIN02631,informe_perito,False,True,2026-07-15,False,False,
DOC008894,SIN02632,factura_reparacion,True,True,2025-06-03,False,False,
DOC008895,SIN02632,fotos,True,True,2025-06-03,False,False,
DOC008896,SIN02632,informe_perito,True,True,2025-06-03,False,False,
DOC008897,SIN02633,factura_reparacion,True,True,2025-04-19,False,False,
DOC008898,SIN02633,fotos,True,True,2025-04-19,False,False,
DOC008899,SIN02633,informe_perito,True,True,2025-04-19,False,False,
DOC008900,SIN02634,factura_reparacion,True,False,2025-05-03,False,False,
DOC008901,SIN02634,fotos,False,True,2025-05-03,False,False,
DOC008902,SIN02634,informe_perito,True,True,2025-05-03,False,False,
DOC008903,SIN02635,factura_reparacion,True,True,2024-08-15,False,False,
DOC008904,SIN02635,fotos,True,True,2024-08-15,False,False,
DOC008905,SIN02635,informe_perito,True,True,2024-08-15,False,False,
DOC008906,SIN02636,factura_reparacion,True,False,2025-04-27,False,False,
DOC008907,SIN02636,fotos,True,True,2025-04-27,False,False,
DOC008908,SIN02636,informe_perito,True,True,2025-04-27,False,False,
DOC008909,SIN02637,factura_reparacion,True,True,2025-02-03,False,False,
DOC008910,SIN02637,fotos,True,False,2025-02-03,False,False,
DOC008911,SIN02637,informe_perito,True,True,2025-02-03,True,False,
DOC008912,SIN02638,factura_reparacion,True,True,2025-07-04,False,False,
DOC008913,SIN02638,fotos,True,True,2025-07-04,False,False,
DOC008914,SIN02638,informe_perito,True,True,2025-07-04,False,False,
DOC008915,SIN02639,factura_reparacion,True,True,2024-05-12,False,False,
DOC008916,SIN02639,fotos,True,True,2024-05-12,False,False,
DOC008917,SIN02639,informe_perito,True,True,2024-05-12,True,False,
DOC008918,SIN02640,factura_reparacion,False,True,2025-03-26,False,False,
DOC008919,SIN02640,fotos,True,True,2025-03-26,False,False,
DOC008920,SIN02640,informe_perito,False,True,2025-03-26,True,False,
DOC008921,SIN02641,factura_reparacion,True,True,2025-11-12,False,False,
DOC008922,SIN02641,fotos,True,True,2025-11-12,False,False,
DOC008923,SIN02641,informe_perito,True,True,2025-11-12,False,False,
DOC008924,SIN02642,factura_reparacion,True,True,2025-10-17,False,False,
DOC008925,SIN02642,fotos,True,True,2025-10-17,False,False,
DOC008926,SIN02642,informe_perito,True,True,2025-10-17,False,False,
DOC008927,SIN02643,factura_reparacion,True,True,2025-01-30,False,False,
DOC008928,SIN02643,fotos,True,True,2025-01-30,False,False,
DOC008929,SIN02643,informe_perito,True,True,2025-01-30,False,False,
DOC008930,SIN02644,factura_reparacion,True,True,2024-07-01,False,False,
DOC008931,SIN02644,fotos,True,True,2024-07-01,False,False,
DOC008932,SIN02644,informe_perito,True,True,2024-07-01,False,False,
DOC008933,SIN02645,factura_reparacion,True,True,2024-08-22,False,False,
DOC008934,SIN02645,fotos,True,False,2024-08-22,True,False,
DOC008935,SIN02645,informe_perito,True,True,2024-08-22,False,False,
DOC008936,SIN02646,factura_reparacion,True,True,2024-08-31,False,False,
DOC008937,SIN02646,fotos,True,True,2024-08-31,False,False,
DOC008938,SIN02646,informe_perito,True,True,2024-08-31,True,False,
DOC008939,SIN02647,factura_reparacion,True,True,2024-10-29,False,False,
DOC008940,SIN02647,fotos,True,True,2024-10-29,False,False,
DOC008941,SIN02647,informe_perito,True,True,2024-10-29,False,False,
DOC008942,SIN02648,factura_reparacion,True,True,2024-06-09,False,False,
DOC008943,SIN02648,fotos,True,True,2024-06-09,False,False,
DOC008944,SIN02648,informe_perito,True,True,2024-06-09,False,False,
DOC008945,SIN02649,factura_reparacion,True,True,2024-07-02,False,False,
DOC008946,SIN02649,fotos,True,True,2024-07-02,False,False,
DOC008947,SIN02649,informe_perito,True,True,2024-07-02,False,False,
DOC008948,SIN02650,factura_reparacion,True,True,2025-12-09,False,False,
DOC008949,SIN02650,fotos,True,True,2025-12-09,False,False,
DOC008950,SIN02650,informe_perito,True,False,2025-12-09,False,False,
DOC008951,SIN02651,factura_reparacion,True,True,2025-03-29,False,False,
DOC008952,SIN02651,fotos,True,True,2025-03-29,False,False,
DOC008953,SIN02651,informe_perito,True,True,2025-03-29,False,False,
DOC008954,SIN02652,factura_reparacion,True,True,2024-12-27,False,False,
DOC008955,SIN02652,fotos,True,True,2024-12-27,False,False,
DOC008956,SIN02652,informe_perito,True,True,2024-12-27,False,False,
DOC008957,SIN02653,factura_reparacion,True,True,2025-09-27,False,False,
DOC008958,SIN02653,fotos,True,True,2025-09-27,False,False,
DOC008959,SIN02653,informe_perito,True,True,2025-09-27,False,False,
DOC008960,SIN02654,factura_reparacion,True,True,2025-02-07,False,False,
DOC008961,SIN02654,fotos,True,True,2025-02-07,False,False,
DOC008962,SIN02654,informe_perito,True,True,2025-02-07,False,False,
DOC008963,SIN02655,factura_reparacion,True,True,2024-05-12,False,False,
DOC008964,SIN02655,fotos,True,True,2024-05-12,False,False,
DOC008965,SIN02655,informe_perito,True,True,2024-05-12,False,False,
DOC008966,SIN02656,factura_reparacion,True,True,2025-02-03,False,False,
DOC008967,SIN02656,fotos,False,True,2025-02-03,False,False,
DOC008968,SIN02656,informe_perito,True,True,2025-02-03,False,False,
DOC008969,SIN02657,factura_reparacion,True,True,2024-08-09,False,False,
DOC008970,SIN02657,fotos,True,True,2024-08-09,False,False,
DOC008971,SIN02657,informe_perito,True,True,2024-08-09,False,False,
DOC008972,SIN02658,factura_reparacion,True,True,2026-02-02,False,False,
DOC008973,SIN02658,fotos,True,True,2026-02-02,False,False,
DOC008974,SIN02658,informe_perito,True,True,2026-02-02,False,False,
DOC008975,SIN02659,factura_reparacion,True,False,2024-08-01,False,False,
DOC008976,SIN02659,fotos,True,False,2024-08-01,False,False,
DOC008977,SIN02659,informe_perito,True,True,2024-08-01,False,False,
DOC008978,SIN02660,factura_reparacion,True,True,2025-03-21,False,False,
DOC008979,SIN02660,fotos,True,True,2025-03-21,False,False,
DOC008980,SIN02660,informe_perito,True,True,2025-03-21,False,False,
DOC008981,SIN02661,factura_reparacion,True,True,2025-08-03,False,False,
DOC008982,SIN02661,fotos,True,True,2025-08-03,False,False,
DOC008983,SIN02661,informe_perito,True,True,2025-08-03,True,False,
DOC008984,SIN02662,factura_reparacion,True,True,2025-03-28,False,False,
DOC008985,SIN02662,fotos,True,True,2025-03-28,False,False,
DOC008986,SIN02662,informe_perito,True,True,2025-03-28,False,False,
DOC008987,SIN02663,factura_reparacion,True,True,2025-01-08,False,False,
DOC008988,SIN02663,fotos,True,False,2025-01-08,False,False,
DOC008989,SIN02663,informe_perito,True,True,2025-01-08,False,False,
DOC008990,SIN02664,factura_reparacion,True,True,2024-10-20,False,False,
DOC008991,SIN02664,fotos,True,True,2024-10-20,False,False,
DOC008992,SIN02664,informe_perito,True,True,2024-10-20,False,False,
DOC008993,SIN02665,factura_reparacion,True,True,2024-07-06,False,False,
DOC008994,SIN02665,fotos,True,False,2024-07-06,False,False,
DOC008995,SIN02665,informe_perito,True,True,2024-07-06,False,False,
DOC008996,SIN02666,factura_reparacion,True,True,2024-09-08,False,False,
DOC008997,SIN02666,fotos,True,True,2024-09-08,False,False,
DOC008998,SIN02666,informe_perito,True,True,2024-09-08,False,False,
DOC008999,SIN02667,factura_reparacion,True,True,2025-07-15,False,False,
DOC009000,SIN02667,fotos,True,True,2025-07-15,False,False,
DOC009001,SIN02667,informe_perito,True,True,2025-07-15,False,False,
DOC009002,SIN02668,factura_reparacion,True,True,2025-03-08,False,False,
DOC009003,SIN02668,fotos,True,True,2025-03-08,False,False,
DOC009004,SIN02668,informe_perito,True,True,2025-03-08,False,False,
DOC009005,SIN02669,factura_reparacion,True,True,2025-03-22,False,False,
DOC009006,SIN02669,fotos,True,True,2025-03-22,False,False,
DOC009007,SIN02669,informe_perito,True,True,2025-03-22,False,False,
DOC009008,SIN02670,factura_reparacion,True,True,2026-01-06,False,False,
DOC009009,SIN02670,fotos,True,True,2026-01-06,False,False,
DOC009010,SIN02670,informe_perito,True,True,2026-01-06,False,False,
DOC009011,SIN02671,factura_reparacion,False,True,2025-11-09,False,False,
DOC009012,SIN02671,fotos,True,True,2025-11-09,False,False,
DOC009013,SIN02671,informe_perito,True,True,2025-11-09,False,False,
DOC009014,SIN02672,factura_reparacion,True,True,2025-12-30,False,False,
DOC009015,SIN02672,fotos,True,True,2025-12-30,False,False,
DOC009016,SIN02672,informe_perito,True,True,2025-12-30,False,False,
DOC009017,SIN02673,factura_reparacion,True,True,2025-08-24,False,False,
DOC009018,SIN02673,fotos,True,True,2025-08-24,False,False,
DOC009019,SIN02673,informe_perito,True,True,2025-08-24,True,False,
DOC009020,SIN02674,factura_reparacion,True,True,2024-01-24,False,False,
DOC009021,SIN02674,fotos,True,True,2024-01-24,False,False,
DOC009022,SIN02674,informe_perito,True,True,2024-01-24,False,False,
DOC009023,SIN02675,factura_reparacion,True,True,2026-02-22,False,False,
DOC009024,SIN02675,fotos,False,True,2026-02-22,False,False,
DOC009025,SIN02675,informe_perito,True,True,2026-02-22,False,False,
DOC009026,SIN02676,factura_reparacion,True,True,2025-06-09,False,False,
DOC009027,SIN02676,fotos,True,True,2025-06-09,True,False,
DOC009028,SIN02676,informe_perito,True,False,2025-06-09,True,False,
DOC009029,SIN02677,factura_reparacion,True,True,2024-11-21,False,False,
DOC009030,SIN02677,fotos,True,True,2024-11-21,False,False,
DOC009031,SIN02677,informe_perito,True,True,2024-11-21,False,False,
DOC009032,SIN02678,factura_reparacion,True,True,2026-04-11,False,False,
DOC009033,SIN02678,fotos,True,True,2026-04-11,False,False,
DOC009034,SIN02678,informe_perito,True,True,2026-04-11,False,False,
DOC009035,SIN02679,factura_reparacion,True,True,2025-11-20,False,False,
DOC009036,SIN02679,fotos,True,True,2025-11-20,False,False,
DOC009037,SIN02679,informe_perito,True,True,2025-11-20,False,False,
DOC009038,SIN02680,factura_reparacion,True,True,2025-11-09,False,False,
DOC009039,SIN02680,fotos,True,True,2025-11-09,False,False,
DOC009040,SIN02680,informe_perito,True,True,2025-11-09,False,False,
DOC009041,SIN02681,factura_reparacion,True,True,2024-08-21,False,False,
DOC009042,SIN02681,fotos,True,True,2024-08-21,False,False,
DOC009043,SIN02681,informe_perito,True,True,2024-08-21,False,False,
DOC009044,SIN02682,factura_reparacion,False,True,2025-08-17,False,False,
DOC009045,SIN02682,fotos,True,True,2025-08-17,False,False,
DOC009046,SIN02682,informe_perito,False,True,2025-08-17,False,False,
DOC009047,SIN02683,factura_reparacion,True,True,2025-12-06,False,False,
DOC009048,SIN02683,fotos,True,True,2025-12-06,False,False,
DOC009049,SIN02683,informe_perito,True,False,2025-12-06,False,False,
DOC009050,SIN02684,factura_reparacion,True,True,2026-02-14,False,False,
DOC009051,SIN02684,fotos,True,True,2026-02-14,False,False,
DOC009052,SIN02684,informe_perito,True,False,2026-02-14,True,False,
DOC009053,SIN02685,factura_reparacion,True,True,2025-12-18,False,False,
DOC009054,SIN02685,fotos,True,True,2025-12-18,False,False,
DOC009055,SIN02685,informe_perito,True,False,2025-12-18,False,False,
DOC009056,SIN02686,factura_reparacion,True,True,2024-10-09,False,False,
DOC009057,SIN02686,fotos,True,True,2024-10-09,False,False,
DOC009058,SIN02686,informe_perito,True,True,2024-10-09,False,False,
DOC009059,SIN02687,factura_reparacion,True,False,2025-04-13,False,False,
DOC009060,SIN02687,fotos,True,True,2025-04-13,False,False,
DOC009061,SIN02687,informe_perito,True,False,2025-04-13,True,False,
DOC009062,SIN02688,factura_reparacion,True,True,2024-05-03,False,False,
DOC009063,SIN02688,fotos,True,False,2024-05-03,True,False,
DOC009064,SIN02688,informe_perito,False,True,2024-05-03,False,False,
DOC009065,SIN02689,factura_reparacion,True,True,2024-12-25,False,False,
DOC009066,SIN02689,fotos,True,True,2024-12-25,False,False,
DOC009067,SIN02689,informe_perito,True,True,2024-12-25,False,False,
DOC009068,SIN02690,factura_reparacion,True,True,2025-04-01,False,False,
DOC009069,SIN02690,fotos,True,True,2025-04-01,False,False,
DOC009070,SIN02690,informe_perito,True,True,2025-04-01,False,False,
DOC009071,SIN02691,factura_reparacion,True,True,2024-09-16,False,False,
DOC009072,SIN02691,fotos,True,True,2024-09-16,False,False,
DOC009073,SIN02691,informe_perito,True,True,2024-09-16,False,False,
DOC009074,SIN02692,factura_reparacion,True,True,2025-05-18,False,False,
DOC009075,SIN02692,fotos,True,True,2025-05-18,False,False,
DOC009076,SIN02692,informe_perito,True,True,2025-05-18,False,False,
DOC009077,SIN02693,factura_reparacion,True,True,2025-12-25,False,False,
DOC009078,SIN02693,fotos,False,True,2025-12-25,False,False,
DOC009079,SIN02693,informe_perito,True,True,2025-12-25,False,False,
DOC009080,SIN02694,factura_reparacion,True,True,2024-10-21,False,False,
DOC009081,SIN02694,fotos,True,True,2024-10-21,False,False,
DOC009082,SIN02694,informe_perito,True,True,2024-10-21,False,False,
DOC009083,SIN02695,factura_reparacion,True,True,2025-05-19,False,False,
DOC009084,SIN02695,fotos,True,True,2025-05-19,False,False,
DOC009085,SIN02695,informe_perito,True,True,2025-05-19,False,False,
DOC009086,SIN02696,factura_reparacion,True,True,2025-10-26,False,False,
DOC009087,SIN02696,fotos,True,True,2025-10-26,True,False,
DOC009088,SIN02696,informe_perito,True,True,2025-10-26,True,False,
DOC009089,SIN02697,factura_reparacion,True,True,2025-11-23,False,False,
DOC009090,SIN02697,fotos,True,True,2025-11-23,False,False,
DOC009091,SIN02697,informe_perito,True,True,2025-11-23,False,False,
DOC009092,SIN02698,factura_reparacion,True,True,2025-12-23,False,False,
DOC009093,SIN02698,fotos,True,True,2025-12-23,False,False,
DOC009094,SIN02698,informe_perito,True,True,2025-12-23,False,False,
DOC009095,SIN02699,factura_reparacion,True,True,2024-02-26,False,False,
DOC009096,SIN02699,fotos,True,True,2024-02-26,False,False,
DOC009097,SIN02699,informe_perito,True,True,2024-02-26,False,False,
DOC009098,SIN02700,factura_reparacion,False,False,2026-08-21,False,False,
DOC009099,SIN02700,fotos,True,True,2026-08-21,False,False,
DOC009100,SIN02700,informe_perito,True,True,2026-08-21,False,False,
DOC009101,SIN02701,factura_reparacion,True,True,2025-01-15,False,False,
DOC009102,SIN02701,fotos,True,True,2025-01-15,False,False,
DOC009103,SIN02701,informe_perito,True,True,2025-01-15,False,False,
DOC009104,SIN02702,factura_reparacion,True,True,2024-12-26,False,False,
DOC009105,SIN02702,fotos,False,True,2024-12-26,False,False,
DOC009106,SIN02702,informe_perito,True,True,2024-12-26,False,False,
DOC009107,SIN02703,factura_reparacion,True,False,2024-09-25,False,False,
DOC009108,SIN02703,fotos,True,True,2024-09-25,False,False,
DOC009109,SIN02703,informe_perito,True,True,2024-09-25,True,False,
DOC009110,SIN02704,factura_reparacion,True,True,2025-08-16,False,False,
DOC009111,SIN02704,fotos,True,True,2025-08-16,False,False,
DOC009112,SIN02704,informe_perito,True,True,2025-08-16,False,False,
DOC009113,SIN02705,factura_reparacion,True,True,2024-08-01,False,False,
DOC009114,SIN02705,fotos,True,True,2024-08-01,False,False,
DOC009115,SIN02705,informe_perito,True,True,2024-08-01,False,False,
DOC009116,SIN02706,factura_reparacion,True,True,2025-06-06,False,False,
DOC009117,SIN02706,fotos,True,True,2025-06-06,False,False,
DOC009118,SIN02706,informe_perito,True,True,2025-06-06,False,False,
DOC009119,SIN02707,factura_reparacion,True,True,2024-05-15,True,False,
DOC009120,SIN02707,fotos,True,True,2024-05-15,False,False,
DOC009121,SIN02707,informe_perito,True,True,2024-05-15,False,False,
DOC009122,SIN02708,factura_reparacion,True,True,2025-10-03,True,True,Alteracion simulada para demo
DOC009123,SIN02708,fotos,True,True,2025-10-03,False,False,
DOC009124,SIN02708,informe_perito,True,True,2025-10-03,True,False,
DOC009125,SIN02709,factura_reparacion,True,True,2024-11-11,False,False,
DOC009126,SIN02709,fotos,True,True,2024-11-11,False,False,
DOC009127,SIN02709,informe_perito,True,True,2024-11-11,False,False,
DOC009128,SIN02710,factura_reparacion,True,True,2025-03-28,False,False,
DOC009129,SIN02710,fotos,True,True,2025-03-28,False,False,
DOC009130,SIN02710,informe_perito,True,True,2025-03-28,False,False,
DOC009131,SIN02711,factura_reparacion,True,True,2024-06-14,False,False,
DOC009132,SIN02711,fotos,True,True,2024-06-14,True,False,
DOC009133,SIN02711,informe_perito,True,True,2024-06-14,False,False,
DOC009134,SIN02712,factura_reparacion,True,True,2025-07-19,False,False,
DOC009135,SIN02712,fotos,True,True,2025-07-19,False,False,
DOC009136,SIN02712,informe_perito,True,False,2025-07-19,False,False,
DOC009137,SIN02713,factura_reparacion,True,True,2024-12-20,False,False,
DOC009138,SIN02713,fotos,True,True,2024-12-20,False,False,
DOC009139,SIN02713,informe_perito,True,True,2024-12-20,False,False,
DOC009140,SIN02714,factura_reparacion,True,True,2024-06-14,False,False,
DOC009141,SIN02714,fotos,True,True,2024-06-14,False,False,
DOC009142,SIN02714,informe_perito,True,True,2024-06-14,False,False,
DOC009143,SIN02715,factura_reparacion,True,True,2025-02-10,False,False,
DOC009144,SIN02715,fotos,False,True,2025-02-10,False,False,
DOC009145,SIN02715,informe_perito,True,True,2025-02-10,False,False,
DOC009146,SIN02716,factura_reparacion,True,True,2025-08-04,False,False,
DOC009147,SIN02716,fotos,True,True,2025-08-04,False,False,
DOC009148,SIN02716,informe_perito,False,True,2025-08-04,False,False,
DOC009149,SIN02717,factura_reparacion,True,True,2024-12-10,False,False,
DOC009150,SIN02717,fotos,True,True,2024-12-10,False,False,
DOC009151,SIN02717,informe_perito,True,True,2024-12-10,True,False,
DOC009152,SIN02718,factura_reparacion,True,True,2025-04-26,False,False,
DOC009153,SIN02718,fotos,True,True,2025-04-26,False,False,
DOC009154,SIN02718,informe_perito,True,True,2025-04-26,False,False,
DOC009155,SIN02719,factura_reparacion,True,True,2025-03-25,False,False,
DOC009156,SIN02719,fotos,True,True,2025-03-25,False,False,
DOC009157,SIN02719,informe_perito,True,True,2025-03-25,False,False,
DOC009158,SIN02720,factura_reparacion,True,True,2025-10-20,False,False,
DOC009159,SIN02720,fotos,True,True,2025-10-20,False,False,
DOC009160,SIN02720,informe_perito,True,True,2025-10-20,False,False,
DOC009161,SIN02721,factura_reparacion,True,True,2025-11-24,True,False,
DOC009162,SIN02721,fotos,True,True,2025-11-24,False,False,
DOC009163,SIN02721,informe_perito,True,True,2025-11-24,False,False,
DOC009164,SIN02722,factura_reparacion,True,True,2024-12-30,False,False,
DOC009165,SIN02722,fotos,True,True,2024-12-30,False,False,
DOC009166,SIN02722,informe_perito,True,True,2024-12-30,False,False,
DOC009167,SIN02723,factura_reparacion,True,True,2025-01-03,False,False,
DOC009168,SIN02723,fotos,True,True,2025-01-03,False,False,
DOC009169,SIN02723,informe_perito,True,True,2025-01-03,False,False,
DOC009170,SIN02724,factura_reparacion,True,True,2025-04-07,False,False,
DOC009171,SIN02724,fotos,True,True,2025-04-07,False,False,
DOC009172,SIN02724,informe_perito,True,True,2025-04-07,False,False,
DOC009173,SIN02725,factura_reparacion,True,True,2026-03-31,False,False,
DOC009174,SIN02725,fotos,True,True,2026-03-31,False,False,
DOC009175,SIN02725,informe_perito,True,True,2026-03-31,False,False,
DOC009176,SIN02726,factura_reparacion,True,True,2025-12-16,False,False,
DOC009177,SIN02726,fotos,True,True,2025-12-16,False,False,
DOC009178,SIN02726,informe_perito,True,True,2025-12-16,False,False,
DOC009179,SIN02727,factura_reparacion,True,True,2025-07-28,False,False,
DOC009180,SIN02727,fotos,True,True,2025-07-28,False,False,
DOC009181,SIN02727,informe_perito,True,True,2025-07-28,True,False,
DOC009182,SIN02728,factura_reparacion,True,True,2025-06-13,False,False,
DOC009183,SIN02728,fotos,True,True,2025-06-13,False,False,
DOC009184,SIN02728,informe_perito,True,True,2025-06-13,False,False,
DOC009185,SIN02729,factura_reparacion,True,True,2026-03-12,False,False,
DOC009186,SIN02729,fotos,True,True,2026-03-12,False,False,
DOC009187,SIN02729,informe_perito,True,True,2026-03-12,False,False,
DOC009188,SIN02730,factura_reparacion,True,True,2025-06-09,False,False,
DOC009189,SIN02730,fotos,True,True,2025-06-09,False,False,
DOC009190,SIN02730,informe_perito,True,True,2025-06-09,False,False,
DOC009191,SIN02731,factura_reparacion,True,True,2026-04-20,False,False,
DOC009192,SIN02731,fotos,True,True,2026-04-20,False,False,
DOC009193,SIN02731,informe_perito,True,True,2026-04-20,False,False,
DOC009194,SIN02732,factura_reparacion,True,True,2024-11-09,False,False,
DOC009195,SIN02732,fotos,True,True,2024-11-09,False,False,
DOC009196,SIN02732,informe_perito,True,True,2024-11-09,False,False,
DOC009197,SIN02733,factura_reparacion,True,True,2025-12-03,False,False,
DOC009198,SIN02733,fotos,True,True,2025-12-03,False,False,
DOC009199,SIN02733,informe_perito,True,True,2025-12-03,False,False,
DOC009200,SIN02734,factura_reparacion,True,True,2024-08-13,False,False,
DOC009201,SIN02734,fotos,True,True,2024-08-13,False,False,
DOC009202,SIN02734,informe_perito,True,True,2024-08-13,False,False,
DOC009203,SIN02735,factura_reparacion,True,True,2025-08-06,False,False,
DOC009204,SIN02735,fotos,True,True,2025-08-06,False,False,
DOC009205,SIN02735,informe_perito,True,True,2025-08-06,False,False,
DOC009206,SIN02736,factura_reparacion,True,True,2025-10-19,False,False,
DOC009207,SIN02736,fotos,True,True,2025-10-19,False,False,
DOC009208,SIN02736,informe_perito,True,True,2025-10-19,False,False,
DOC009209,SIN02737,factura_reparacion,True,True,2024-07-12,False,False,
DOC009210,SIN02737,fotos,True,True,2024-07-12,False,False,
DOC009211,SIN02737,informe_perito,True,True,2024-07-12,False,False,
DOC009212,SIN02738,factura_reparacion,True,True,2025-12-27,False,False,
DOC009213,SIN02738,fotos,True,True,2025-12-27,False,False,
DOC009214,SIN02738,informe_perito,True,True,2025-12-27,False,False,
DOC009215,SIN02739,factura_reparacion,True,True,2025-01-28,False,False,
DOC009216,SIN02739,fotos,True,True,2025-01-28,False,False,
DOC009217,SIN02739,informe_perito,True,True,2025-01-28,False,False,
DOC009218,SIN02740,factura_reparacion,True,True,2024-10-19,False,False,
DOC009219,SIN02740,fotos,True,True,2024-10-19,False,False,
DOC009220,SIN02740,informe_perito,True,True,2024-10-19,False,False,
DOC009221,SIN02741,factura_reparacion,True,True,2025-10-03,False,False,
DOC009222,SIN02741,fotos,True,True,2025-10-03,False,False,
DOC009223,SIN02741,informe_perito,True,True,2025-10-03,False,False,
DOC009224,SIN02742,factura_reparacion,True,True,2025-09-18,False,False,
DOC009225,SIN02742,fotos,True,True,2025-09-18,False,False,
DOC009226,SIN02742,informe_perito,True,True,2025-09-18,True,False,
DOC009227,SIN02743,factura_reparacion,True,True,2025-08-17,True,True,Alteracion simulada para demo
DOC009228,SIN02743,fotos,False,False,2025-08-17,False,False,
DOC009229,SIN02743,informe_perito,False,False,2025-08-17,False,False,
DOC009230,SIN02744,factura_reparacion,True,True,2024-11-06,False,False,
DOC009231,SIN02744,fotos,True,True,2024-11-06,False,False,
DOC009232,SIN02744,informe_perito,True,True,2024-11-06,False,False,
DOC009233,SIN02745,factura_reparacion,False,True,2024-08-18,False,False,
DOC009234,SIN02745,fotos,True,True,2024-08-18,False,False,
DOC009235,SIN02745,informe_perito,True,True,2024-08-18,False,False,
DOC009236,SIN02746,factura_reparacion,True,True,2025-05-31,False,False,
DOC009237,SIN02746,fotos,True,True,2025-05-31,False,False,
DOC009238,SIN02746,informe_perito,True,True,2025-05-31,False,False,
DOC009239,SIN02747,factura_reparacion,True,True,2025-02-10,False,False,
DOC009240,SIN02747,fotos,True,True,2025-02-10,False,False,
DOC009241,SIN02747,informe_perito,True,True,2025-02-10,False,False,
DOC009242,SIN02748,factura_reparacion,True,True,2025-02-17,False,False,
DOC009243,SIN02748,fotos,True,True,2025-02-17,False,False,
DOC009244,SIN02748,informe_perito,True,True,2025-02-17,False,False,
DOC009245,SIN02749,factura_reparacion,True,True,2025-05-22,False,False,
DOC009246,SIN02749,fotos,True,True,2025-05-22,False,False,
DOC009247,SIN02749,informe_perito,False,True,2025-05-22,False,False,
DOC009248,SIN02750,factura_reparacion,True,True,2025-03-03,False,False,
DOC009249,SIN02750,fotos,True,True,2025-03-03,False,False,
DOC009250,SIN02750,informe_perito,True,True,2025-03-03,False,False,
DOC009251,SIN02751,factura_reparacion,True,True,2025-12-05,False,False,
DOC009252,SIN02751,fotos,True,True,2025-12-05,False,False,
DOC009253,SIN02751,informe_perito,True,True,2025-12-05,False,False,
DOC009254,SIN02752,factura_reparacion,True,True,2026-03-14,False,False,
DOC009255,SIN02752,fotos,True,True,2026-03-14,False,False,
DOC009256,SIN02752,informe_perito,True,True,2026-03-14,False,False,
DOC009257,SIN02753,factura_reparacion,True,True,2025-05-31,False,False,
DOC009258,SIN02753,fotos,True,True,2025-05-31,False,False,
DOC009259,SIN02753,informe_perito,True,True,2025-05-31,False,False,
DOC009260,SIN02754,factura_reparacion,True,True,2025-02-04,False,False,
DOC009261,SIN02754,fotos,True,True,2025-02-04,False,False,
DOC009262,SIN02754,informe_perito,True,True,2025-02-04,False,False,
DOC009263,SIN02755,factura_reparacion,True,True,2024-09-07,False,False,
DOC009264,SIN02755,fotos,True,True,2024-09-07,False,False,
DOC009265,SIN02755,informe_perito,True,True,2024-09-07,False,False,
DOC009266,SIN02756,factura_reparacion,True,True,2025-10-13,False,False,
DOC009267,SIN02756,fotos,True,True,2025-10-13,False,False,
DOC009268,SIN02756,informe_perito,True,True,2025-10-13,False,False,
DOC009269,SIN02757,factura_reparacion,True,True,2025-10-13,False,False,
DOC009270,SIN02757,fotos,True,True,2025-10-13,False,False,
DOC009271,SIN02757,informe_perito,True,True,2025-10-13,False,False,
DOC009272,SIN02758,factura_reparacion,True,True,2025-12-03,False,False,
DOC009273,SIN02758,fotos,True,True,2025-12-03,False,False,
DOC009274,SIN02758,informe_perito,True,True,2025-12-03,False,False,
DOC009275,SIN02759,factura_reparacion,True,True,2025-01-11,False,False,
DOC009276,SIN02759,fotos,True,True,2025-01-11,False,False,
DOC009277,SIN02759,informe_perito,True,True,2025-01-11,False,False,
DOC009278,SIN02760,factura_reparacion,True,True,2025-09-05,False,False,
DOC009279,SIN02760,fotos,True,True,2025-09-05,False,False,
DOC009280,SIN02760,informe_perito,True,True,2025-09-05,False,False,
DOC009281,SIN02761,factura_reparacion,True,True,2024-12-15,False,False,
DOC009282,SIN02761,fotos,True,True,2024-12-15,False,False,
DOC009283,SIN02761,informe_perito,True,True,2024-12-15,False,False,
DOC009284,SIN02762,factura_reparacion,True,True,2024-08-25,False,False,
DOC009285,SIN02762,fotos,True,True,2024-08-25,False,False,
DOC009286,SIN02762,informe_perito,True,True,2024-08-25,False,False,
DOC009287,SIN02763,factura_reparacion,True,False,2025-03-29,False,False,
DOC009288,SIN02763,fotos,True,True,2025-03-29,False,False,
DOC009289,SIN02763,informe_perito,True,True,2025-03-29,False,False,
DOC009290,SIN02764,factura_reparacion,False,True,2024-06-03,False,False,
DOC009291,SIN02764,fotos,True,True,2024-06-03,False,False,
DOC009292,SIN02764,informe_perito,True,True,2024-06-03,False,False,
DOC009293,SIN02765,factura_reparacion,True,True,2025-10-20,False,False,
DOC009294,SIN02765,fotos,True,True,2025-10-20,False,False,
DOC009295,SIN02765,informe_perito,True,True,2025-10-20,False,False,
DOC009296,SIN02766,factura_reparacion,True,True,2025-03-31,False,False,
DOC009297,SIN02766,fotos,True,True,2025-03-31,False,False,
DOC009298,SIN02766,informe_perito,True,True,2025-03-31,False,False,
DOC009299,SIN02767,factura_reparacion,True,True,2024-06-20,False,False,
DOC009300,SIN02767,fotos,True,True,2024-06-20,False,False,
DOC009301,SIN02767,informe_perito,True,True,2024-06-20,False,False,
DOC009302,SIN02768,factura_reparacion,True,True,2025-03-10,False,False,
DOC009303,SIN02768,fotos,True,True,2025-03-10,False,False,
DOC009304,SIN02768,informe_perito,True,True,2025-03-10,False,False,
DOC009305,SIN02769,factura_reparacion,True,True,2024-06-22,False,False,
DOC009306,SIN02769,fotos,True,True,2024-06-22,False,False,
DOC009307,SIN02769,informe_perito,True,True,2024-06-22,False,False,
DOC009308,SIN02770,factura_reparacion,True,True,2025-03-05,False,False,
DOC009309,SIN02770,fotos,True,True,2025-03-05,False,False,
DOC009310,SIN02770,informe_perito,False,True,2025-03-05,False,False,
DOC009311,SIN02771,factura_reparacion,False,True,2024-05-12,False,False,
DOC009312,SIN02771,fotos,True,True,2024-05-12,False,False,
DOC009313,SIN02771,informe_perito,True,True,2024-05-12,False,False,
DOC009314,SIN02772,factura_reparacion,True,True,2025-04-11,False,False,
DOC009315,SIN02772,fotos,True,True,2025-04-11,False,False,
DOC009316,SIN02772,informe_perito,True,True,2025-04-11,False,False,
DOC009317,SIN02773,factura_reparacion,False,False,2025-01-08,False,False,
DOC009318,SIN02773,fotos,True,True,2025-01-08,False,False,
DOC009319,SIN02773,informe_perito,True,True,2025-01-08,False,False,
DOC009320,SIN02774,factura_reparacion,True,True,2025-10-14,True,True,Alteracion simulada para demo
DOC009321,SIN02774,fotos,True,True,2025-10-14,False,False,
DOC009322,SIN02774,informe_perito,True,True,2025-10-14,False,False,
DOC009323,SIN02775,factura_reparacion,True,True,2024-03-10,False,False,
DOC009324,SIN02775,fotos,True,True,2024-03-10,False,False,
DOC009325,SIN02775,informe_perito,True,True,2024-03-10,False,False,
DOC009326,SIN02776,factura_reparacion,True,True,2024-07-13,False,False,
DOC009327,SIN02776,fotos,True,True,2024-07-13,False,False,
DOC009328,SIN02776,informe_perito,True,True,2024-07-13,False,False,
DOC009329,SIN02777,factura_reparacion,True,False,2024-12-04,False,False,
DOC009330,SIN02777,fotos,True,True,2024-12-04,False,False,
DOC009331,SIN02777,informe_perito,True,True,2024-12-04,False,False,
DOC009332,SIN02778,factura_reparacion,True,True,2024-11-20,False,False,
DOC009333,SIN02778,fotos,True,True,2024-11-20,False,False,
DOC009334,SIN02778,informe_perito,True,True,2024-11-20,False,False,
DOC009335,SIN02779,factura_reparacion,True,True,2025-08-26,False,False,
DOC009336,SIN02779,fotos,True,True,2025-08-26,False,False,
DOC009337,SIN02779,informe_perito,True,True,2025-08-26,False,False,
DOC009338,SIN02780,factura_reparacion,True,True,2026-03-19,False,False,
DOC009339,SIN02780,fotos,True,True,2026-03-19,False,False,
DOC009340,SIN02780,informe_perito,True,True,2026-03-19,False,False,
DOC009341,SIN02781,factura_reparacion,False,False,2024-12-20,True,False,
DOC009342,SIN02781,fotos,True,True,2024-12-20,False,False,
DOC009343,SIN02781,informe_perito,True,True,2024-12-20,False,False,
DOC009344,SIN02782,factura_reparacion,True,True,2024-11-21,False,False,
DOC009345,SIN02782,fotos,True,True,2024-11-21,False,False,
DOC009346,SIN02782,informe_perito,True,True,2024-11-21,False,False,
DOC009347,SIN02783,factura_reparacion,True,True,2025-01-05,False,False,
DOC009348,SIN02783,fotos,True,True,2025-01-05,False,False,
DOC009349,SIN02783,informe_perito,True,True,2025-01-05,False,False,
DOC009350,SIN02784,factura_reparacion,True,True,2025-09-01,False,False,
DOC009351,SIN02784,fotos,True,True,2025-09-01,True,False,
DOC009352,SIN02784,informe_perito,True,True,2025-09-01,False,False,
DOC009353,SIN02785,factura_reparacion,True,True,2024-04-29,False,False,
DOC009354,SIN02785,fotos,True,True,2024-04-29,False,False,
DOC009355,SIN02785,informe_perito,True,True,2024-04-29,False,False,
DOC009356,SIN02786,factura_reparacion,True,True,2025-04-21,False,False,
DOC009357,SIN02786,fotos,False,False,2025-04-21,False,False,
DOC009358,SIN02786,informe_perito,True,True,2025-04-21,False,False,
DOC009359,SIN02787,factura_reparacion,True,True,2025-08-08,False,False,
DOC009360,SIN02787,fotos,True,True,2025-08-08,False,False,
DOC009361,SIN02787,informe_perito,True,True,2025-08-08,False,False,
DOC009362,SIN02788,factura_reparacion,True,True,2024-03-10,False,False,
DOC009363,SIN02788,fotos,True,True,2024-03-10,False,False,
DOC009364,SIN02788,informe_perito,False,True,2024-03-10,False,False,
DOC009365,SIN02789,factura_reparacion,False,True,2025-09-11,False,False,
DOC009366,SIN02789,fotos,True,True,2025-09-11,False,False,
DOC009367,SIN02789,informe_perito,True,False,2025-09-11,False,False,
DOC009368,SIN02790,factura_reparacion,True,True,2025-08-16,False,False,
DOC009369,SIN02790,fotos,True,True,2025-08-16,False,False,
DOC009370,SIN02790,informe_perito,True,True,2025-08-16,False,False,
DOC009371,SIN02791,factura_reparacion,True,True,2024-12-01,False,False,
DOC009372,SIN02791,fotos,True,True,2024-12-01,False,False,
DOC009373,SIN02791,informe_perito,True,True,2024-12-01,False,False,
DOC009374,SIN02792,factura_reparacion,True,True,2025-05-01,False,False,
DOC009375,SIN02792,fotos,True,True,2025-05-01,False,False,
DOC009376,SIN02792,informe_perito,True,True,2025-05-01,False,False,
DOC009377,SIN02793,factura_reparacion,True,True,2026-05-09,False,False,
DOC009378,SIN02793,fotos,True,True,2026-05-09,False,False,
DOC009379,SIN02793,informe_perito,True,True,2026-05-09,False,False,
DOC009380,SIN02794,factura_reparacion,True,True,2025-05-28,False,False,
DOC009381,SIN02794,fotos,True,True,2025-05-28,False,False,
DOC009382,SIN02794,informe_perito,True,True,2025-05-28,False,False,
DOC009383,SIN02795,factura_reparacion,True,False,2025-03-02,True,True,Alteracion simulada para demo
DOC009384,SIN02795,fotos,True,False,2025-03-02,False,False,
DOC009385,SIN02795,informe_perito,True,True,2025-03-02,True,False,
DOC009386,SIN02796,factura_reparacion,True,True,2025-03-31,False,False,
DOC009387,SIN02796,fotos,True,True,2025-03-31,False,False,
DOC009388,SIN02796,informe_perito,True,True,2025-03-31,False,False,
DOC009389,SIN02797,factura_reparacion,True,True,2024-11-17,False,False,
DOC009390,SIN02797,fotos,True,True,2024-11-17,False,False,
DOC009391,SIN02797,informe_perito,True,True,2024-11-17,False,False,
DOC009392,SIN02798,factura_reparacion,True,True,2025-12-24,False,False,
DOC009393,SIN02798,fotos,True,True,2025-12-24,True,False,
DOC009394,SIN02798,informe_perito,True,True,2025-12-24,False,False,
DOC009395,SIN02799,factura_reparacion,False,True,2025-09-06,False,False,
DOC009396,SIN02799,fotos,True,True,2025-09-06,False,False,
DOC009397,SIN02799,informe_perito,True,True,2025-09-06,False,False,
DOC009398,SIN02800,factura_reparacion,True,True,2026-01-13,False,False,
DOC009399,SIN02800,fotos,True,True,2026-01-13,False,False,
DOC009400,SIN02800,informe_perito,True,True,2026-01-13,False,False,
DOC009401,SIN02801,factura_reparacion,True,True,2025-01-04,False,False,
DOC009402,SIN02801,fotos,True,True,2025-01-04,False,False,
DOC009403,SIN02801,informe_perito,True,True,2025-01-04,False,False,
DOC009404,SIN02802,factura_reparacion,True,True,2026-01-25,False,False,
DOC009405,SIN02802,fotos,True,True,2026-01-25,False,False,
DOC009406,SIN02802,informe_perito,False,True,2026-01-25,False,False,
DOC009407,SIN02803,factura_reparacion,False,True,2025-09-10,False,False,
DOC009408,SIN02803,fotos,True,True,2025-09-10,False,False,
DOC009409,SIN02803,informe_perito,True,True,2025-09-10,False,False,
DOC009410,SIN02804,factura_reparacion,True,True,2025-12-31,False,False,
DOC009411,SIN02804,fotos,True,True,2025-12-31,False,False,
DOC009412,SIN02804,informe_perito,True,True,2025-12-31,False,False,
DOC009413,SIN02805,factura_reparacion,True,True,2026-01-23,True,False,
DOC009414,SIN02805,fotos,True,False,2026-01-23,True,False,
DOC009415,SIN02805,informe_perito,True,False,2026-01-23,False,False,
DOC009416,SIN02806,factura_reparacion,False,True,2025-06-12,True,True,Alteracion simulada para demo
DOC009417,SIN02806,fotos,True,True,2025-06-12,True,False,
DOC009418,SIN02806,informe_perito,True,True,2025-06-12,False,False,
DOC009419,SIN02807,factura_reparacion,True,True,2025-09-01,False,False,
DOC009420,SIN02807,fotos,True,False,2025-09-01,False,False,
DOC009421,SIN02807,informe_perito,True,True,2025-09-01,False,False,
DOC009422,SIN02808,factura_reparacion,True,True,2025-05-13,False,False,
DOC009423,SIN02808,fotos,True,True,2025-05-13,False,False,
DOC009424,SIN02808,informe_perito,True,True,2025-05-13,False,False,
DOC009425,SIN02809,factura_reparacion,True,True,2026-02-10,False,False,
DOC009426,SIN02809,fotos,True,True,2026-02-10,False,False,
DOC009427,SIN02809,informe_perito,True,True,2026-02-10,False,False,
DOC009428,SIN02810,factura_reparacion,True,True,2025-02-08,False,False,
DOC009429,SIN02810,fotos,True,True,2025-02-08,False,False,
DOC009430,SIN02810,informe_perito,True,True,2025-02-08,False,False,
DOC009431,SIN02811,factura_reparacion,True,True,2024-12-06,False,False,
DOC009432,SIN02811,fotos,True,True,2024-12-06,False,False,
DOC009433,SIN02811,informe_perito,True,True,2024-12-06,False,False,
DOC009434,SIN02812,factura_reparacion,True,False,2025-11-01,False,False,
DOC009435,SIN02812,fotos,True,False,2025-11-01,False,False,
DOC009436,SIN02812,informe_perito,True,True,2025-11-01,False,False,
DOC009437,SIN02813,factura_reparacion,True,True,2024-10-13,False,False,
DOC009438,SIN02813,fotos,False,True,2024-10-13,False,False,
DOC009439,SIN02813,informe_perito,True,True,2024-10-13,False,False,
DOC009440,SIN02814,factura_reparacion,False,True,2025-01-05,False,False,
DOC009441,SIN02814,fotos,True,True,2025-01-05,False,False,
DOC009442,SIN02814,informe_perito,True,True,2025-01-05,False,False,
DOC009443,SIN02815,factura_reparacion,True,True,2025-06-17,False,False,
DOC009444,SIN02815,fotos,True,True,2025-06-17,False,False,
DOC009445,SIN02815,informe_perito,True,True,2025-06-17,False,False,
DOC009446,SIN02816,factura_reparacion,False,True,2026-02-05,False,False,
DOC009447,SIN02816,fotos,True,True,2026-02-05,False,False,
DOC009448,SIN02816,informe_perito,False,True,2026-02-05,False,False,
DOC009449,SIN02817,factura_reparacion,True,True,2025-11-29,False,False,
DOC009450,SIN02817,fotos,True,True,2025-11-29,False,False,
DOC009451,SIN02817,informe_perito,True,True,2025-11-29,False,False,
DOC009452,SIN02818,factura_reparacion,True,True,2025-07-13,False,False,
DOC009453,SIN02818,fotos,True,True,2025-07-13,False,False,
DOC009454,SIN02818,informe_perito,True,True,2025-07-13,False,False,
DOC009455,SIN02819,factura_reparacion,True,True,2025-09-04,False,False,
DOC009456,SIN02819,fotos,True,True,2025-09-04,False,False,
DOC009457,SIN02819,informe_perito,True,True,2025-09-04,False,False,
DOC009458,SIN02820,factura_reparacion,True,True,2025-09-22,False,False,
DOC009459,SIN02820,fotos,True,True,2025-09-22,False,False,
DOC009460,SIN02820,informe_perito,True,True,2025-09-22,False,False,
DOC009461,SIN02821,factura_reparacion,True,True,2025-08-25,False,False,
DOC009462,SIN02821,fotos,True,True,2025-08-25,False,False,
DOC009463,SIN02821,informe_perito,True,True,2025-08-25,False,False,
DOC009464,SIN02822,factura_reparacion,True,True,2025-10-20,False,False,
DOC009465,SIN02822,fotos,True,True,2025-10-20,False,False,
DOC009466,SIN02822,informe_perito,True,True,2025-10-20,False,False,
DOC009467,SIN02823,factura_reparacion,True,True,2026-02-19,False,False,
DOC009468,SIN02823,fotos,True,True,2026-02-19,False,False,
DOC009469,SIN02823,informe_perito,True,True,2026-02-19,False,False,
DOC009470,SIN02824,factura_reparacion,True,True,2025-07-02,False,False,
DOC009471,SIN02824,fotos,True,True,2025-07-02,False,False,
DOC009472,SIN02824,informe_perito,True,True,2025-07-02,False,False,
DOC009473,SIN02825,factura_reparacion,True,True,2026-01-05,False,False,
DOC009474,SIN02825,fotos,True,True,2026-01-05,False,False,
DOC009475,SIN02825,informe_perito,True,True,2026-01-05,False,False,
DOC009476,SIN02826,factura_reparacion,True,True,2026-01-19,False,False,
DOC009477,SIN02826,fotos,True,True,2026-01-19,False,False,
DOC009478,SIN02826,informe_perito,True,True,2026-01-19,False,False,
DOC009479,SIN02827,factura_reparacion,True,True,2025-04-18,False,False,
DOC009480,SIN02827,fotos,True,True,2025-04-18,False,False,
DOC009481,SIN02827,informe_perito,True,True,2025-04-18,False,False,
DOC009482,SIN02828,factura_reparacion,True,True,2024-03-23,False,False,
DOC009483,SIN02828,fotos,True,True,2024-03-23,False,False,
DOC009484,SIN02828,informe_perito,True,True,2024-03-23,False,False,
DOC009485,SIN02829,factura_reparacion,True,True,2025-04-25,False,False,
DOC009486,SIN02829,fotos,True,True,2025-04-25,False,False,
DOC009487,SIN02829,informe_perito,True,True,2025-04-25,False,False,
DOC009488,SIN02830,factura_reparacion,True,True,2024-10-20,True,False,
DOC009489,SIN02830,fotos,True,True,2024-10-20,False,False,
DOC009490,SIN02830,informe_perito,True,True,2024-10-20,False,False,
DOC009491,SIN02831,factura_reparacion,True,False,2024-10-08,False,False,
DOC009492,SIN02831,fotos,True,True,2024-10-08,True,False,
DOC009493,SIN02831,informe_perito,True,True,2024-10-08,True,False,
DOC009494,SIN02832,factura_reparacion,False,True,2024-12-25,False,False,
DOC009495,SIN02832,fotos,True,True,2024-12-25,True,False,
DOC009496,SIN02832,informe_perito,True,False,2024-12-25,False,False,
DOC009497,SIN02833,factura_reparacion,True,True,2026-07-13,False,False,
DOC009498,SIN02833,fotos,True,False,2026-07-13,False,False,
DOC009499,SIN02833,informe_perito,True,True,2026-07-13,False,False,
DOC009500,SIN02834,factura_reparacion,True,True,2024-12-16,False,False,
DOC009501,SIN02834,fotos,True,True,2024-12-16,False,False,
DOC009502,SIN02834,informe_perito,True,True,2024-12-16,False,False,
DOC009503,SIN02835,factura_reparacion,True,True,2024-09-02,False,False,
DOC009504,SIN02835,fotos,True,True,2024-09-02,False,False,
DOC009505,SIN02835,informe_perito,True,True,2024-09-02,False,False,
DOC009506,SIN02836,factura_reparacion,True,True,2025-04-26,False,False,
DOC009507,SIN02836,fotos,True,True,2025-04-26,False,False,
DOC009508,SIN02836,informe_perito,True,True,2025-04-26,False,False,
DOC009509,SIN02837,factura_reparacion,True,True,2026-01-29,False,False,
DOC009510,SIN02837,fotos,True,True,2026-01-29,False,False,
DOC009511,SIN02837,informe_perito,True,True,2026-01-29,False,False,
DOC009512,SIN02838,factura_reparacion,True,True,2025-01-18,False,False,
DOC009513,SIN02838,fotos,True,True,2025-01-18,False,False,
DOC009514,SIN02838,informe_perito,True,True,2025-01-18,False,False,
DOC009515,SIN02839,factura_reparacion,True,True,2025-02-26,False,False,
DOC009516,SIN02839,fotos,True,False,2025-02-26,False,False,
DOC009517,SIN02839,informe_perito,True,True,2025-02-26,False,False,
DOC009518,SIN02840,factura_reparacion,True,True,2024-08-13,False,False,
DOC009519,SIN02840,fotos,True,True,2024-08-13,False,False,
DOC009520,SIN02840,informe_perito,True,True,2024-08-13,False,False,
DOC009521,SIN02841,factura_reparacion,True,True,2024-09-09,False,False,
DOC009522,SIN02841,fotos,True,True,2024-09-09,False,False,
DOC009523,SIN02841,informe_perito,True,True,2024-09-09,False,False,
DOC009524,SIN02842,factura_reparacion,True,True,2026-06-03,False,False,
DOC009525,SIN02842,fotos,True,True,2026-06-03,False,False,
DOC009526,SIN02842,informe_perito,True,True,2026-06-03,False,False,
DOC009527,SIN02843,factura_reparacion,True,True,2025-07-31,False,False,
DOC009528,SIN02843,fotos,True,True,2025-07-31,False,False,
DOC009529,SIN02843,informe_perito,True,True,2025-07-31,False,False,
DOC009530,SIN02844,factura_reparacion,True,True,2025-09-12,False,False,
DOC009531,SIN02844,fotos,True,True,2025-09-12,True,False,
DOC009532,SIN02844,informe_perito,True,True,2025-09-12,False,False,
DOC009533,SIN02845,factura_reparacion,True,True,2024-09-27,False,False,
DOC009534,SIN02845,fotos,True,True,2024-09-27,False,False,
DOC009535,SIN02845,informe_perito,True,True,2024-09-27,False,False,
DOC009536,SIN02846,factura_reparacion,True,True,2025-05-23,False,False,
DOC009537,SIN02846,fotos,True,True,2025-05-23,True,False,
DOC009538,SIN02846,informe_perito,True,True,2025-05-23,False,False,
DOC009539,SIN02847,factura_reparacion,True,True,2024-07-31,False,False,
DOC009540,SIN02847,fotos,True,True,2024-07-31,False,False,
DOC009541,SIN02847,informe_perito,True,True,2024-07-31,False,False,
DOC009542,SIN02848,factura_reparacion,True,True,2025-01-16,False,False,
DOC009543,SIN02848,fotos,True,True,2025-01-16,False,False,
DOC009544,SIN02848,informe_perito,True,True,2025-01-16,False,False,
DOC009545,SIN02849,factura_reparacion,True,True,2025-02-13,False,False,
DOC009546,SIN02849,fotos,True,True,2025-02-13,False,False,
DOC009547,SIN02849,informe_perito,True,True,2025-02-13,False,False,
DOC009548,SIN02850,factura_reparacion,False,True,2024-02-18,False,False,
DOC009549,SIN02850,fotos,True,True,2024-02-18,False,False,
DOC009550,SIN02850,informe_perito,True,True,2024-02-18,False,False,
DOC009551,SIN02851,factura_reparacion,True,True,2025-06-25,False,False,
DOC009552,SIN02851,fotos,True,True,2025-06-25,False,False,
DOC009553,SIN02851,informe_perito,True,True,2025-06-25,False,False,
DOC009554,SIN02852,factura_reparacion,True,True,2025-07-22,False,False,
DOC009555,SIN02852,fotos,True,True,2025-07-22,False,False,
DOC009556,SIN02852,informe_perito,False,True,2025-07-22,False,False,
DOC009557,SIN02853,factura_reparacion,True,True,2025-08-13,False,False,
DOC009558,SIN02853,fotos,True,True,2025-08-13,False,False,
DOC009559,SIN02853,informe_perito,True,True,2025-08-13,False,False,
DOC009560,SIN02854,factura_reparacion,True,True,2024-10-31,False,False,
DOC009561,SIN02854,fotos,True,False,2024-10-31,False,False,
DOC009562,SIN02854,informe_perito,True,True,2024-10-31,False,False,
DOC009563,SIN02855,factura_reparacion,True,True,2025-01-30,False,False,
DOC009564,SIN02855,fotos,True,True,2025-01-30,False,False,
DOC009565,SIN02855,informe_perito,True,True,2025-01-30,False,False,
DOC009566,SIN02856,factura_reparacion,True,True,2025-08-13,False,False,
DOC009567,SIN02856,fotos,True,True,2025-08-13,False,False,
DOC009568,SIN02856,informe_perito,True,True,2025-08-13,False,False,
DOC009569,SIN02857,factura_reparacion,True,True,2025-06-13,False,False,
DOC009570,SIN02857,fotos,True,True,2025-06-13,False,False,
DOC009571,SIN02857,informe_perito,True,True,2025-06-13,False,False,
DOC009572,SIN02858,factura_reparacion,True,True,2024-08-10,True,True,Alteracion simulada para demo
DOC009573,SIN02858,fotos,True,True,2024-08-10,False,False,
DOC009574,SIN02858,informe_perito,True,True,2024-08-10,False,False,
DOC009575,SIN02859,factura_reparacion,True,True,2025-08-01,False,False,
DOC009576,SIN02859,fotos,True,True,2025-08-01,False,False,
DOC009577,SIN02859,informe_perito,True,True,2025-08-01,False,False,
DOC009578,SIN02860,factura_reparacion,True,True,2025-04-15,False,False,
DOC009579,SIN02860,fotos,True,True,2025-04-15,False,False,
DOC009580,SIN02860,informe_perito,True,True,2025-04-15,False,False,
DOC009581,SIN02861,factura_reparacion,True,True,2024-08-09,False,False,
DOC009582,SIN02861,fotos,True,True,2024-08-09,False,False,
DOC009583,SIN02861,informe_perito,True,True,2024-08-09,False,False,
DOC009584,SIN02862,factura_reparacion,False,True,2024-07-07,False,False,
DOC009585,SIN02862,fotos,True,True,2024-07-07,False,False,
DOC009586,SIN02862,informe_perito,True,True,2024-07-07,False,False,
DOC009587,SIN02863,factura_reparacion,True,True,2024-11-11,False,False,
DOC009588,SIN02863,fotos,True,True,2024-11-11,False,False,
DOC009589,SIN02863,informe_perito,True,True,2024-11-11,False,False,
DOC009590,SIN02864,factura_reparacion,True,True,2025-03-18,False,False,
DOC009591,SIN02864,fotos,True,True,2025-03-18,False,False,
DOC009592,SIN02864,informe_perito,True,True,2025-03-18,False,False,
DOC009593,SIN02865,factura_reparacion,True,True,2025-02-12,False,False,
DOC009594,SIN02865,fotos,True,True,2025-02-12,False,False,
DOC009595,SIN02865,informe_perito,True,True,2025-02-12,False,False,
DOC009596,SIN02866,factura_reparacion,False,True,2025-12-06,False,False,
DOC009597,SIN02866,fotos,True,True,2025-12-06,True,False,
DOC009598,SIN02866,informe_perito,True,True,2025-12-06,False,False,
DOC009599,SIN02867,factura_reparacion,True,True,2024-07-26,False,False,
DOC009600,SIN02867,fotos,True,True,2024-07-26,False,False,
DOC009601,SIN02867,informe_perito,True,True,2024-07-26,False,False,
DOC009602,SIN02868,factura_reparacion,True,True,2025-05-23,False,False,
DOC009603,SIN02868,fotos,True,True,2025-05-23,False,False,
DOC009604,SIN02868,informe_perito,True,True,2025-05-23,False,False,
DOC009605,SIN02869,factura_reparacion,True,True,2024-12-16,False,False,
DOC009606,SIN02869,fotos,True,True,2024-12-16,False,False,
DOC009607,SIN02869,informe_perito,True,True,2024-12-16,False,False,
DOC009608,SIN02870,factura_reparacion,True,True,2024-08-17,False,False,
DOC009609,SIN02870,fotos,True,True,2024-08-17,False,False,
DOC009610,SIN02870,informe_perito,True,True,2024-08-17,False,False,
DOC009611,SIN02871,factura_reparacion,True,True,2024-11-06,False,False,
DOC009612,SIN02871,fotos,True,True,2024-11-06,False,False,
DOC009613,SIN02871,informe_perito,True,False,2024-11-06,False,False,
DOC009614,SIN02872,factura_reparacion,True,True,2024-07-21,False,False,
DOC009615,SIN02872,fotos,True,True,2024-07-21,False,False,
DOC009616,SIN02872,informe_perito,True,True,2024-07-21,False,False,
DOC009617,SIN02873,factura_reparacion,True,True,2025-05-18,False,False,
DOC009618,SIN02873,fotos,True,True,2025-05-18,False,False,
DOC009619,SIN02873,informe_perito,True,True,2025-05-18,False,False,
DOC009620,SIN02874,factura_reparacion,True,True,2024-10-08,False,False,
DOC009621,SIN02874,fotos,True,True,2024-10-08,False,False,
DOC009622,SIN02874,informe_perito,True,True,2024-10-08,False,False,
DOC009623,SIN02875,factura_reparacion,True,True,2025-04-28,False,False,
DOC009624,SIN02875,fotos,True,True,2025-04-28,False,False,
DOC009625,SIN02875,informe_perito,True,False,2025-04-28,False,False,
DOC009626,SIN02876,factura_reparacion,True,True,2024-05-22,False,False,
DOC009627,SIN02876,fotos,True,True,2024-05-22,False,False,
DOC009628,SIN02876,informe_perito,True,True,2024-05-22,False,False,
DOC009629,SIN02877,factura_reparacion,True,True,2025-12-25,False,False,
DOC009630,SIN02877,fotos,True,True,2025-12-25,False,False,
DOC009631,SIN02877,informe_perito,True,True,2025-12-25,False,False,
DOC009632,SIN02878,factura_reparacion,True,False,2024-07-05,False,False,
DOC009633,SIN02878,fotos,True,True,2024-07-05,True,False,
DOC009634,SIN02878,informe_perito,False,True,2024-07-05,True,False,
DOC009635,SIN02879,factura_reparacion,True,True,2024-11-14,False,False,
DOC009636,SIN02879,fotos,False,True,2024-11-14,False,False,
DOC009637,SIN02879,informe_perito,True,True,2024-11-14,False,False,
DOC009638,SIN02880,factura_reparacion,True,True,2025-05-30,False,False,
DOC009639,SIN02880,fotos,True,True,2025-05-30,False,False,
DOC009640,SIN02880,informe_perito,True,True,2025-05-30,False,False,
DOC009641,SIN02881,factura_reparacion,True,True,2024-09-14,False,False,
DOC009642,SIN02881,fotos,True,True,2024-09-14,False,False,
DOC009643,SIN02881,informe_perito,True,True,2024-09-14,False,False,
DOC009644,SIN02882,factura_reparacion,True,True,2026-07-21,True,False,
DOC009645,SIN02882,fotos,True,True,2026-07-21,False,False,
DOC009646,SIN02882,informe_perito,True,True,2026-07-21,False,False,
DOC009647,SIN02883,factura_reparacion,True,True,2024-06-08,False,False,
DOC009648,SIN02883,fotos,True,True,2024-06-08,False,False,
DOC009649,SIN02883,informe_perito,True,True,2024-06-08,False,False,
DOC009650,SIN02884,factura_reparacion,True,True,2025-07-14,False,False,
DOC009651,SIN02884,fotos,True,True,2025-07-14,False,False,
DOC009652,SIN02884,informe_perito,True,True,2025-07-14,False,False,
DOC009653,SIN02885,factura_reparacion,True,True,2025-01-20,False,False,
DOC009654,SIN02885,fotos,True,True,2025-01-20,False,False,
DOC009655,SIN02885,informe_perito,True,True,2025-01-20,False,False,
DOC009656,SIN02886,factura_reparacion,True,True,2025-06-27,False,False,
DOC009657,SIN02886,fotos,True,True,2025-06-27,False,False,
DOC009658,SIN02886,informe_perito,True,True,2025-06-27,False,False,
DOC009659,SIN02887,factura_reparacion,True,True,2025-04-18,False,False,
DOC009660,SIN02887,fotos,True,True,2025-04-18,False,False,
DOC009661,SIN02887,informe_perito,True,True,2025-04-18,False,False,
DOC009662,SIN02888,factura_reparacion,True,True,2025-07-30,False,False,
DOC009663,SIN02888,fotos,True,True,2025-07-30,False,False,
DOC009664,SIN02888,informe_perito,True,True,2025-07-30,False,False,
DOC009665,SIN02889,factura_reparacion,True,True,2025-08-10,False,False,
DOC009666,SIN02889,fotos,True,True,2025-08-10,False,False,
DOC009667,SIN02889,informe_perito,True,False,2025-08-10,False,False,
DOC009668,SIN02890,factura_reparacion,True,True,2024-02-27,False,False,
DOC009669,SIN02890,fotos,True,True,2024-02-27,False,False,
DOC009670,SIN02890,informe_perito,True,True,2024-02-27,False,False,
DOC009671,SIN02891,factura_reparacion,True,True,2025-02-13,False,False,
DOC009672,SIN02891,fotos,True,True,2025-02-13,False,False,
DOC009673,SIN02891,informe_perito,True,True,2025-02-13,True,False,
DOC009674,SIN02892,factura_reparacion,True,True,2025-06-28,True,False,
DOC009675,SIN02892,fotos,False,True,2025-06-28,False,False,
DOC009676,SIN02892,informe_perito,True,True,2025-06-28,False,False,
DOC009677,SIN02893,factura_reparacion,True,True,2024-05-19,False,False,
DOC009678,SIN02893,fotos,True,True,2024-05-19,False,False,
DOC009679,SIN02893,informe_perito,True,True,2024-05-19,False,False,
DOC009680,SIN02894,factura_reparacion,True,True,2026-02-11,False,False,
DOC009681,SIN02894,fotos,True,True,2026-02-11,False,False,
DOC009682,SIN02894,informe_perito,True,True,2026-02-11,False,False,
DOC009683,SIN02895,factura_reparacion,True,True,2024-09-01,False,False,
DOC009684,SIN02895,fotos,True,True,2024-09-01,False,False,
DOC009685,SIN02895,informe_perito,True,True,2024-09-01,False,False,
DOC009686,SIN02896,factura_reparacion,True,True,2024-11-03,False,False,
DOC009687,SIN02896,fotos,True,True,2024-11-03,False,False,
DOC009688,SIN02896,informe_perito,True,True,2024-11-03,False,False,
DOC009689,SIN02897,factura_reparacion,True,True,2024-11-10,False,False,
DOC009690,SIN02897,fotos,True,True,2024-11-10,False,False,
DOC009691,SIN02897,informe_perito,True,True,2024-11-10,False,False,
DOC009692,SIN02898,factura_reparacion,True,True,2024-08-05,False,False,
DOC009693,SIN02898,fotos,True,True,2024-08-05,False,False,
DOC009694,SIN02898,informe_perito,True,True,2024-08-05,False,False,
DOC009695,SIN02899,factura_reparacion,True,True,2026-06-18,True,False,
DOC009696,SIN02899,fotos,True,False,2026-06-18,True,False,
DOC009697,SIN02899,informe_perito,True,True,2026-06-18,False,False,
DOC009698,SIN02900,factura_reparacion,False,True,2024-01-14,False,False,
DOC009699,SIN02900,fotos,True,True,2024-01-14,False,False,
DOC009700,SIN02900,informe_perito,True,True,2024-01-14,False,False,
DOC009701,SIN02901,factura_reparacion,True,True,2026-02-02,False,False,
DOC009702,SIN02901,fotos,True,True,2026-02-02,False,False,
DOC009703,SIN02901,informe_perito,True,True,2026-02-02,False,False,
DOC009704,SIN02902,factura_reparacion,True,True,2026-02-10,False,False,
DOC009705,SIN02902,fotos,True,True,2026-02-10,False,False,
DOC009706,SIN02902,informe_perito,True,True,2026-02-10,False,False,
DOC009707,SIN02903,factura_reparacion,True,True,2024-08-02,False,False,
DOC009708,SIN02903,fotos,True,True,2024-08-02,False,False,
DOC009709,SIN02903,informe_perito,True,True,2024-08-02,False,False,
DOC009710,SIN02904,factura_reparacion,True,True,2025-06-22,False,False,
DOC009711,SIN02904,fotos,True,True,2025-06-22,False,False,
DOC009712,SIN02904,informe_perito,True,True,2025-06-22,False,False,
DOC009713,SIN02905,factura_reparacion,False,True,2024-02-23,False,False,
DOC009714,SIN02905,fotos,True,True,2024-02-23,True,False,
DOC009715,SIN02905,informe_perito,True,True,2024-02-23,False,False,
DOC009716,SIN02906,factura_reparacion,True,True,2024-09-19,False,False,
DOC009717,SIN02906,fotos,True,True,2024-09-19,False,False,
DOC009718,SIN02906,informe_perito,True,True,2024-09-19,False,False,
DOC009719,SIN02907,factura_reparacion,True,True,2024-07-03,False,False,
DOC009720,SIN02907,fotos,True,True,2024-07-03,False,False,
DOC009721,SIN02907,informe_perito,True,True,2024-07-03,False,False,
DOC009722,SIN02908,factura_reparacion,True,True,2025-06-25,True,False,
DOC009723,SIN02908,fotos,True,True,2025-06-25,False,False,
DOC009724,SIN02908,informe_perito,True,True,2025-06-25,False,False,
DOC009725,SIN02909,factura_reparacion,True,True,2025-07-13,False,False,
DOC009726,SIN02909,fotos,True,False,2025-07-13,False,False,
DOC009727,SIN02909,informe_perito,True,True,2025-07-13,False,False,
DOC009728,SIN02910,factura_reparacion,True,True,2026-01-10,False,False,
DOC009729,SIN02910,fotos,True,True,2026-01-10,False,False,
DOC009730,SIN02910,informe_perito,True,True,2026-01-10,False,False,
DOC009731,SIN02911,factura_reparacion,True,True,2024-11-28,True,False,
DOC009732,SIN02911,fotos,True,True,2024-11-28,False,False,
DOC009733,SIN02911,informe_perito,True,False,2024-11-28,False,False,
DOC009734,SIN02912,factura_reparacion,True,False,2026-02-06,False,False,
DOC009735,SIN02912,fotos,True,True,2026-02-06,False,False,
DOC009736,SIN02912,informe_perito,True,True,2026-02-06,False,False,
DOC009737,SIN02913,factura_reparacion,True,False,2024-12-28,True,False,
DOC009738,SIN02913,fotos,True,True,2024-12-28,False,False,
DOC009739,SIN02913,informe_perito,True,True,2024-12-28,False,False,
DOC009740,SIN02914,factura_reparacion,True,True,2025-08-28,False,False,
DOC009741,SIN02914,fotos,True,True,2025-08-28,False,False,
DOC009742,SIN02914,informe_perito,True,True,2025-08-28,False,False,
DOC009743,SIN02915,factura_reparacion,True,False,2026-02-03,True,False,
DOC009744,SIN02915,fotos,True,True,2026-02-03,False,False,
DOC009745,SIN02915,informe_perito,True,True,2026-02-03,False,False,
DOC009746,SIN02916,factura_reparacion,True,True,2024-12-11,False,False,
DOC009747,SIN02916,fotos,True,True,2024-12-11,False,False,
DOC009748,SIN02916,informe_perito,True,True,2024-12-11,False,False,
DOC009749,SIN02917,factura_reparacion,True,True,2025-10-24,False,False,
DOC009750,SIN02917,fotos,True,True,2025-10-24,False,False,
DOC009751,SIN02917,informe_perito,True,True,2025-10-24,False,False,
DOC009752,SIN02918,factura_reparacion,True,True,2024-07-18,False,False,
DOC009753,SIN02918,fotos,False,True,2024-07-18,False,False,
DOC009754,SIN02918,informe_perito,False,True,2024-07-18,False,False,
DOC009755,SIN02919,factura_reparacion,True,True,2026-04-06,False,False,
DOC009756,SIN02919,fotos,True,True,2026-04-06,False,False,
DOC009757,SIN02919,informe_perito,True,True,2026-04-06,False,False,
DOC009758,SIN02920,factura_reparacion,True,True,2025-07-13,False,False,
DOC009759,SIN02920,fotos,True,True,2025-07-13,False,False,
DOC009760,SIN02920,informe_perito,True,True,2025-07-13,False,False,
DOC009761,SIN02921,factura_reparacion,True,True,2025-09-19,False,False,
DOC009762,SIN02921,fotos,True,True,2025-09-19,False,False,
DOC009763,SIN02921,informe_perito,True,False,2025-09-19,False,False,
DOC009764,SIN02922,factura_reparacion,True,True,2025-07-09,False,False,
DOC009765,SIN02922,fotos,True,True,2025-07-09,False,False,
DOC009766,SIN02922,informe_perito,True,True,2025-07-09,False,False,
DOC009767,SIN02923,factura_reparacion,True,True,2024-07-27,False,False,
DOC009768,SIN02923,fotos,True,True,2024-07-27,False,False,
DOC009769,SIN02923,informe_perito,True,True,2024-07-27,False,False,
DOC009770,SIN02924,factura_reparacion,True,True,2024-11-02,False,False,
DOC009771,SIN02924,fotos,True,True,2024-11-02,False,False,
DOC009772,SIN02924,informe_perito,True,True,2024-11-02,False,False,
DOC009773,SIN02925,factura_reparacion,True,True,2025-06-25,False,False,
DOC009774,SIN02925,fotos,True,True,2025-06-25,False,False,
DOC009775,SIN02925,informe_perito,True,True,2025-06-25,False,False,
DOC009776,SIN02926,factura_reparacion,True,True,2026-01-04,False,False,
DOC009777,SIN02926,fotos,True,True,2026-01-04,False,False,
DOC009778,SIN02926,informe_perito,True,True,2026-01-04,False,False,
DOC009779,SIN02927,factura_reparacion,True,True,2025-09-01,False,False,
DOC009780,SIN02927,fotos,True,True,2025-09-01,False,False,
DOC009781,SIN02927,informe_perito,True,True,2025-09-01,False,False,
DOC009782,SIN02928,factura_reparacion,True,True,2024-06-10,False,False,
DOC009783,SIN02928,fotos,True,True,2024-06-10,False,False,
DOC009784,SIN02928,informe_perito,True,True,2024-06-10,False,False,
DOC009785,SIN02929,factura_reparacion,True,True,2026-01-11,False,False,
DOC009786,SIN02929,fotos,True,True,2026-01-11,False,False,
DOC009787,SIN02929,informe_perito,True,True,2026-01-11,False,False,
DOC009788,SIN02930,factura_reparacion,True,True,2024-02-25,True,False,
DOC009789,SIN02930,fotos,True,True,2024-02-25,True,False,
DOC009790,SIN02930,informe_perito,True,True,2024-02-25,False,False,
DOC009791,SIN02931,factura_reparacion,True,True,2025-10-18,False,False,
DOC009792,SIN02931,fotos,True,True,2025-10-18,False,False,
DOC009793,SIN02931,informe_perito,True,True,2025-10-18,False,False,
DOC009794,SIN02932,factura_reparacion,True,True,2024-08-22,False,False,
DOC009795,SIN02932,fotos,True,True,2024-08-22,False,False,
DOC009796,SIN02932,informe_perito,True,True,2024-08-22,False,False,
DOC009797,SIN02933,factura_reparacion,True,True,2025-07-15,False,False,
DOC009798,SIN02933,fotos,True,True,2025-07-15,False,False,
DOC009799,SIN02933,informe_perito,True,True,2025-07-15,False,False,
DOC009800,SIN02934,factura_reparacion,True,True,2026-06-18,False,False,
DOC009801,SIN02934,fotos,True,True,2026-06-18,False,False,
DOC009802,SIN02934,informe_perito,True,True,2026-06-18,False,False,
DOC009803,SIN02935,factura_reparacion,True,True,2024-09-23,False,False,
DOC009804,SIN02935,fotos,True,True,2024-09-23,False,False,
DOC009805,SIN02935,informe_perito,True,True,2024-09-23,False,False,
DOC009806,SIN02936,factura_reparacion,True,True,2025-02-13,False,False,
DOC009807,SIN02936,fotos,True,True,2025-02-13,False,False,
DOC009808,SIN02936,informe_perito,True,True,2025-02-13,False,False,
DOC009809,SIN02937,factura_reparacion,True,True,2025-10-30,False,False,
DOC009810,SIN02937,fotos,True,True,2025-10-30,False,False,
DOC009811,SIN02937,informe_perito,True,True,2025-10-30,False,False,
DOC009812,SIN02938,factura_reparacion,True,True,2025-06-14,False,False,
DOC009813,SIN02938,fotos,True,True,2025-06-14,False,False,
DOC009814,SIN02938,informe_perito,True,True,2025-06-14,False,False,
DOC009815,SIN02939,factura_reparacion,True,True,2026-01-20,False,False,
DOC009816,SIN02939,fotos,True,True,2026-01-20,False,False,
DOC009817,SIN02939,informe_perito,True,True,2026-01-20,False,False,
DOC009818,SIN02940,factura_reparacion,True,True,2025-09-25,False,False,
DOC009819,SIN02940,fotos,True,True,2025-09-25,False,False,
DOC009820,SIN02940,informe_perito,True,True,2025-09-25,False,False,
DOC009821,SIN02941,factura_reparacion,True,True,2026-06-26,False,False,
DOC009822,SIN02941,fotos,True,True,2026-06-26,False,False,
DOC009823,SIN02941,informe_perito,True,True,2026-06-26,False,False,
DOC009824,SIN02942,factura_reparacion,True,True,2024-09-17,False,False,
DOC009825,SIN02942,fotos,True,True,2024-09-17,False,False,
DOC009826,SIN02942,informe_perito,False,True,2024-09-17,False,False,
DOC009827,SIN02943,factura_reparacion,True,True,2025-02-15,False,False,
DOC009828,SIN02943,fotos,True,True,2025-02-15,False,False,
DOC009829,SIN02943,informe_perito,True,True,2025-02-15,False,False,
DOC009830,SIN02944,factura_reparacion,True,True,2025-11-16,False,False,
DOC009831,SIN02944,fotos,True,True,2025-11-16,False,False,
DOC009832,SIN02944,informe_perito,True,True,2025-11-16,False,False,
DOC009833,SIN02945,factura_reparacion,True,True,2025-10-25,False,False,
DOC009834,SIN02945,fotos,True,True,2025-10-25,False,False,
DOC009835,SIN02945,informe_perito,True,True,2025-10-25,False,False,
DOC009836,SIN02946,factura_reparacion,True,True,2024-09-04,False,False,
DOC009837,SIN02946,fotos,True,True,2024-09-04,False,False,
DOC009838,SIN02946,informe_perito,True,True,2024-09-04,False,False,
DOC009839,SIN02947,factura_reparacion,True,True,2025-04-01,False,False,
DOC009840,SIN02947,fotos,True,True,2025-04-01,False,False,
DOC009841,SIN02947,informe_perito,True,False,2025-04-01,False,False,
DOC009842,SIN02948,factura_reparacion,True,True,2025-04-24,False,False,
DOC009843,SIN02948,fotos,True,False,2025-04-24,False,False,
DOC009844,SIN02948,informe_perito,True,False,2025-04-24,False,False,
DOC009845,SIN02949,factura_reparacion,True,True,2026-02-01,False,False,
DOC009846,SIN02949,fotos,True,True,2026-02-01,False,False,
DOC009847,SIN02949,informe_perito,True,True,2026-02-01,False,False,
DOC009848,SIN02950,factura_reparacion,True,True,2024-03-08,False,False,
DOC009849,SIN02950,fotos,True,True,2024-03-08,True,False,
DOC009850,SIN02950,informe_perito,True,False,2024-03-08,False,False,
DOC009851,SIN02951,factura_reparacion,True,True,2024-12-20,False,False,
DOC009852,SIN02951,fotos,True,True,2024-12-20,False,False,
DOC009853,SIN02951,informe_perito,False,True,2024-12-20,False,False,
DOC009854,SIN02952,factura_reparacion,False,True,2025-10-15,False,False,
DOC009855,SIN02952,fotos,True,True,2025-10-15,False,False,
DOC009856,SIN02952,informe_perito,True,True,2025-10-15,False,False,
DOC009857,SIN02953,factura_reparacion,True,True,2025-02-21,True,True,Alteracion simulada para demo
DOC009858,SIN02953,fotos,True,True,2025-02-21,True,False,
DOC009859,SIN02953,informe_perito,False,True,2025-02-21,False,False,
DOC009860,SIN02954,factura_reparacion,True,True,2025-10-16,False,False,
DOC009861,SIN02954,fotos,True,False,2025-10-16,False,False,
DOC009862,SIN02954,informe_perito,True,True,2025-10-16,False,False,
DOC009863,SIN02955,factura_reparacion,True,True,2025-06-05,False,False,
DOC009864,SIN02955,fotos,True,True,2025-06-05,False,False,
DOC009865,SIN02955,informe_perito,True,True,2025-06-05,False,False,
DOC009866,SIN02956,factura_reparacion,True,True,2024-09-05,False,False,
DOC009867,SIN02956,fotos,True,True,2024-09-05,False,False,
DOC009868,SIN02956,informe_perito,False,False,2024-09-05,False,False,
DOC009869,SIN02957,factura_reparacion,True,True,2025-11-07,False,False,
DOC009870,SIN02957,fotos,True,True,2025-11-07,False,False,
DOC009871,SIN02957,informe_perito,True,True,2025-11-07,False,False,
DOC009872,SIN02958,factura_reparacion,True,True,2024-09-25,False,False,
DOC009873,SIN02958,fotos,True,True,2024-09-25,False,False,
DOC009874,SIN02958,informe_perito,True,True,2024-09-25,False,False,
DOC009875,SIN02959,factura_reparacion,True,True,2024-07-16,False,False,
DOC009876,SIN02959,fotos,True,True,2024-07-16,False,False,
DOC009877,SIN02959,informe_perito,True,True,2024-07-16,False,False,
DOC009878,SIN02960,factura_reparacion,True,True,2025-06-23,False,False,
DOC009879,SIN02960,fotos,True,True,2025-06-23,False,False,
DOC009880,SIN02960,informe_perito,True,True,2025-06-23,False,False,
DOC009881,SIN02961,factura_reparacion,True,True,2024-11-21,False,False,
DOC009882,SIN02961,fotos,True,True,2024-11-21,False,False,
DOC009883,SIN02961,informe_perito,True,True,2024-11-21,False,False,
DOC009884,SIN02962,factura_reparacion,True,True,2025-09-23,False,False,
DOC009885,SIN02962,fotos,True,True,2025-09-23,False,False,
DOC009886,SIN02962,informe_perito,True,True,2025-09-23,False,False,
DOC009887,SIN02963,factura_reparacion,True,True,2026-03-14,False,False,
DOC009888,SIN02963,fotos,True,True,2026-03-14,False,False,
DOC009889,SIN02963,informe_perito,True,True,2026-03-14,False,False,
DOC009890,SIN02964,factura_reparacion,True,True,2024-10-14,False,False,
DOC009891,SIN02964,fotos,True,True,2024-10-14,False,False,
DOC009892,SIN02964,informe_perito,True,True,2024-10-14,False,False,
DOC009893,SIN02965,factura_reparacion,True,True,2026-04-05,False,False,
DOC009894,SIN02965,fotos,True,True,2026-04-05,False,False,
DOC009895,SIN02965,informe_perito,True,True,2026-04-05,False,False,
DOC009896,SIN02966,factura_reparacion,True,True,2025-08-06,False,False,
DOC009897,SIN02966,fotos,True,True,2025-08-06,True,False,
DOC009898,SIN02966,informe_perito,True,True,2025-08-06,False,False,
DOC009899,SIN02967,factura_reparacion,True,True,2025-11-08,False,False,
DOC009900,SIN02967,fotos,True,True,2025-11-08,False,False,
DOC009901,SIN02967,informe_perito,True,True,2025-11-08,False,False,
DOC009902,SIN02968,factura_reparacion,True,True,2024-04-24,False,False,
DOC009903,SIN02968,fotos,True,True,2024-04-24,False,False,
DOC009904,SIN02968,informe_perito,True,True,2024-04-24,False,False,
DOC009905,SIN02969,factura_reparacion,True,True,2025-05-15,False,False,
DOC009906,SIN02969,fotos,True,True,2025-05-15,False,False,
DOC009907,SIN02969,informe_perito,True,True,2025-05-15,False,False,
DOC009908,SIN02970,factura_reparacion,True,True,2025-01-31,False,False,
DOC009909,SIN02970,fotos,True,True,2025-01-31,False,False,
DOC009910,SIN02970,informe_perito,True,True,2025-01-31,False,False,
DOC009911,SIN02971,factura_reparacion,True,True,2024-04-28,False,False,
DOC009912,SIN02971,fotos,True,True,2024-04-28,True,False,
DOC009913,SIN02971,informe_perito,False,True,2024-04-28,False,False,
DOC009914,SIN02972,factura_reparacion,True,True,2025-08-07,True,False,
DOC009915,SIN02972,fotos,True,True,2025-08-07,False,False,
DOC009916,SIN02972,informe_perito,True,True,2025-08-07,True,False,
DOC009917,SIN02973,factura_reparacion,True,True,2025-01-18,False,False,
DOC009918,SIN02973,fotos,True,True,2025-01-18,False,False,
DOC009919,SIN02973,informe_perito,True,True,2025-01-18,False,False,
DOC009920,SIN02974,factura_reparacion,True,True,2026-01-17,False,False,
DOC009921,SIN02974,fotos,True,True,2026-01-17,False,False,
DOC009922,SIN02974,informe_perito,True,True,2026-01-17,False,False,
DOC009923,SIN02975,factura_reparacion,True,True,2025-01-11,False,False,
DOC009924,SIN02975,fotos,True,True,2025-01-11,False,False,
DOC009925,SIN02975,informe_perito,True,True,2025-01-11,False,False,
DOC009926,SIN02976,factura_reparacion,True,True,2024-01-16,False,False,
DOC009927,SIN02976,fotos,True,True,2024-01-16,False,False,
DOC009928,SIN02976,informe_perito,True,True,2024-01-16,False,False,
DOC009929,SIN02977,factura_reparacion,True,True,2025-05-06,False,False,
DOC009930,SIN02977,fotos,True,True,2025-05-06,False,False,
DOC009931,SIN02977,informe_perito,True,True,2025-05-06,False,False,
DOC009932,SIN02978,factura_reparacion,False,True,2024-06-25,True,False,
DOC009933,SIN02978,fotos,False,True,2024-06-25,False,False,
DOC009934,SIN02978,informe_perito,True,True,2024-06-25,False,False,
DOC009935,SIN02979,factura_reparacion,True,True,2024-09-01,False,False,
DOC009936,SIN02979,fotos,True,True,2024-09-01,False,False,
DOC009937,SIN02979,informe_perito,True,True,2024-09-01,False,False,
DOC009938,SIN02980,factura_reparacion,True,True,2025-12-24,False,False,
DOC009939,SIN02980,fotos,False,True,2025-12-24,False,False,
DOC009940,SIN02980,informe_perito,True,True,2025-12-24,False,False,
DOC009941,SIN02981,factura_reparacion,True,True,2024-12-01,False,False,
DOC009942,SIN02981,fotos,True,True,2024-12-01,False,False,
DOC009943,SIN02981,informe_perito,True,True,2024-12-01,False,False,
DOC009944,SIN02982,factura_reparacion,True,True,2026-02-24,False,False,
DOC009945,SIN02982,fotos,True,True,2026-02-24,False,False,
DOC009946,SIN02982,informe_perito,True,True,2026-02-24,False,False,
DOC009947,SIN02983,factura_reparacion,True,True,2025-09-08,False,False,
DOC009948,SIN02983,fotos,True,False,2025-09-08,False,False,
DOC009949,SIN02983,informe_perito,True,False,2025-09-08,False,False,
DOC009950,SIN02984,factura_reparacion,True,True,2024-11-10,False,False,
DOC009951,SIN02984,fotos,True,True,2024-11-10,False,False,
DOC009952,SIN02984,informe_perito,True,True,2024-11-10,False,False,
DOC009953,SIN02985,factura_reparacion,True,True,2025-09-22,False,False,
DOC009954,SIN02985,fotos,True,True,2025-09-22,False,False,
DOC009955,SIN02985,informe_perito,True,True,2025-09-22,False,False,
DOC009956,SIN02986,factura_reparacion,True,True,2025-02-27,False,False,
DOC009957,SIN02986,fotos,True,True,2025-02-27,False,False,
DOC009958,SIN02986,informe_perito,True,True,2025-02-27,False,False,
DOC009959,SIN02987,factura_reparacion,True,True,2024-12-26,False,False,
DOC009960,SIN02987,fotos,True,True,2024-12-26,False,False,
DOC009961,SIN02987,informe_perito,True,True,2024-12-26,False,False,
DOC009962,SIN02988,factura_reparacion,True,True,2024-09-21,False,False,
DOC009963,SIN02988,fotos,True,True,2024-09-21,False,False,
DOC009964,SIN02988,informe_perito,True,True,2024-09-21,False,False,
DOC009965,SIN02989,factura_reparacion,True,True,2026-01-21,False,False,
DOC009966,SIN02989,fotos,True,True,2026-01-21,False,False,
DOC009967,SIN02989,informe_perito,True,True,2026-01-21,False,False,
DOC009968,SIN02990,factura_reparacion,True,True,2025-09-13,False,False,
DOC009969,SIN02990,fotos,True,False,2025-09-13,False,False,
DOC009970,SIN02990,informe_perito,True,True,2025-09-13,False,False,
DOC009971,SIN02991,factura_reparacion,True,True,2025-10-10,True,False,
DOC009972,SIN02991,fotos,True,True,2025-10-10,False,False,
DOC009973,SIN02991,informe_perito,True,True,2025-10-10,False,False,
DOC009974,SIN02992,factura_reparacion,True,True,2025-11-06,False,False,
DOC009975,SIN02992,fotos,True,True,2025-11-06,False,False,
DOC009976,SIN02992,informe_perito,True,True,2025-11-06,False,False,
DOC009977,SIN02993,factura_reparacion,True,True,2025-09-23,False,False,
DOC009978,SIN02993,fotos,True,True,2025-09-23,False,False,
DOC009979,SIN02993,informe_perito,True,True,2025-09-23,False,False,
DOC009980,SIN02994,factura_reparacion,True,True,2024-06-25,False,False,
DOC009981,SIN02994,fotos,True,True,2024-06-25,False,False,
DOC009982,SIN02994,informe_perito,True,True,2024-06-25,False,False,
DOC009983,SIN02995,factura_reparacion,True,True,2025-12-05,False,False,
DOC009984,SIN02995,fotos,True,True,2025-12-05,False,False,
DOC009985,SIN02995,informe_perito,True,True,2025-12-05,False,False,
DOC009986,SIN02996,factura_reparacion,True,False,2024-06-20,False,False,
DOC009987,SIN02996,fotos,True,True,2024-06-20,False,False,
DOC009988,SIN02996,informe_perito,True,True,2024-06-20,False,False,
DOC009989,SIN02997,factura_reparacion,False,True,2024-09-05,False,False,
DOC009990,SIN02997,fotos,True,True,2024-09-05,False,False,
DOC009991,SIN02997,informe_perito,False,True,2024-09-05,False,False,
DOC009992,SIN02998,factura_reparacion,True,True,2025-06-30,False,False,
DOC009993,SIN02998,fotos,True,True,2025-06-30,False,False,
DOC009994,SIN02998,informe_perito,True,True,2025-06-30,False,False,
DOC009995,SIN02999,factura_reparacion,True,True,2025-06-10,False,False,
DOC009996,SIN02999,fotos,True,True,2025-06-10,False,False,
DOC009997,SIN02999,informe_perito,True,True,2025-06-10,False,False,
DOC009998,SIN03000,factura_reparacion,True,True,2025-11-12,False,False,
DOC009999,SIN03000,fotos,True,True,2025-11-12,False,False,
DOC010000,SIN03000,informe_perito,True,True,2025-11-12,False,False,
