id_poliza,id_asegurado,ramo,fecha_inicio,fecha_fin,prima,suma_asegurada,deducible,canal_venta,ciudad,estado_poliza
POL00001,ASE01523,Vehiculos,2025-06-17,2026-06-17,2132.36,60181.46,3812.43,Agente,Santo Domingo,Vigente
POL00002,ASE00264,Vehiculos,2024-01-20,2025-01-19,2546.32,56962.44,4530.98,Digital,Quito,Vigente
POL00003,ASE01490,Vehiculos,2024-01-08,2025-01-07,4644.72,63969.39,2902.33,Agente,Manta,Vigente
POL00004,ASE01133,Vehiculos,2024-09-08,2025-09-08,1031.4,31511.81,1075.36,Agente,Cuenca,Vigente
POL00005,ASE00107,Vehiculos,2024-07-18,2025-07-18,509.86,17150.28,252.39,Agente,Loja,Vigente
POL00006,ASE01431,Vehiculos,2024-05-14,2025-05-14,1642.92,20721.88,1510.37,Digital,Loja,Vigente
POL00007,ASE01366,Vehiculos,2024-06-02,2025-06-02,1200.31,17660.17,880.15,Broker,Santo Domingo,Vigente
POL00008,ASE01650,Vehiculos,2024-12-15,2025-12-15,1318.1,64555.5,2747.47,Banca seguros,Santo Domingo,Vigente
POL00009,ASE00039,Vehiculos,2024-06-05,2025-06-05,868.28,18656.55,469.61,Digital,Manta,Vigente
POL00010,ASE01652,Vehiculos,2024-02-21,2025-02-20,4110.78,53418.82,3766.6,Agente,Guayaquil,Vigente
POL00011,ASE00614,Vehiculos,2025-04-04,2026-04-04,2033.86,30321.24,921.38,Banca seguros,Quito,Vigente
POL00012,ASE00923,Vehiculos,2025-07-16,2026-07-16,590.36,29110.4,2257.65,Agente,Santo Domingo,Vigente
POL00013,ASE00744,Vehiculos,2024-02-29,2025-02-28,4277.85,58819.86,1075.03,Digital,Quito,Vigente
POL00014,ASE01411,Vehiculos,2025-04-26,2026-04-26,295.77,13096.93,698.19,Banca seguros,Santo Domingo,Vigente
POL00015,ASE01021,Vehiculos,2024-10-21,2025-10-21,882.22,23902.57,1806.71,Digital,Manta,Vigente
POL00016,ASE00878,Vehiculos,2024-02-01,2025-01-31,547.05,25021.42,1128.02,Banca seguros,Ambato,Vigente
POL00017,ASE00094,Vehiculos,2025-03-05,2026-03-05,729.22,28502.8,450.88,Digital,Manta,Vigente
POL00018,ASE01632,Vehiculos,2024-06-27,2025-06-27,512.51,15457.11,529.58,Agente,Cuenca,Cancelada
POL00019,ASE00423,Vehiculos,2024-06-09,2025-06-09,304.87,8884.88,635.62,Digital,Manta,Vigente
POL00020,ASE01039,Vehiculos,2024-09-04,2025-09-04,1550.59,23940.7,596.5,Digital,Loja,Vigente
POL00021,ASE00691,Vehiculos,2024-11-26,2025-11-26,1012.71,21040.69,1091.02,Agente,Manta,Vigente
POL00022,ASE00549,Vehiculos,2024-11-07,2025-11-07,1868.74,54275.34,3063.0,Agente,Santo Domingo,Vigente
POL00023,ASE00507,Vehiculos,2025-08-18,2026-08-18,3934.69,57320.29,1994.35,Digital,Manta,Vigente
POL00024,ASE00294,Vehiculos,2025-05-20,2026-05-20,2737.08,53247.41,3110.69,Broker,Portoviejo,Vigente
POL00025,ASE01440,Vehiculos,2024-08-12,2025-08-12,2920.37,60288.29,2642.52,Broker,Loja,Vigente
POL00026,ASE01626,Vehiculos,2025-04-11,2026-04-11,1350.66,26608.36,724.21,Broker,Loja,Vigente
POL00027,ASE01241,Vehiculos,2025-08-08,2026-08-08,2216.5,46852.35,3161.24,Broker,Manta,Vigente
POL00028,ASE00796,Vehiculos,2025-08-22,2026-08-22,547.78,17666.43,1246.89,Banca seguros,Cuenca,Vigente
POL00029,ASE00685,Vehiculos,2024-04-06,2025-04-06,1546.17,33644.17,486.53,Broker,Guayaquil,Vigente
POL00030,ASE01281,Vehiculos,2024-09-28,2025-09-28,1471.06,22940.63,923.41,Digital,Loja,Vigente
POL00031,ASE01101,Vehiculos,2025-09-29,2026-09-29,2548.09,49462.82,1852.07,Agente,Loja,Vigente
POL00032,ASE01308,Vehiculos,2024-02-04,2025-02-03,2588.16,52449.97,1135.5,Digital,Ambato,Vigente
POL00033,ASE01168,Vehiculos,2024-11-17,2025-11-17,2032.91,59021.03,4390.14,Banca seguros,Manta,Vigente
POL00034,ASE01484,Vehiculos,2025-07-30,2026-07-30,1547.39,21743.05,670.65,Broker,Portoviejo,Vigente
POL00035,ASE01172,Vehiculos,2024-09-13,2025-09-13,2087.61,40154.93,2599.91,Agente,Guayaquil,Vigente
POL00036,ASE01254,Vehiculos,2024-12-29,2025-12-29,594.79,25243.52,1984.33,Agente,Portoviejo,Vigente
POL00037,ASE00583,Vehiculos,2025-04-18,2026-04-18,3182.2,41069.74,518.51,Banca seguros,Loja,Cancelada
POL00038,ASE00712,Vehiculos,2024-02-09,2025-02-08,822.15,21359.94,1303.06,Digital,Guayaquil,Vigente
POL00039,ASE01326,Vehiculos,2025-08-16,2026-08-16,680.52,20328.25,1433.98,Agente,Portoviejo,Vigente
POL00040,ASE00207,Vehiculos,2024-06-19,2025-06-19,1855.91,58557.03,2653.84,Agente,Cuenca,Vigente
POL00041,ASE01267,Vehiculos,2024-08-09,2025-08-09,756.02,37022.9,1678.12,Banca seguros,Santo Domingo,Vigente
POL00042,ASE00044,Vehiculos,2024-11-15,2025-11-15,3476.56,54082.05,1752.79,Banca seguros,Portoviejo,Vigente
POL00043,ASE01466,Vehiculos,2024-07-18,2025-07-18,2689.67,52299.73,873.02,Agente,Manta,Vigente
POL00044,ASE00184,Vehiculos,2025-08-19,2026-08-19,2401.53,32286.7,1768.77,Agente,Portoviejo,Vigente
POL00045,ASE01316,Vehiculos,2024-04-23,2025-04-23,1346.23,53610.18,1654.83,Banca seguros,Quito,Vigente
POL00046,ASE00731,Vehiculos,2025-06-18,2026-06-18,930.36,12753.88,605.49,Agente,Manta,Vigente
POL00047,ASE01509,Vehiculos,2024-11-06,2025-11-06,613.76,23006.31,389.34,Broker,Manta,Vigente
POL00048,ASE00344,Vehiculos,2024-03-30,2025-03-30,1822.23,23133.22,1501.16,Broker,Portoviejo,Vigente
POL00049,ASE01386,Vehiculos,2024-04-02,2025-04-02,3359.74,60517.42,2860.03,Banca seguros,Manta,Vigente
POL00050,ASE01430,Vehiculos,2024-12-15,2025-12-15,2103.23,47517.97,1525.42,Agente,Manta,Vigente
POL00051,ASE01334,Vehiculos,2025-02-23,2026-02-23,1154.98,57983.87,2098.58,Banca seguros,Quito,Vigente
POL00052,ASE00267,Vehiculos,2025-03-12,2026-03-12,768.94,15515.41,1198.58,Digital,Loja,Vigente
POL00053,ASE00304,Vehiculos,2024-06-05,2025-06-05,2408.96,62933.02,839.2,Agente,Quito,Vigente
POL00054,ASE00369,Vehiculos,2025-07-04,2026-07-04,2133.89,31754.43,1423.74,Broker,Portoviejo,Vigente
POL00055,ASE00038,Vehiculos,2024-09-23,2025-09-23,1227.17,37046.77,1449.97,Agente,Ambato,Vigente
POL00056,ASE00332,Vehiculos,2025-04-19,2026-04-19,742.67,24705.63,1675.44,Agente,Santo Domingo,Vigente
POL00057,ASE00645,Vehiculos,2025-08-09,2026-08-09,1134.26,27959.81,1934.44,Digital,Santo Domingo,Vigente
POL00058,ASE01122,Vehiculos,2024-09-18,2025-09-18,538.88,8606.41,326.68,Agente,Loja,Vigente
POL00059,ASE01185,Vehiculos,2025-02-07,2026-02-07,954.75,21835.67,1588.42,Digital,Portoviejo,Vigente
POL00060,ASE00433,Vehiculos,2025-01-22,2026-01-22,1222.29,58756.21,1312.05,Broker,Cuenca,Vigente
POL00061,ASE01093,Vehiculos,2024-12-12,2025-12-12,922.79,48119.03,705.19,Agente,Portoviejo,Vigente
POL00062,ASE00787,Vehiculos,2025-01-23,2026-01-23,2091.43,29499.29,818.95,Digital,Guayaquil,Vigente
POL00063,ASE01441,Vehiculos,2025-01-11,2026-01-11,2792.01,62620.08,3681.18,Broker,Manta,Vigente
POL00064,ASE01470,Vehiculos,2024-06-02,2025-06-02,3680.8,48416.6,2645.65,Digital,Loja,Vigente
POL00065,ASE00643,Vehiculos,2025-01-30,2026-01-30,301.59,12091.62,751.59,Digital,Guayaquil,Vigente
POL00066,ASE00776,Vehiculos,2025-05-09,2026-05-09,275.47,14762.52,937.75,Digital,Cuenca,Cancelada
POL00067,ASE01221,Vehiculos,2025-05-27,2026-05-27,849.93,10653.58,346.41,Banca seguros,Ambato,Vigente
POL00068,ASE01042,Vehiculos,2025-02-20,2026-02-20,3455.54,43636.13,2432.57,Banca seguros,Guayaquil,Vigente
POL00069,ASE01457,Vehiculos,2024-03-15,2025-03-15,3129.67,64595.45,2346.54,Digital,Ambato,Vigente
POL00070,ASE01583,Vehiculos,2024-09-12,2025-09-12,1236.18,49364.71,3567.29,Agente,Loja,Cancelada
POL00071,ASE00555,Vehiculos,2025-02-24,2026-02-24,4782.89,63486.06,2571.24,Agente,Portoviejo,Cancelada
POL00072,ASE00226,Vehiculos,2025-08-23,2026-08-23,3155.79,64664.03,2683.35,Agente,Cuenca,Vigente
POL00073,ASE00497,Vehiculos,2025-02-18,2026-02-18,274.18,14528.67,507.75,Broker,Cuenca,Vigente
POL00074,ASE01295,Vehiculos,2024-01-18,2025-01-17,2743.23,57541.48,2053.48,Banca seguros,Guayaquil,Vigente
POL00075,ASE01317,Vehiculos,2024-04-25,2025-04-25,1481.13,21054.54,1059.54,Agente,Manta,Vigente
POL00076,ASE00345,Vehiculos,2025-04-30,2026-04-30,729.36,25164.8,951.04,Agente,Ambato,Vigente
POL00077,ASE00617,Vehiculos,2024-11-17,2025-11-17,1815.88,41267.85,1721.93,Broker,Portoviejo,Vigente
POL00078,ASE00991,Vehiculos,2025-09-12,2026-09-12,3408.25,63635.13,2733.25,Digital,Ambato,Vigente
POL00079,ASE00636,Vehiculos,2025-04-19,2026-04-19,2070.5,39201.62,2327.88,Banca seguros,Guayaquil,Vigente
POL00080,ASE00994,Vehiculos,2025-09-09,2026-09-09,547.32,16490.94,699.84,Digital,Manta,Vigente
POL00081,ASE01324,Vehiculos,2025-05-29,2026-05-29,767.5,10000.68,774.53,Agente,Santo Domingo,Vigente
POL00082,ASE01212,Vehiculos,2025-09-24,2026-09-24,1155.02,23219.6,1071.34,Broker,Santo Domingo,Vigente
POL00083,ASE01279,Vehiculos,2024-11-21,2025-11-21,2606.23,33652.14,622.37,Agente,Manta,Vigente
POL00084,ASE01627,Vehiculos,2025-07-15,2026-07-15,1183.98,26880.96,1186.07,Broker,Loja,Vigente
POL00085,ASE01109,Vehiculos,2024-10-10,2025-10-10,3020.58,43053.68,1291.83,Broker,Loja,Vigente
POL00086,ASE01495,Vehiculos,2025-09-22,2026-09-22,3996.77,60697.51,4235.23,Broker,Manta,Vigente
POL00087,ASE01463,Vehiculos,2025-04-02,2026-04-02,1558.04,32576.43,1167.09,Digital,Manta,Vigente
POL00088,ASE01506,Vehiculos,2025-02-07,2026-02-07,1391.83,48695.68,2366.63,Digital,Guayaquil,Vigente
POL00089,ASE00060,Vehiculos,2025-04-21,2026-04-21,2169.07,54286.74,3307.97,Agente,Portoviejo,Vigente
POL00090,ASE01269,Vehiculos,2024-01-06,2025-01-05,1839.65,51223.98,3336.76,Agente,Cuenca,Vigente
POL00091,ASE01272,Vehiculos,2024-11-01,2025-11-01,859.05,12681.15,240.62,Banca seguros,Loja,Vigente
POL00092,ASE01652,Vehiculos,2024-07-05,2025-07-05,586.15,10572.22,766.31,Banca seguros,Guayaquil,Vigente
POL00093,ASE01309,Vehiculos,2025-03-15,2026-03-15,3270.27,44693.51,461.21,Banca seguros,Portoviejo,Vigente
POL00094,ASE00074,Vehiculos,2025-08-30,2026-08-30,1452.32,57688.58,2098.12,Banca seguros,Quito,Vigente
POL00095,ASE00858,Vehiculos,2025-02-14,2026-02-14,2360.28,34836.18,2763.49,Broker,Loja,Vigente
POL00096,ASE00438,Vehiculos,2024-06-08,2025-06-08,2087.47,51059.56,3711.88,Broker,Cuenca,Vigente
POL00097,ASE01514,Vehiculos,2024-08-08,2025-08-08,3561.72,47174.56,878.49,Banca seguros,Cuenca,Vigente
POL00098,ASE01225,Vehiculos,2024-01-12,2025-01-11,2371.21,45446.35,868.2,Agente,Ambato,Vigente
POL00099,ASE00089,Vehiculos,2025-09-02,2026-09-02,2658.72,34994.21,2583.99,Broker,Guayaquil,Vigente
POL00100,ASE01243,Vehiculos,2024-11-24,2025-11-24,4524.4,58570.42,2670.79,Digital,Santo Domingo,Vigente
POL00101,ASE00448,Vehiculos,2025-04-26,2026-04-26,1410.48,23333.27,1761.92,Digital,Portoviejo,Vigente
POL00102,ASE00841,Vehiculos,2025-03-13,2026-03-13,740.78,25402.68,1260.59,Banca seguros,Portoviejo,Vigente
POL00103,ASE01124,Vehiculos,2024-09-14,2025-09-14,1831.96,63607.06,1292.24,Banca seguros,Portoviejo,Vigente
POL00104,ASE00264,Vehiculos,2025-04-24,2026-04-24,982.86,40800.71,1856.22,Digital,Quito,Vigente
POL00105,ASE01485,Vehiculos,2025-06-09,2026-06-09,746.81,11044.73,576.52,Agente,Guayaquil,Vigente
POL00106,ASE00076,Vehiculos,2024-05-21,2025-05-21,2596.8,48648.96,1763.82,Broker,Santo Domingo,Vigente
POL00107,ASE00453,Vehiculos,2024-12-09,2025-12-09,4728.13,59942.87,2902.32,Agente,Cuenca,Vigente
POL00108,ASE01089,Vehiculos,2024-10-04,2025-10-04,2189.05,54625.16,1324.51,Agente,Ambato,Vigente
POL00109,ASE01272,Vehiculos,2024-02-18,2025-02-17,1586.34,26938.8,277.15,Digital,Loja,Vigente
POL00110,ASE00743,Vehiculos,2024-01-28,2025-01-27,2565.74,55236.2,2214.8,Agente,Loja,Vigente
POL00111,ASE00568,Vehiculos,2025-02-18,2026-02-18,274.04,11124.56,116.05,Agente,Portoviejo,Vigente
POL00112,ASE00199,Vehiculos,2024-07-11,2025-07-11,1166.09,31325.34,1544.16,Banca seguros,Loja,Vigente
POL00113,ASE00063,Vehiculos,2024-11-21,2025-11-21,2132.0,27162.05,889.81,Banca seguros,Santo Domingo,Vigente
POL00114,ASE01669,Vehiculos,2024-08-26,2025-08-26,2324.33,31179.78,1513.92,Broker,Quito,Vigente
POL00115,ASE01598,Vehiculos,2025-09-24,2026-09-24,2982.73,61123.97,2639.82,Banca seguros,Santo Domingo,Vigente
POL00116,ASE01530,Vehiculos,2025-04-08,2026-04-08,667.84,14623.32,1120.0,Banca seguros,Quito,Vigente
POL00117,ASE01298,Vehiculos,2025-09-28,2026-09-28,1528.86,36307.66,870.03,Digital,Ambato,Vigente
POL00118,ASE01496,Vehiculos,2025-07-13,2026-07-13,2980.96,63731.55,1425.92,Broker,Santo Domingo,Vigente
POL00119,ASE01198,Vehiculos,2025-07-31,2026-07-31,1016.38,27930.36,678.46,Banca seguros,Cuenca,Vigente
POL00120,ASE00882,Vehiculos,2025-07-12,2026-07-12,2438.87,36026.63,2772.06,Agente,Cuenca,Vigente
POL00121,ASE00766,Vehiculos,2025-07-20,2026-07-20,322.52,10582.57,276.25,Agente,Loja,Vigente
POL00122,ASE01060,Vehiculos,2024-01-27,2025-01-26,1303.45,24786.88,1163.68,Agente,Guayaquil,Vigente
POL00123,ASE01527,Vehiculos,2024-10-30,2025-10-30,2032.39,26472.48,2114.92,Digital,Loja,Vigente
POL00124,ASE01686,Vehiculos,2024-11-29,2025-11-29,3930.77,61650.59,1701.34,Broker,Portoviejo,Vigente
POL00125,ASE00685,Vehiculos,2024-12-01,2025-12-01,884.54,11660.07,214.39,Broker,Guayaquil,Vigente
POL00126,ASE01448,Vehiculos,2025-02-22,2026-02-22,991.1,32577.8,776.15,Banca seguros,Guayaquil,Vigente
POL00127,ASE00110,Vehiculos,2024-01-11,2025-01-10,985.73,27782.82,1174.84,Digital,Ambato,Vigente
POL00128,ASE00703,Vehiculos,2024-02-19,2025-02-18,1125.28,52662.51,1620.97,Broker,Loja,Vigente
POL00129,ASE00432,Vehiculos,2025-03-23,2026-03-23,3371.48,48283.03,856.49,Digital,Santo Domingo,Vigente
POL00130,ASE00755,Vehiculos,2024-12-16,2025-12-16,1652.57,34886.33,2687.97,Digital,Santo Domingo,Vigente
POL00131,ASE00524,Vehiculos,2024-01-31,2025-01-30,727.86,14731.0,290.67,Broker,Loja,Vigente
POL00132,ASE00866,Vehiculos,2025-07-12,2026-07-12,1738.99,48292.47,3150.38,Banca seguros,Quito,Cancelada
POL00133,ASE01679,Vehiculos,2025-08-13,2026-08-13,514.41,16664.42,941.91,Digital,Quito,Vigente
POL00134,ASE00888,Vehiculos,2025-09-04,2026-09-04,2860.99,55932.8,4437.57,Banca seguros,Santo Domingo,Vigente
POL00135,ASE00006,Vehiculos,2024-04-20,2025-04-20,2318.57,63797.23,2576.76,Digital,Cuenca,Vigente
POL00136,ASE01329,Vehiculos,2024-02-28,2025-02-27,4249.9,54397.63,4067.8,Banca seguros,Santo Domingo,Vigente
POL00137,ASE01550,Vehiculos,2024-09-15,2025-09-15,614.91,33881.78,1969.82,Broker,Cuenca,Vigente
POL00138,ASE00002,Vehiculos,2025-03-05,2026-03-05,1233.24,18401.21,915.7,Broker,Portoviejo,Vigente
POL00139,ASE01163,Vehiculos,2025-01-30,2026-01-30,2018.27,36281.01,1937.89,Agente,Loja,Vigente
POL00140,ASE00369,Vehiculos,2024-12-20,2025-12-20,4741.96,59858.71,4555.86,Broker,Portoviejo,Cancelada
POL00141,ASE00891,Vehiculos,2024-04-27,2025-04-27,801.74,17781.63,1149.2,Agente,Santo Domingo,Vigente
POL00142,ASE00165,Vehiculos,2025-04-04,2026-04-04,1290.47,17331.63,1003.0,Broker,Loja,Vigente
POL00143,ASE01040,Vehiculos,2024-03-31,2025-03-31,2159.93,31516.9,988.31,Agente,Manta,Vigente
POL00144,ASE01668,Vehiculos,2025-03-16,2026-03-16,3559.01,48162.54,1961.13,Digital,Portoviejo,Vigente
POL00145,ASE00067,Vehiculos,2025-04-19,2026-04-19,2209.32,33456.22,2542.73,Agente,Guayaquil,Vigente
POL00146,ASE01113,Vehiculos,2024-04-24,2025-04-24,3096.77,64638.63,3953.8,Agente,Manta,Vigente
POL00147,ASE00218,Vehiculos,2025-04-09,2026-04-09,2105.18,36446.82,1106.37,Digital,Santo Domingo,Vigente
POL00148,ASE00281,Vehiculos,2025-03-11,2026-03-11,1857.68,26023.82,576.32,Banca seguros,Portoviejo,Vigente
POL00149,ASE00260,Vehiculos,2025-08-22,2026-08-22,3849.15,51375.16,2563.03,Banca seguros,Santo Domingo,Vigente
POL00150,ASE01681,Vehiculos,2024-06-26,2025-06-26,2667.27,36459.56,602.01,Digital,Cuenca,Vigente
POL00151,ASE01086,Vehiculos,2024-01-21,2025-01-20,3300.78,46339.42,2457.04,Digital,Cuenca,Vigente
POL00152,ASE00285,Vehiculos,2024-01-01,2024-12-31,2052.56,36733.7,2413.19,Digital,Ambato,Vigente
POL00153,ASE00322,Vehiculos,2024-03-09,2025-03-09,1671.14,61462.94,2627.35,Banca seguros,Quito,Vigente
POL00154,ASE00606,Vehiculos,2024-04-21,2025-04-21,3227.89,52141.76,892.08,Agente,Cuenca,Vigente
POL00155,ASE01323,Vehiculos,2024-03-06,2025-03-06,3154.41,44196.33,2314.33,Agente,Cuenca,Vigente
POL00156,ASE01629,Vehiculos,2024-02-12,2025-02-11,2346.55,33900.2,2261.45,Broker,Quito,Vigente
POL00157,ASE00620,Vehiculos,2025-01-26,2026-01-26,1338.53,47017.21,907.72,Banca seguros,Santo Domingo,Vigente
POL00158,ASE00503,Vehiculos,2025-03-31,2026-03-31,2048.34,37056.04,1500.16,Digital,Cuenca,Vigente
POL00159,ASE01008,Vehiculos,2024-09-22,2025-09-22,3198.99,64222.94,3063.68,Digital,Loja,Vigente
POL00160,ASE00048,Vehiculos,2025-07-06,2026-07-06,900.02,12336.89,365.02,Digital,Guayaquil,Vigente
POL00161,ASE01504,Vehiculos,2025-01-14,2026-01-14,4492.05,64132.62,4575.93,Banca seguros,Cuenca,Vigente
POL00162,ASE00314,Vehiculos,2024-09-18,2025-09-18,4219.83,64143.9,1501.07,Banca seguros,Loja,Vigente
POL00163,ASE00951,Vehiculos,2024-02-07,2025-02-06,919.44,42000.93,1608.87,Agente,Guayaquil,Vigente
POL00164,ASE01033,Vehiculos,2025-01-30,2026-01-30,342.83,13575.74,276.36,Agente,Santo Domingo,Vigente
POL00165,ASE00609,Vehiculos,2024-09-21,2025-09-21,640.71,29615.84,1946.25,Agente,Portoviejo,Vigente
POL00166,ASE01268,Vehiculos,2025-02-08,2026-02-08,2153.94,59804.91,2614.53,Agente,Cuenca,Vigente
POL00167,ASE01392,Vehiculos,2024-09-07,2025-09-07,1721.23,31243.48,622.53,Digital,Guayaquil,Vigente
POL00168,ASE00842,Vehiculos,2024-01-10,2025-01-09,760.56,18729.64,867.93,Broker,Santo Domingo,Vigente
POL00169,ASE00190,Vehiculos,2024-08-25,2025-08-25,1087.74,16285.06,256.03,Broker,Portoviejo,Vigente
POL00170,ASE01336,Vehiculos,2025-05-28,2026-05-28,4954.93,63982.96,1265.93,Broker,Ambato,Vigente
POL00171,ASE00042,Vehiculos,2024-10-10,2025-10-10,3862.62,60483.57,2671.84,Banca seguros,Santo Domingo,Vigente
POL00172,ASE00826,Vehiculos,2024-08-27,2025-08-27,877.22,12891.86,778.79,Agente,Guayaquil,Vigente
POL00173,ASE00581,Vehiculos,2025-04-11,2026-04-11,4260.7,58919.81,1662.09,Digital,Quito,Vigente
POL00174,ASE00841,Vehiculos,2024-08-22,2025-08-22,2673.91,55792.24,1026.84,Broker,Portoviejo,Vigente
POL00175,ASE00649,Vehiculos,2024-11-09,2025-11-09,2554.7,44856.91,655.69,Broker,Loja,Vigente
POL00176,ASE00360,Vehiculos,2025-05-23,2026-05-23,1871.6,23508.99,404.99,Broker,Manta,Vigente
POL00177,ASE00051,Vehiculos,2025-02-21,2026-02-21,2515.89,64428.3,3603.42,Broker,Manta,Vigente
POL00178,ASE01628,Vehiculos,2025-06-13,2026-06-13,1271.45,32310.33,771.69,Broker,Loja,Vigente
POL00179,ASE00739,Vehiculos,2024-04-27,2025-04-27,1719.8,56021.61,2657.55,Agente,Cuenca,Vigente
POL00180,ASE01255,Vehiculos,2024-08-08,2025-08-08,1710.14,38227.59,433.65,Agente,Santo Domingo,Vigente
POL00181,ASE01314,Vehiculos,2024-04-03,2025-04-03,466.79,13969.65,1041.52,Broker,Cuenca,Vigente
POL00182,ASE00729,Vehiculos,2024-10-11,2025-10-11,1854.56,54513.3,1775.19,Digital,Loja,Vigente
POL00183,ASE00742,Vehiculos,2025-03-26,2026-03-26,2372.14,44893.97,2668.95,Banca seguros,Manta,Vigente
POL00184,ASE01334,Vehiculos,2025-03-30,2026-03-30,2032.05,60298.64,4004.04,Banca seguros,Quito,Vigente
POL00185,ASE01508,Vehiculos,2024-01-29,2025-01-28,3507.68,47544.65,2901.63,Broker,Quito,Vigente
POL00186,ASE01348,Vehiculos,2024-12-13,2025-12-13,1380.19,17513.07,1370.69,Digital,Portoviejo,Vigente
POL00187,ASE00591,Vehiculos,2024-06-22,2025-06-22,907.03,34556.13,809.13,Banca seguros,Guayaquil,Vigente
POL00188,ASE00924,Vehiculos,2024-05-15,2025-05-15,2385.51,45726.27,2801.68,Agente,Manta,Vigente
POL00189,ASE00111,Vehiculos,2024-04-10,2025-04-10,2105.32,39356.9,1716.29,Digital,Santo Domingo,Vigente
POL00190,ASE00003,Vehiculos,2024-02-20,2025-02-19,546.2,8078.24,644.98,Broker,Manta,Vigente
POL00191,ASE00132,Vehiculos,2025-05-19,2026-05-19,1064.46,56325.7,1848.68,Broker,Guayaquil,Vigente
POL00192,ASE00779,Vehiculos,2024-12-24,2025-12-24,3718.43,55987.86,1504.86,Agente,Manta,Vigente
POL00193,ASE01357,Vehiculos,2024-07-23,2025-07-23,306.92,15201.19,692.2,Banca seguros,Cuenca,Vigente
POL00194,ASE00176,Vehiculos,2025-02-06,2026-02-06,992.05,26358.56,289.15,Agente,Quito,Vigente
POL00195,ASE00130,Vehiculos,2025-01-05,2026-01-05,2675.24,44249.86,2313.72,Banca seguros,Guayaquil,Vigente
POL00196,ASE01058,Vehiculos,2025-05-21,2026-05-21,912.48,14400.62,1020.34,Digital,Cuenca,Vigente
POL00197,ASE01594,Vehiculos,2024-09-17,2025-09-17,1873.66,28441.69,818.43,Digital,Portoviejo,Vigente
POL00198,ASE00663,Vehiculos,2025-03-30,2026-03-30,692.22,38347.3,2214.53,Agente,Guayaquil,Cancelada
POL00199,ASE00074,Vehiculos,2024-04-09,2025-04-09,411.5,14293.54,879.92,Digital,Quito,Vigente
POL00200,ASE01018,Vehiculos,2025-04-06,2026-04-06,959.01,29188.52,329.9,Broker,Quito,Vigente
POL00201,ASE00219,Vehiculos,2025-03-28,2026-03-28,619.42,9458.09,599.0,Agente,Ambato,Vigente
POL00202,ASE00294,Vehiculos,2024-02-04,2025-02-03,842.79,10689.31,440.19,Banca seguros,Portoviejo,Vigente
POL00203,ASE01311,Vehiculos,2024-11-05,2025-11-05,1093.47,38830.87,2898.42,Agente,Guayaquil,Vigente
POL00204,ASE00208,Vehiculos,2025-01-09,2026-01-09,2505.34,63631.49,2676.86,Agente,Manta,Vigente
POL00205,ASE00142,Vehiculos,2025-08-01,2026-08-01,943.53,20127.65,779.57,Banca seguros,Cuenca,Vigente
POL00206,ASE00010,Vehiculos,2024-11-24,2025-11-24,2181.29,37853.88,664.7,Digital,Ambato,Vigente
POL00207,ASE01426,Vehiculos,2024-10-28,2025-10-28,1481.05,25080.44,1557.91,Broker,Guayaquil,Vigente
POL00208,ASE00129,Vehiculos,2024-08-27,2025-08-27,1501.25,43882.63,1059.85,Banca seguros,Guayaquil,Vigente
POL00209,ASE00389,Vehiculos,2024-09-27,2025-09-27,3892.49,55629.23,1520.95,Agente,Portoviejo,Vigente
POL00210,ASE00307,Vehiculos,2025-06-06,2026-06-06,3790.03,58603.61,2475.49,Agente,Santo Domingo,Vigente
POL00211,ASE01059,Vehiculos,2025-06-02,2026-06-02,2540.63,41630.84,2245.09,Agente,Guayaquil,Vigente
POL00212,ASE00115,Vehiculos,2024-12-05,2025-12-05,4345.71,59659.91,2784.19,Broker,Santo Domingo,Vigente
POL00213,ASE00348,Vehiculos,2024-03-07,2025-03-07,3127.08,52510.77,4047.84,Broker,Guayaquil,Vigente
POL00214,ASE01226,Vehiculos,2025-04-19,2026-04-19,1583.72,25010.78,1968.75,Agente,Manta,Vigente
POL00215,ASE01222,Vehiculos,2024-03-07,2025-03-07,3042.97,64424.55,3111.81,Digital,Manta,Vigente
POL00216,ASE01425,Vehiculos,2024-07-18,2025-07-18,4051.05,51356.68,3829.5,Agente,Guayaquil,Vigente
POL00217,ASE00852,Vehiculos,2025-02-10,2026-02-10,1014.74,29265.48,544.05,Digital,Ambato,Vigente
POL00218,ASE00769,Vehiculos,2024-06-16,2025-06-16,1951.21,49261.89,1562.08,Banca seguros,Cuenca,Vigente
POL00219,ASE00723,Vehiculos,2024-04-27,2025-04-27,2194.25,61635.2,4293.34,Agente,Loja,Vigente
POL00220,ASE01293,Vehiculos,2024-08-30,2025-08-30,2162.44,34438.48,2319.8,Broker,Santo Domingo,Vigente
POL00221,ASE00091,Vehiculos,2024-05-16,2025-05-16,3800.43,48217.65,1526.91,Digital,Santo Domingo,Vigente
POL00222,ASE00110,Vehiculos,2024-01-14,2025-01-13,4328.87,54428.9,2100.26,Banca seguros,Ambato,Cancelada
POL00223,ASE01473,Vehiculos,2025-06-24,2026-06-24,2714.64,57991.98,1946.64,Digital,Manta,Vigente
POL00224,ASE00929,Vehiculos,2024-09-15,2025-09-15,569.73,17906.31,664.02,Digital,Manta,Vigente
POL00225,ASE01539,Vehiculos,2025-04-05,2026-04-05,2505.9,39042.31,1632.68,Banca seguros,Santo Domingo,Vigente
POL00226,ASE00510,Vehiculos,2025-08-16,2026-08-16,1556.26,25317.74,1249.39,Agente,Guayaquil,Vigente
POL00227,ASE01113,Vehiculos,2025-04-04,2026-04-04,3345.53,42042.12,1309.69,Agente,Manta,Vigente
POL00228,ASE00238,Vehiculos,2025-04-06,2026-04-06,3635.24,47890.14,2086.08,Agente,Cuenca,Vigente
POL00229,ASE01566,Vehiculos,2025-05-15,2026-05-15,1589.15,44164.31,2391.65,Banca seguros,Cuenca,Vigente
POL00230,ASE01385,Vehiculos,2024-03-02,2025-03-02,844.48,39014.67,1430.57,Agente,Loja,Vigente
POL00231,ASE00063,Vehiculos,2024-05-21,2025-05-21,2637.24,46232.57,2519.45,Digital,Santo Domingo,Vigente
POL00232,ASE00411,Vehiculos,2024-11-23,2025-11-23,1166.98,58581.02,4222.19,Digital,Manta,Vigente
POL00233,ASE01616,Vehiculos,2025-02-15,2026-02-15,456.31,16742.24,168.4,Broker,Quito,Vigente
POL00234,ASE00133,Vehiculos,2024-11-09,2025-11-09,2297.18,32673.11,1764.35,Broker,Loja,Vigente
POL00235,ASE01587,Vehiculos,2024-11-05,2025-11-05,2788.47,46891.21,896.09,Broker,Portoviejo,Vigente
POL00236,ASE01568,Vehiculos,2024-03-03,2025-03-03,1163.97,57909.19,3353.83,Broker,Guayaquil,Vigente
POL00237,ASE01359,Vehiculos,2024-08-15,2025-08-15,2871.32,54752.12,825.84,Broker,Portoviejo,Vigente
POL00238,ASE01636,Vehiculos,2024-05-31,2025-05-31,1818.66,25876.95,1556.76,Digital,Loja,Vigente
POL00239,ASE00404,Vehiculos,2024-11-20,2025-11-20,1862.87,40747.87,1784.99,Broker,Santo Domingo,Vigente
POL00240,ASE01582,Vehiculos,2024-08-23,2025-08-23,4183.13,57004.66,4053.61,Broker,Quito,Vigente
POL00241,ASE00745,Vehiculos,2025-08-12,2026-08-12,595.07,12567.02,704.23,Digital,Santo Domingo,Vigente
POL00242,ASE00392,Vehiculos,2024-06-21,2025-06-21,485.57,8458.45,85.47,Broker,Quito,Vigente
POL00243,ASE00426,Vehiculos,2024-05-06,2025-05-06,3910.15,62892.29,3483.34,Agente,Ambato,Vigente
POL00244,ASE00031,Vehiculos,2025-06-09,2026-06-09,4747.05,63490.64,1258.36,Broker,Guayaquil,Vigente
POL00245,ASE00663,Vehiculos,2025-09-08,2026-09-08,1969.82,26732.57,290.01,Agente,Guayaquil,Vigente
POL00246,ASE00398,Vehiculos,2024-12-20,2025-12-20,635.23,8580.28,445.17,Agente,Ambato,Vigente
POL00247,ASE01451,Vehiculos,2024-04-08,2025-04-08,922.8,27622.43,629.09,Banca seguros,Cuenca,Vigente
POL00248,ASE00297,Vehiculos,2025-04-27,2026-04-27,1643.9,41258.69,856.7,Broker,Cuenca,Vigente
POL00249,ASE01354,Vehiculos,2024-11-21,2025-11-21,1653.47,62993.04,3456.68,Digital,Cuenca,Vigente
POL00250,ASE01150,Vehiculos,2025-09-21,2026-09-21,1710.25,26772.64,807.38,Broker,Santo Domingo,Vigente
POL00251,ASE01549,Vehiculos,2024-07-02,2025-07-02,2847.61,43263.94,2242.14,Digital,Quito,Vigente
POL00252,ASE00421,Vehiculos,2024-03-16,2025-03-16,2396.02,37922.85,1985.01,Banca seguros,Guayaquil,Vigente
POL00253,ASE00339,Vehiculos,2024-11-03,2025-11-03,1153.96,58709.06,2026.92,Banca seguros,Portoviejo,Vigente
POL00254,ASE01440,Vehiculos,2024-11-06,2025-11-06,564.87,20906.48,443.99,Agente,Loja,Vigente
POL00255,ASE01287,Vehiculos,2025-07-04,2026-07-04,866.45,17795.28,306.62,Agente,Guayaquil,Vigente
POL00256,ASE00779,Vehiculos,2024-06-17,2025-06-17,644.57,27764.23,1769.19,Broker,Manta,Vigente
POL00257,ASE01156,Vehiculos,2024-06-08,2025-06-08,1155.07,21873.79,1710.97,Agente,Ambato,Vigente
POL00258,ASE00025,Vehiculos,2025-06-27,2026-06-27,1288.68,51478.93,1989.11,Broker,Quito,Cancelada
POL00259,ASE01330,Vehiculos,2024-02-21,2025-02-20,1575.2,48088.44,3251.65,Banca seguros,Guayaquil,Vigente
POL00260,ASE00019,Vehiculos,2024-12-30,2025-12-30,1422.98,24435.09,355.61,Agente,Ambato,Vigente
POL00261,ASE00803,Vehiculos,2024-01-10,2025-01-09,4504.15,63449.21,846.61,Agente,Cuenca,Vigente
POL00262,ASE00349,Vehiculos,2024-08-22,2025-08-22,642.94,25257.63,1222.51,Digital,Loja,Cancelada
POL00263,ASE00590,Vehiculos,2024-02-19,2025-02-18,684.83,24615.72,1096.12,Banca seguros,Ambato,Vigente
POL00264,ASE00485,Vehiculos,2024-09-05,2025-09-05,1040.85,51377.41,1515.12,Banca seguros,Quito,Vigente
POL00265,ASE00869,Vehiculos,2025-04-01,2026-04-01,863.69,18972.6,336.55,Broker,Portoviejo,Vigente
POL00266,ASE00076,Vehiculos,2024-04-12,2025-04-12,560.75,23392.85,1036.43,Broker,Santo Domingo,Vigente
POL00267,ASE00693,Vehiculos,2024-10-15,2025-10-15,606.33,11020.66,754.15,Agente,Manta,Vigente
POL00268,ASE00568,Vehiculos,2025-09-04,2026-09-04,855.34,41539.79,1344.61,Broker,Portoviejo,Vigente
POL00269,ASE00415,Vehiculos,2025-05-05,2026-05-05,564.21,25868.92,1874.94,Agente,Santo Domingo,Cancelada
POL00270,ASE01421,Vehiculos,2025-06-19,2026-06-19,1152.37,34231.66,1406.03,Broker,Guayaquil,Cancelada
POL00271,ASE00350,Vehiculos,2024-11-04,2025-11-04,2214.3,29085.0,1438.94,Banca seguros,Manta,Vigente
POL00272,ASE00563,Vehiculos,2024-03-25,2025-03-25,382.54,20978.28,272.86,Broker,Manta,Vigente
POL00273,ASE01309,Vehiculos,2024-05-23,2025-05-23,586.16,17889.39,779.99,Digital,Portoviejo,Vigente
POL00274,ASE01156,Vehiculos,2024-02-07,2025-02-06,905.91,30673.07,451.34,Agente,Ambato,Vigente
POL00275,ASE01497,Vehiculos,2025-06-02,2026-06-02,529.55,25224.87,867.76,Agente,Loja,Vigente
POL00276,ASE01629,Vehiculos,2025-05-23,2026-05-23,4422.66,63528.45,3857.61,Banca seguros,Quito,Cancelada
POL00277,ASE01472,Vehiculos,2025-05-23,2026-05-23,271.29,14236.27,483.21,Broker,Portoviejo,Vigente
POL00278,ASE00234,Vehiculos,2025-07-18,2026-07-18,2726.73,62881.75,738.73,Digital,Quito,Vigente
POL00279,ASE00829,Vehiculos,2024-11-02,2025-11-02,694.78,24609.61,577.6,Digital,Manta,Vigente
POL00280,ASE00172,Vehiculos,2024-06-09,2025-06-09,560.85,8159.92,607.48,Broker,Manta,Vigente
POL00281,ASE00980,Vehiculos,2025-09-02,2026-09-02,757.46,30336.88,1039.61,Agente,Loja,Vigente
POL00282,ASE01128,Vehiculos,2024-03-28,2025-03-28,1170.76,34591.08,580.63,Agente,Ambato,Vigente
POL00283,ASE01568,Vehiculos,2024-08-27,2025-08-27,1283.61,31737.89,1931.98,Agente,Guayaquil,Vigente
POL00284,ASE01046,Vehiculos,2024-07-18,2025-07-18,2772.19,59713.56,2350.33,Banca seguros,Quito,Vigente
POL00285,ASE01505,Vehiculos,2025-01-21,2026-01-21,2390.78,31017.55,1887.68,Banca seguros,Ambato,Vigente
POL00286,ASE00856,Vehiculos,2024-12-09,2025-12-09,1767.78,52202.37,3681.26,Digital,Quito,Vigente
POL00287,ASE01272,Vehiculos,2025-09-26,2026-09-26,376.95,9253.09,113.33,Agente,Loja,Vigente
POL00288,ASE01336,Vehiculos,2024-04-29,2025-04-29,861.16,18594.9,457.35,Broker,Ambato,Vigente
POL00289,ASE00505,Vehiculos,2024-04-17,2025-04-17,1791.01,50366.72,3805.1,Banca seguros,Quito,Vigente
POL00290,ASE01527,Vehiculos,2024-12-13,2025-12-13,3277.19,52748.28,1677.21,Digital,Loja,Vigente
POL00291,ASE00860,Vehiculos,2024-06-26,2025-06-26,2076.61,60085.87,3088.15,Banca seguros,Ambato,Vigente
POL00292,ASE01183,Vehiculos,2025-06-27,2026-06-27,978.14,14152.67,344.46,Digital,Portoviejo,Vigente
POL00293,ASE00967,Vehiculos,2025-01-04,2026-01-04,2042.98,51715.28,1638.36,Banca seguros,Ambato,Vigente
POL00294,ASE00801,Vehiculos,2024-08-06,2025-08-06,1813.48,61238.12,4683.2,Broker,Santo Domingo,Vigente
POL00295,ASE00038,Vehiculos,2024-02-17,2025-02-16,1222.42,23775.9,694.92,Banca seguros,Ambato,Cancelada
POL00296,ASE00241,Vehiculos,2024-05-23,2025-05-23,1214.94,55276.89,874.27,Broker,Loja,Vigente
POL00297,ASE00619,Vehiculos,2024-07-04,2025-07-04,2451.74,35010.75,2791.97,Banca seguros,Manta,Vigente
POL00298,ASE00868,Vehiculos,2024-09-10,2025-09-10,3271.46,51271.46,3312.68,Digital,Portoviejo,Vigente
POL00299,ASE01625,Vehiculos,2024-10-20,2025-10-20,1290.01,51537.35,3330.69,Banca seguros,Manta,Vigente
POL00300,ASE00535,Vehiculos,2025-01-29,2026-01-29,2798.47,57977.94,1338.31,Banca seguros,Quito,Vigente
POL00301,ASE01293,Vehiculos,2024-04-16,2025-04-16,717.78,23295.78,1563.67,Digital,Santo Domingo,Vigente
POL00302,ASE00912,Vehiculos,2024-04-16,2025-04-16,1214.37,25605.46,1324.91,Broker,Guayaquil,Vigente
POL00303,ASE01381,Vehiculos,2024-12-21,2025-12-21,848.43,19403.09,465.74,Banca seguros,Santo Domingo,Vigente
POL00304,ASE01663,Vehiculos,2025-05-14,2026-05-14,3599.86,50161.32,3326.94,Digital,Loja,Vigente
POL00305,ASE01101,Vehiculos,2025-05-27,2026-05-27,3932.92,62490.69,2614.55,Agente,Loja,Vigente
POL00306,ASE00720,Vehiculos,2025-01-28,2026-01-28,3186.75,41893.94,1562.93,Agente,Cuenca,Vigente
POL00307,ASE00036,Vehiculos,2025-06-03,2026-06-03,2338.87,58412.62,2463.0,Broker,Guayaquil,Vigente
POL00308,ASE01108,Vehiculos,2025-04-30,2026-04-30,1023.82,19010.65,432.26,Banca seguros,Cuenca,Vigente
POL00309,ASE00280,Vehiculos,2025-07-18,2026-07-18,1154.1,49639.77,2299.13,Banca seguros,Cuenca,Vigente
POL00310,ASE00348,Vehiculos,2025-01-14,2026-01-14,694.07,14605.69,1142.5,Banca seguros,Guayaquil,Vigente
POL00311,ASE01396,Vehiculos,2024-03-22,2025-03-22,472.53,18344.59,913.55,Banca seguros,Portoviejo,Vigente
POL00312,ASE00969,Vehiculos,2024-04-09,2025-04-09,972.0,14547.54,550.99,Digital,Quito,Vigente
POL00313,ASE00244,Vehiculos,2025-09-12,2026-09-12,639.79,22731.13,1495.33,Agente,Ambato,Vigente
POL00314,ASE00580,Vehiculos,2025-09-16,2026-09-16,1255.55,20289.54,290.13,Broker,Santo Domingo,Vigente
POL00315,ASE01529,Vehiculos,2025-05-24,2026-05-24,2000.43,38407.51,2196.29,Broker,Quito,Vigente
POL00316,ASE00354,Vehiculos,2025-08-18,2026-08-18,2543.12,61728.15,3265.32,Banca seguros,Ambato,Vigente
POL00317,ASE01344,Vehiculos,2024-01-27,2025-01-26,867.05,41835.68,563.87,Agente,Manta,Vigente
POL00318,ASE01662,Vehiculos,2025-04-26,2026-04-26,3123.38,56366.71,1384.03,Banca seguros,Cuenca,Vigente
POL00319,ASE01361,Vehiculos,2025-06-20,2026-06-20,2600.07,62368.65,756.03,Agente,Guayaquil,Vigente
POL00320,ASE01138,Vehiculos,2024-01-17,2025-01-16,1967.81,28580.03,2237.43,Agente,Loja,Vigente
POL00321,ASE01026,Vehiculos,2024-10-17,2025-10-17,1809.63,47710.87,1638.81,Digital,Ambato,Vigente
POL00322,ASE01700,Vehiculos,2024-11-22,2025-11-22,2537.96,46795.39,2121.83,Banca seguros,Loja,Vigente
POL00323,ASE00933,Vehiculos,2024-01-23,2025-01-22,3864.99,64905.06,810.13,Digital,Portoviejo,Vigente
POL00324,ASE00250,Vehiculos,2024-04-10,2025-04-10,2121.79,32606.51,1130.02,Agente,Cuenca,Vigente
POL00325,ASE01511,Vehiculos,2024-01-05,2025-01-04,459.1,21365.6,544.82,Digital,Guayaquil,Vigente
POL00326,ASE01599,Vehiculos,2025-06-01,2026-06-01,942.96,27075.6,691.74,Digital,Cuenca,Vigente
POL00327,ASE01360,Vehiculos,2025-05-17,2026-05-17,2728.45,38114.39,2379.05,Banca seguros,Ambato,Vigente
POL00328,ASE01370,Vehiculos,2024-07-25,2025-07-25,1578.48,51570.97,1075.27,Broker,Santo Domingo,Vigente
POL00329,ASE01087,Vehiculos,2025-02-18,2026-02-18,1549.31,33428.12,1830.23,Broker,Cuenca,Vigente
POL00330,ASE00815,Vehiculos,2024-06-24,2025-06-24,1974.37,28740.2,2000.92,Banca seguros,Manta,Vigente
POL00331,ASE01623,Vehiculos,2024-09-14,2025-09-14,1585.51,20004.52,1245.57,Digital,Santo Domingo,Vigente
POL00332,ASE00371,Vehiculos,2025-07-14,2026-07-14,3442.54,64299.91,2418.87,Digital,Ambato,Vigente
POL00333,ASE00154,Vehiculos,2025-02-23,2026-02-23,1917.14,56971.95,1420.09,Banca seguros,Manta,Vigente
POL00334,ASE01210,Vehiculos,2025-03-21,2026-03-21,2191.58,56067.86,2373.87,Broker,Ambato,Vigente
POL00335,ASE00747,Vehiculos,2024-04-18,2025-04-18,1259.02,17781.13,887.55,Broker,Manta,Vigente
POL00336,ASE00765,Vehiculos,2024-04-14,2025-04-14,1480.9,41146.55,2173.63,Digital,Loja,Vigente
POL00337,ASE01053,Vehiculos,2025-04-14,2026-04-14,1900.48,32675.61,1260.81,Agente,Cuenca,Vigente
POL00338,ASE00207,Vehiculos,2024-10-13,2025-10-13,4606.02,60188.93,3295.59,Broker,Cuenca,Vigente
POL00339,ASE01427,Vehiculos,2024-12-31,2025-12-31,1570.14,21377.92,517.21,Banca seguros,Loja,Vigente
POL00340,ASE00569,Vehiculos,2024-07-19,2025-07-19,1998.99,64586.47,2768.02,Agente,Quito,Vigente
POL00341,ASE01156,Vehiculos,2025-04-18,2026-04-18,858.36,13018.33,230.72,Broker,Ambato,Vigente
POL00342,ASE01379,Vehiculos,2024-04-08,2025-04-08,3454.78,44844.2,1728.94,Broker,Santo Domingo,Vigente
POL00343,ASE00400,Vehiculos,2025-01-28,2026-01-28,3129.61,40019.39,2395.66,Broker,Guayaquil,Vigente
POL00344,ASE00307,Vehiculos,2024-02-27,2025-02-26,2982.56,39330.35,1624.13,Digital,Santo Domingo,Vigente
POL00345,ASE00841,Vehiculos,2024-07-04,2025-07-04,847.73,18561.14,763.19,Banca seguros,Portoviejo,Vigente
POL00346,ASE00029,Vehiculos,2024-02-17,2025-02-16,1423.99,23626.5,755.4,Digital,Santo Domingo,Vigente
POL00347,ASE01599,Vehiculos,2024-08-09,2025-08-09,1203.46,64837.78,3676.22,Digital,Cuenca,Vigente
POL00348,ASE00607,Vehiculos,2024-01-15,2025-01-14,4178.39,57272.37,4295.32,Agente,Quito,Vigente
POL00349,ASE00378,Vehiculos,2025-05-20,2026-05-20,962.69,25044.39,1183.95,Digital,Cuenca,Vigente
POL00350,ASE01219,Vehiculos,2024-05-26,2025-05-26,3002.42,40319.14,768.69,Banca seguros,Ambato,Vigente
POL00351,ASE00624,Vehiculos,2024-02-06,2025-02-05,1966.32,45596.53,1154.27,Agente,Manta,Vigente
POL00352,ASE01425,Vehiculos,2025-01-19,2026-01-19,1368.52,40529.77,955.49,Agente,Guayaquil,Vigente
POL00353,ASE00709,Vehiculos,2025-09-26,2026-09-26,879.65,31572.14,322.35,Agente,Loja,Cancelada
POL00354,ASE01291,Vehiculos,2025-03-03,2026-03-03,430.59,18707.72,707.17,Broker,Guayaquil,Vigente
POL00355,ASE01580,Vehiculos,2024-11-12,2025-11-12,1411.28,22924.33,530.84,Agente,Ambato,Vigente
POL00356,ASE01124,Vehiculos,2025-10-01,2026-10-01,450.14,10072.97,373.33,Agente,Portoviejo,Vigente
POL00357,ASE01655,Vehiculos,2024-02-26,2025-02-25,2912.85,59851.06,3411.4,Agente,Ambato,Vigente
POL00358,ASE00160,Vehiculos,2024-10-15,2025-10-15,1697.11,36779.99,2696.5,Broker,Cuenca,Vigente
POL00359,ASE01405,Vehiculos,2025-05-12,2026-05-12,412.39,16489.07,171.46,Digital,Loja,Vigente
POL00360,ASE00660,Vehiculos,2025-06-08,2026-06-08,3749.73,60010.58,2389.85,Banca seguros,Guayaquil,Vigente
POL00361,ASE00383,Vehiculos,2025-08-23,2026-08-23,1370.71,17972.68,1315.29,Agente,Cuenca,Cancelada
POL00362,ASE00826,Vehiculos,2024-07-18,2025-07-18,317.55,9426.32,530.32,Digital,Guayaquil,Vigente
POL00363,ASE01560,Vehiculos,2024-12-26,2025-12-26,1717.71,24349.79,405.9,Broker,Guayaquil,Vigente
POL00364,ASE00073,Vehiculos,2025-09-09,2026-09-09,1583.72,39110.42,638.08,Banca seguros,Guayaquil,Vigente
POL00365,ASE01461,Vehiculos,2025-05-14,2026-05-14,3486.35,44898.88,2565.66,Agente,Ambato,Vigente
POL00366,ASE00194,Vehiculos,2024-05-07,2025-05-07,1702.61,53183.42,2934.9,Banca seguros,Quito,Vigente
POL00367,ASE00474,Vehiculos,2025-09-16,2026-09-16,495.58,14793.1,605.38,Agente,Santo Domingo,Cancelada
POL00368,ASE01244,Vehiculos,2025-08-30,2026-08-30,1067.65,21592.82,1178.54,Agente,Cuenca,Vigente
POL00369,ASE01187,Vehiculos,2025-08-25,2026-08-25,1269.63,32443.22,650.33,Digital,Portoviejo,Vigente
POL00370,ASE00399,Vehiculos,2025-03-14,2026-03-14,1080.14,47687.61,3079.53,Agente,Cuenca,Vigente
POL00371,ASE00868,Vehiculos,2024-07-24,2025-07-24,850.59,44139.47,3321.52,Digital,Portoviejo,Vigente
POL00372,ASE00441,Vehiculos,2024-02-28,2025-02-27,968.24,40773.95,1201.03,Digital,Quito,Vigente
POL00373,ASE01695,Vehiculos,2025-07-03,2026-07-03,3254.56,50126.37,3592.26,Digital,Ambato,Vigente
POL00374,ASE00017,Vehiculos,2025-05-12,2026-05-12,3827.74,60873.23,4083.01,Broker,Cuenca,Vigente
POL00375,ASE00566,Vehiculos,2025-05-24,2026-05-24,394.79,18440.8,633.46,Digital,Santo Domingo,Vigente
POL00376,ASE00305,Vehiculos,2024-10-08,2025-10-08,995.49,15081.85,431.41,Digital,Portoviejo,Vigente
POL00377,ASE00946,Vehiculos,2024-06-17,2025-06-17,2113.68,58762.67,1172.27,Digital,Cuenca,Vigente
POL00378,ASE01272,Vehiculos,2025-06-09,2026-06-09,1707.32,41575.48,472.45,Banca seguros,Loja,Vigente
POL00379,ASE01353,Vehiculos,2025-07-07,2026-07-07,3244.47,51987.3,2507.51,Banca seguros,Ambato,Vigente
POL00380,ASE00911,Vehiculos,2024-01-15,2025-01-14,2345.29,37735.03,1538.42,Broker,Quito,Vigente
POL00381,ASE01153,Vehiculos,2025-01-14,2026-01-14,2001.78,62007.47,2926.21,Agente,Portoviejo,Vigente
POL00382,ASE01584,Vehiculos,2024-07-09,2025-07-09,1586.89,31086.65,2049.47,Broker,Manta,Vigente
POL00383,ASE00148,Vehiculos,2024-03-28,2025-03-28,1895.24,59290.92,4699.33,Banca seguros,Manta,Vigente
POL00384,ASE01492,Vehiculos,2024-11-13,2025-11-13,1724.79,57616.25,4244.33,Digital,Portoviejo,Vigente
POL00385,ASE00788,Vehiculos,2024-09-01,2025-09-01,1254.34,47276.39,3055.69,Digital,Manta,Cancelada
POL00386,ASE00425,Vehiculos,2024-06-14,2025-06-14,2230.78,43823.67,2258.85,Broker,Cuenca,Vigente
POL00387,ASE01433,Vehiculos,2024-09-07,2025-09-07,1468.85,54923.5,1496.51,Broker,Portoviejo,Vigente
POL00388,ASE01067,Vehiculos,2024-01-18,2025-01-17,1109.29,17779.2,1388.08,Digital,Manta,Vigente
POL00389,ASE01416,Vehiculos,2024-06-19,2025-06-19,1076.29,29794.41,1860.37,Broker,Portoviejo,Vigente
POL00390,ASE01360,Vehiculos,2024-11-03,2025-11-03,3276.51,55202.82,4148.07,Banca seguros,Ambato,Vigente
POL00391,ASE00266,Vehiculos,2024-05-05,2025-05-05,892.55,49484.09,3142.78,Digital,Guayaquil,Vigente
POL00392,ASE01631,Vehiculos,2025-01-27,2026-01-27,2385.33,49497.09,2585.53,Broker,Guayaquil,Vigente
POL00393,ASE01468,Vehiculos,2024-03-16,2025-03-16,1080.85,29264.96,1044.51,Agente,Loja,Vigente
POL00394,ASE00252,Vehiculos,2024-10-24,2025-10-24,3421.45,51670.3,3860.68,Broker,Santo Domingo,Vigente
POL00395,ASE00728,Vehiculos,2024-05-16,2025-05-16,4157.4,62987.37,2061.09,Banca seguros,Guayaquil,Vigente
POL00396,ASE00202,Vehiculos,2024-05-27,2025-05-27,518.85,14467.83,958.33,Banca seguros,Portoviejo,Vigente
POL00397,ASE00188,Vehiculos,2025-04-26,2026-04-26,3002.09,47939.84,1123.49,Banca seguros,Guayaquil,Vigente
POL00398,ASE00729,Vehiculos,2025-07-19,2026-07-19,831.15,32366.33,1943.44,Agente,Loja,Vigente
POL00399,ASE00990,Vehiculos,2025-03-22,2026-03-22,2015.21,40427.43,717.7,Agente,Cuenca,Vigente
POL00400,ASE00353,Vehiculos,2025-06-11,2026-06-11,3125.06,54573.81,3884.8,Broker,Portoviejo,Vigente
POL00401,ASE00702,Vehiculos,2024-12-03,2025-12-03,3414.56,42867.31,1751.42,Agente,Santo Domingo,Vigente
POL00402,ASE00666,Vehiculos,2024-07-19,2025-07-19,739.18,17423.33,936.7,Agente,Quito,Vigente
POL00403,ASE00925,Vehiculos,2025-03-01,2026-03-01,995.12,18079.62,1442.06,Banca seguros,Portoviejo,Vigente
POL00404,ASE01092,Vehiculos,2024-08-25,2025-08-25,2634.4,58012.34,1883.85,Digital,Portoviejo,Vigente
POL00405,ASE00471,Vehiculos,2025-06-16,2026-06-16,1205.47,41545.61,667.16,Broker,Quito,Vigente
POL00406,ASE01610,Vehiculos,2025-01-04,2026-01-04,820.53,31822.16,1089.83,Digital,Loja,Vigente
POL00407,ASE01609,Vehiculos,2024-03-03,2025-03-03,1947.61,50463.6,644.74,Digital,Santo Domingo,Vigente
POL00408,ASE00214,Vehiculos,2024-05-18,2025-05-18,1468.72,33318.4,1303.25,Banca seguros,Manta,Vigente
POL00409,ASE00675,Vehiculos,2024-12-21,2025-12-21,965.05,50053.71,1251.27,Broker,Quito,Vigente
POL00410,ASE00114,Vehiculos,2024-01-18,2025-01-17,1849.46,29876.71,1121.57,Digital,Manta,Vigente
POL00411,ASE01531,Vehiculos,2025-06-13,2026-06-13,868.8,41194.25,594.13,Agente,Guayaquil,Vigente
POL00412,ASE00323,Vehiculos,2024-03-15,2025-03-15,388.82,8528.73,265.82,Digital,Portoviejo,Vigente
POL00413,ASE01416,Vehiculos,2024-12-02,2025-12-02,1457.3,43628.04,3128.18,Broker,Portoviejo,Vigente
POL00414,ASE00978,Vehiculos,2024-10-10,2025-10-10,4179.93,55637.64,2825.26,Broker,Loja,Vigente
POL00415,ASE01508,Vehiculos,2025-04-09,2026-04-09,1262.23,26219.87,802.84,Broker,Quito,Vigente
POL00416,ASE01040,Vehiculos,2024-10-07,2025-10-07,1954.88,58798.84,1341.17,Banca seguros,Manta,Vigente
POL00417,ASE00362,Vehiculos,2025-03-19,2026-03-19,221.35,9959.44,703.41,Banca seguros,Quito,Vigente
POL00418,ASE00878,Vehiculos,2024-11-17,2025-11-17,1024.05,20217.7,863.82,Digital,Ambato,Vigente
POL00419,ASE01084,Vehiculos,2024-03-02,2025-03-02,1381.0,39081.19,1043.97,Digital,Portoviejo,Vigente
POL00420,ASE00777,Vehiculos,2024-12-02,2025-12-02,948.1,37538.69,2069.31,Digital,Manta,Vigente
POL00421,ASE00081,Vehiculos,2025-09-17,2026-09-17,1152.01,39027.04,627.76,Banca seguros,Loja,Vigente
POL00422,ASE00209,Vehiculos,2024-05-04,2025-05-04,1200.26,25331.36,892.08,Digital,Cuenca,Vigente
POL00423,ASE00328,Vehiculos,2025-01-20,2026-01-20,2173.11,45243.61,3302.5,Agente,Quito,Vigente
POL00424,ASE01148,Vehiculos,2024-09-27,2025-09-27,455.7,21712.15,850.96,Broker,Guayaquil,Vigente
POL00425,ASE00875,Vehiculos,2024-12-09,2025-12-09,850.74,12409.67,375.94,Broker,Cuenca,Vigente
POL00426,ASE01695,Vehiculos,2024-02-04,2025-02-03,636.39,13601.72,459.9,Digital,Ambato,Vigente
POL00427,ASE00033,Vehiculos,2025-05-29,2026-05-29,1382.83,58452.65,4062.27,Banca seguros,Ambato,Vigente
POL00428,ASE00899,Vehiculos,2024-11-02,2025-11-02,2364.96,51318.1,589.66,Digital,Portoviejo,Vigente
POL00429,ASE00366,Vehiculos,2024-02-13,2025-02-12,582.81,11251.73,680.36,Digital,Loja,Vigente
POL00430,ASE00097,Vehiculos,2025-08-13,2026-08-13,1977.29,25082.31,342.66,Digital,Santo Domingo,Vigente
POL00431,ASE00768,Vehiculos,2024-09-19,2025-09-19,2808.28,49902.05,3971.58,Digital,Cuenca,Vigente
POL00432,ASE01589,Vehiculos,2025-05-30,2026-05-30,2208.36,38343.06,1639.26,Digital,Ambato,Vigente
POL00433,ASE00834,Vehiculos,2025-08-18,2026-08-18,1305.31,47387.36,3002.92,Digital,Loja,Vigente
POL00434,ASE00443,Vehiculos,2024-07-21,2025-07-21,1519.78,39030.54,1514.16,Banca seguros,Quito,Vigente
POL00435,ASE00978,Vehiculos,2024-07-10,2025-07-10,415.79,11998.22,944.29,Broker,Loja,Cancelada
POL00436,ASE00170,Vehiculos,2024-01-21,2025-01-20,1505.39,48452.89,1512.62,Digital,Cuenca,Vigente
POL00437,ASE00043,Vehiculos,2024-12-07,2025-12-07,2074.98,38020.13,2736.37,Broker,Quito,Vigente
POL00438,ASE00129,Vehiculos,2025-04-05,2026-04-05,1529.28,60760.67,835.75,Banca seguros,Guayaquil,Vigente
POL00439,ASE00689,Vehiculos,2024-05-08,2025-05-08,1704.59,47116.8,1269.96,Digital,Loja,Vigente
POL00440,ASE01546,Vehiculos,2024-03-18,2025-03-18,796.65,15724.9,1116.21,Digital,Cuenca,Vigente
POL00441,ASE01051,Vehiculos,2025-04-16,2026-04-16,1605.68,26606.57,1285.58,Agente,Quito,Vigente
POL00442,ASE01090,Vehiculos,2025-06-10,2026-06-10,1997.48,44057.88,2322.28,Broker,Portoviejo,Vigente
POL00443,ASE00948,Vehiculos,2024-07-18,2025-07-18,552.37,23644.07,1457.09,Agente,Santo Domingo,Vigente
POL00444,ASE00153,Vehiculos,2024-12-07,2025-12-07,1728.01,54981.52,3270.69,Digital,Santo Domingo,Vigente
POL00445,ASE00726,Vehiculos,2024-12-15,2025-12-15,2455.22,31186.32,1628.32,Agente,Ambato,Vigente
POL00446,ASE00679,Vehiculos,2025-01-07,2026-01-07,1528.28,57403.94,3129.54,Broker,Ambato,Vigente
POL00447,ASE01391,Vehiculos,2025-09-10,2026-09-10,1403.95,44624.51,1444.47,Digital,Cuenca,Vigente
POL00448,ASE00700,Vehiculos,2024-02-05,2025-02-04,2157.31,32516.2,1631.03,Banca seguros,Manta,Vigente
POL00449,ASE01277,Vehiculos,2025-07-03,2026-07-03,992.68,36125.81,1082.55,Agente,Cuenca,Vigente
POL00450,ASE00816,Vehiculos,2025-04-02,2026-04-02,2928.47,62183.04,1551.84,Broker,Quito,Vigente
POL00451,ASE00004,Vehiculos,2025-03-13,2026-03-13,3524.12,58277.44,1871.89,Broker,Portoviejo,Vigente
POL00452,ASE01213,Vehiculos,2024-05-28,2025-05-28,1383.91,47284.3,2238.41,Digital,Quito,Vigente
POL00453,ASE01154,Vehiculos,2024-10-13,2025-10-13,1799.78,23615.23,1190.8,Banca seguros,Quito,Vigente
POL00454,ASE00972,Vehiculos,2024-12-11,2025-12-11,2274.5,34070.36,2365.88,Banca seguros,Ambato,Cancelada
POL00455,ASE00713,Vehiculos,2025-04-26,2026-04-26,2034.87,33271.32,885.4,Banca seguros,Cuenca,Vigente
POL00456,ASE00863,Vehiculos,2024-11-15,2025-11-15,1105.62,14975.18,973.24,Broker,Quito,Vigente
POL00457,ASE00530,Vehiculos,2025-02-10,2026-02-10,3734.06,60602.76,2354.04,Digital,Cuenca,Vigente
POL00458,ASE01025,Vehiculos,2024-02-23,2025-02-22,3308.31,44795.11,3210.61,Broker,Quito,Vigente
POL00459,ASE01446,Vehiculos,2025-03-18,2026-03-18,1258.53,32078.66,2405.39,Broker,Guayaquil,Vigente
POL00460,ASE00001,Vehiculos,2024-11-09,2025-11-09,1280.06,35161.6,2103.03,Broker,Quito,Vigente
POL00461,ASE01458,Vehiculos,2025-07-14,2026-07-14,4118.58,64437.01,1712.59,Banca seguros,Guayaquil,Vigente
POL00462,ASE01437,Vehiculos,2025-09-29,2026-09-29,1673.48,33665.21,1045.87,Banca seguros,Guayaquil,Cancelada
POL00463,ASE00016,Vehiculos,2024-01-20,2025-01-19,1736.12,28621.37,2254.9,Agente,Santo Domingo,Cancelada
POL00464,ASE00320,Vehiculos,2024-05-27,2025-05-27,2709.07,42996.76,1069.4,Digital,Portoviejo,Vigente
POL00465,ASE00823,Vehiculos,2024-06-27,2025-06-27,738.02,13034.43,1017.51,Digital,Manta,Vigente
POL00466,ASE00322,Vehiculos,2025-04-09,2026-04-09,1294.8,17381.63,651.44,Digital,Quito,Vigente
POL00467,ASE00709,Vehiculos,2024-02-10,2025-02-09,1053.87,47792.92,925.37,Broker,Loja,Vigente
POL00468,ASE00811,Vehiculos,2024-10-01,2025-10-01,3860.27,56049.64,3514.31,Banca seguros,Santo Domingo,Vigente
POL00469,ASE01411,Vehiculos,2025-03-30,2026-03-30,1362.89,49659.29,2824.29,Banca seguros,Santo Domingo,Vigente
POL00470,ASE00572,Vehiculos,2025-02-01,2026-02-01,3563.33,62649.17,999.18,Banca seguros,Cuenca,Vigente
POL00471,ASE00025,Vehiculos,2024-03-06,2025-03-06,1114.6,33649.09,2024.02,Banca seguros,Quito,Vigente
POL00472,ASE00244,Vehiculos,2025-07-03,2026-07-03,622.31,16173.48,1081.33,Banca seguros,Ambato,Vigente
POL00473,ASE00441,Vehiculos,2025-05-20,2026-05-20,2793.34,46648.83,1856.62,Broker,Quito,Vigente
POL00474,ASE00774,Vehiculos,2024-08-03,2025-08-03,1024.2,44012.6,2199.6,Broker,Loja,Vigente
POL00475,ASE01231,Vehiculos,2024-11-09,2025-11-09,3572.74,52498.99,1385.88,Broker,Santo Domingo,Cancelada
POL00476,ASE01011,Vehiculos,2025-09-26,2026-09-26,314.17,15734.14,263.59,Banca seguros,Guayaquil,Vigente
POL00477,ASE01419,Vehiculos,2024-11-19,2025-11-19,2807.61,52320.34,1537.3,Banca seguros,Loja,Vigente
POL00478,ASE01238,Vehiculos,2025-07-10,2026-07-10,3321.74,59993.73,4606.0,Banca seguros,Portoviejo,Vigente
POL00479,ASE01649,Vehiculos,2024-07-16,2025-07-16,2588.88,60736.15,1174.3,Banca seguros,Loja,Vigente
POL00480,ASE01143,Vehiculos,2025-03-26,2026-03-26,1880.5,36195.08,1143.2,Digital,Santo Domingo,Vigente
POL00481,ASE01262,Vehiculos,2024-09-14,2025-09-14,1305.51,49432.69,2081.18,Broker,Portoviejo,Vigente
POL00482,ASE00495,Vehiculos,2025-05-21,2026-05-21,3394.02,52093.35,3047.24,Agente,Manta,Vigente
POL00483,ASE00619,Vehiculos,2024-12-17,2025-12-17,893.86,24736.52,1382.2,Agente,Manta,Vigente
POL00484,ASE00304,Vehiculos,2024-10-06,2025-10-06,1139.22,30922.07,714.75,Digital,Quito,Vigente
POL00485,ASE01411,Vehiculos,2025-07-15,2026-07-15,2023.85,60322.72,1990.48,Agente,Santo Domingo,Vigente
POL00486,ASE00031,Vehiculos,2024-04-30,2025-04-30,2246.72,62533.77,3925.67,Broker,Guayaquil,Vigente
POL00487,ASE01102,Vehiculos,2025-08-08,2026-08-08,1990.4,53000.11,1254.27,Digital,Portoviejo,Vigente
POL00488,ASE00679,Vehiculos,2024-01-29,2025-01-28,3484.51,48343.79,632.98,Banca seguros,Ambato,Vigente
POL00489,ASE00888,Vehiculos,2024-06-23,2025-06-23,730.31,20788.7,423.99,Broker,Santo Domingo,Vigente
POL00490,ASE01411,Vehiculos,2025-03-17,2026-03-17,512.51,8306.39,585.68,Broker,Santo Domingo,Vigente
POL00491,ASE01631,Vehiculos,2025-08-18,2026-08-18,4299.33,55764.48,2075.37,Digital,Guayaquil,Vigente
POL00492,ASE00121,Vehiculos,2024-12-23,2025-12-23,2177.25,32026.19,2341.1,Banca seguros,Quito,Vigente
POL00493,ASE01187,Vehiculos,2025-09-18,2026-09-18,3968.36,50075.4,577.68,Digital,Portoviejo,Vigente
POL00494,ASE01613,Vehiculos,2025-02-20,2026-02-20,4093.94,60936.6,4253.6,Broker,Cuenca,Vigente
POL00495,ASE01467,Vehiculos,2025-08-15,2026-08-15,1871.11,38877.24,667.61,Banca seguros,Cuenca,Vigente
POL00496,ASE00685,Vehiculos,2024-05-22,2025-05-22,2385.27,48751.93,3486.96,Banca seguros,Guayaquil,Vigente
POL00497,ASE00064,Vehiculos,2024-01-28,2025-01-27,1954.58,40481.2,772.6,Agente,Guayaquil,Vigente
POL00498,ASE01367,Vehiculos,2024-04-13,2025-04-13,1213.4,16120.82,865.66,Banca seguros,Quito,Vigente
POL00499,ASE00620,Vehiculos,2025-03-10,2026-03-10,3125.04,62214.16,3836.63,Agente,Santo Domingo,Vigente
POL00500,ASE00137,Vehiculos,2025-08-30,2026-08-30,1723.03,28125.96,548.61,Broker,Portoviejo,Vigente
POL00501,ASE00670,Vehiculos,2024-08-30,2025-08-30,1565.86,37949.0,757.08,Broker,Ambato,Cancelada
POL00502,ASE01221,Vehiculos,2025-05-22,2026-05-22,1265.76,17167.44,973.76,Agente,Ambato,Vigente
POL00503,ASE01100,Vehiculos,2024-10-06,2025-10-06,892.74,15364.37,1166.3,Broker,Cuenca,Vigente
POL00504,ASE00560,Vehiculos,2025-08-19,2026-08-19,2880.79,44573.84,1079.59,Banca seguros,Manta,Vigente
POL00505,ASE00602,Vehiculos,2024-06-15,2025-06-15,1645.39,50820.88,3373.18,Agente,Manta,Vigente
POL00506,ASE00042,Vehiculos,2025-02-06,2026-02-06,2871.51,49040.84,1785.85,Banca seguros,Santo Domingo,Vigente
POL00507,ASE01080,Vehiculos,2024-12-04,2025-12-04,2978.86,45243.79,2519.5,Broker,Portoviejo,Vigente
POL00508,ASE00416,Vehiculos,2024-01-02,2025-01-01,356.83,15373.9,773.73,Broker,Guayaquil,Vigente
POL00509,ASE00598,Vehiculos,2024-05-26,2025-05-26,2771.73,62188.36,2436.3,Digital,Ambato,Vigente
POL00510,ASE00772,Vehiculos,2024-04-07,2025-04-07,2147.87,43031.46,3260.16,Broker,Santo Domingo,Vigente
POL00511,ASE01566,Vehiculos,2024-09-02,2025-09-02,3699.4,62080.78,3982.71,Banca seguros,Cuenca,Vigente
POL00512,ASE00832,Vehiculos,2024-07-10,2025-07-10,1534.92,33697.12,1786.78,Broker,Santo Domingo,Vigente
POL00513,ASE01428,Vehiculos,2024-09-19,2025-09-19,3295.64,45713.98,479.2,Agente,Portoviejo,Vigente
POL00514,ASE01334,Vehiculos,2025-04-15,2026-04-15,1544.73,28387.92,1053.18,Broker,Quito,Vigente
POL00515,ASE00926,Vehiculos,2024-02-29,2025-02-28,1376.26,61741.4,1470.54,Banca seguros,Guayaquil,Vigente
POL00516,ASE00774,Vehiculos,2024-09-01,2025-09-01,1844.02,50821.95,833.33,Digital,Loja,Vigente
POL00517,ASE00855,Vehiculos,2025-06-06,2026-06-06,951.39,29770.95,1039.19,Agente,Quito,Vigente
POL00518,ASE01270,Vehiculos,2025-02-18,2026-02-18,1118.52,27626.48,280.6,Broker,Santo Domingo,Vigente
POL00519,ASE00817,Vehiculos,2025-05-30,2026-05-30,2864.57,63500.98,4910.3,Broker,Portoviejo,Vigente
POL00520,ASE00921,Vehiculos,2024-04-08,2025-04-08,2575.27,35442.68,795.4,Broker,Cuenca,Vigente
POL00521,ASE00357,Vehiculos,2024-04-26,2025-04-26,2561.13,61479.76,4219.41,Agente,Cuenca,Vigente
POL00522,ASE01341,Vehiculos,2024-11-18,2025-11-18,2013.6,64383.23,2832.73,Agente,Manta,Vigente
POL00523,ASE00746,Vehiculos,2025-09-08,2026-09-08,557.11,8030.79,620.76,Banca seguros,Ambato,Vigente
POL00524,ASE00869,Vehiculos,2025-02-20,2026-02-20,2139.56,34473.8,563.39,Digital,Portoviejo,Vigente
POL00525,ASE00018,Vehiculos,2025-01-11,2026-01-11,4514.93,61263.75,2421.09,Digital,Ambato,Vigente
POL00526,ASE00396,Vehiculos,2025-06-04,2026-06-04,1722.53,24433.58,1855.19,Broker,Portoviejo,Vigente
POL00527,ASE01214,Vehiculos,2025-07-01,2026-07-01,482.74,20244.79,1470.39,Banca seguros,Ambato,Vigente
POL00528,ASE01373,Vehiculos,2024-05-01,2025-05-01,378.08,18648.55,900.57,Digital,Portoviejo,Vigente
POL00529,ASE00904,Vehiculos,2024-11-01,2025-11-01,1350.12,45067.02,2479.57,Broker,Manta,Vigente
POL00530,ASE00562,Vehiculos,2025-05-26,2026-05-26,3824.49,57112.54,3989.87,Banca seguros,Quito,Vigente
POL00531,ASE00844,Vehiculos,2025-04-30,2026-04-30,3953.46,55081.78,638.37,Agente,Cuenca,Vigente
POL00532,ASE01199,Vehiculos,2025-09-30,2026-09-30,1606.72,40682.99,539.28,Digital,Quito,Vigente
POL00533,ASE01064,Vehiculos,2024-09-19,2025-09-19,2015.09,58884.21,4524.98,Digital,Portoviejo,Vigente
POL00534,ASE00831,Vehiculos,2024-02-12,2025-02-11,832.79,23262.95,410.31,Broker,Quito,Vigente
POL00535,ASE00463,Vehiculos,2025-01-23,2026-01-23,2435.71,38835.61,1970.3,Agente,Portoviejo,Vigente
POL00536,ASE00641,Vehiculos,2024-02-28,2025-02-27,3243.87,52268.36,1849.58,Digital,Manta,Vigente
POL00537,ASE01116,Vehiculos,2024-04-08,2025-04-08,2231.68,31894.01,2392.7,Digital,Manta,Vigente
POL00538,ASE00794,Vehiculos,2025-03-01,2026-03-01,766.47,16703.81,494.95,Broker,Quito,Vigente
POL00539,ASE00155,Vehiculos,2024-01-11,2025-01-10,1753.08,58764.5,2329.94,Digital,Manta,Vigente
POL00540,ASE01288,Vehiculos,2024-07-11,2025-07-11,1152.68,18039.11,1068.61,Agente,Loja,Vigente
POL00541,ASE00045,Vehiculos,2025-02-18,2026-02-18,1189.03,25372.89,2013.78,Digital,Loja,Vigente
POL00542,ASE01430,Vehiculos,2024-06-08,2025-06-08,514.66,13652.2,322.02,Broker,Manta,Vigente
POL00543,ASE00496,Vehiculos,2025-07-15,2026-07-15,1916.86,53317.79,2216.94,Banca seguros,Loja,Vigente
POL00544,ASE01605,Vehiculos,2025-03-08,2026-03-08,741.13,40189.05,1841.63,Banca seguros,Portoviejo,Cancelada
POL00545,ASE00047,Vehiculos,2024-01-31,2025-01-30,351.93,8575.79,276.33,Broker,Cuenca,Vigente
POL00546,ASE00106,Vehiculos,2025-05-13,2026-05-13,1274.76,27427.07,1984.58,Banca seguros,Manta,Vigente
POL00547,ASE01470,Vehiculos,2024-07-27,2025-07-27,4614.25,59885.48,1460.22,Broker,Loja,Vigente
POL00548,ASE00171,Vehiculos,2024-11-26,2025-11-26,1251.43,52139.31,1315.47,Agente,Quito,Vigente
POL00549,ASE00808,Vehiculos,2024-04-20,2025-04-20,1184.22,50829.01,3598.06,Broker,Quito,Vigente
POL00550,ASE01157,Vehiculos,2025-07-25,2026-07-25,370.83,13119.39,751.35,Banca seguros,Guayaquil,Vigente
POL00551,ASE01529,Vehiculos,2024-02-16,2025-02-15,1565.22,43720.55,1412.31,Banca seguros,Quito,Vigente
POL00552,ASE00424,Vehiculos,2024-02-21,2025-02-20,2050.04,44447.96,1342.92,Broker,Loja,Vigente
POL00553,ASE00922,Vehiculos,2024-04-20,2025-04-20,1653.53,22543.13,1578.88,Digital,Cuenca,Vigente
POL00554,ASE00130,Vehiculos,2025-04-29,2026-04-29,1302.76,56812.85,849.05,Broker,Guayaquil,Vigente
POL00555,ASE00600,Vehiculos,2024-12-02,2025-12-02,817.87,27819.61,521.62,Digital,Quito,Vigente
POL00556,ASE00056,Vehiculos,2024-10-31,2025-10-31,1131.28,17944.99,337.44,Digital,Ambato,Vigente
POL00557,ASE01675,Vehiculos,2024-07-19,2025-07-19,3110.66,55139.3,3610.19,Banca seguros,Guayaquil,Vigente
POL00558,ASE00928,Vehiculos,2024-03-20,2025-03-20,418.26,22195.35,1582.19,Digital,Quito,Vigente
POL00559,ASE00420,Vehiculos,2024-08-25,2025-08-25,1727.73,45052.23,3141.09,Agente,Manta,Vigente
POL00560,ASE01591,Vehiculos,2025-07-10,2026-07-10,1949.77,50986.54,3836.62,Banca seguros,Quito,Vigente
POL00561,ASE00741,Vehiculos,2025-09-23,2026-09-23,486.82,15069.41,433.27,Banca seguros,Loja,Vigente
POL00562,ASE00087,Vehiculos,2024-04-09,2025-04-09,361.19,19287.55,371.37,Banca seguros,Portoviejo,Vigente
POL00563,ASE01449,Vehiculos,2024-06-20,2025-06-20,1823.74,52193.1,1749.34,Banca seguros,Guayaquil,Vigente
POL00564,ASE00927,Vehiculos,2024-11-26,2025-11-26,3345.63,49806.23,1924.22,Broker,Guayaquil,Vigente
POL00565,ASE00871,Vehiculos,2024-07-04,2025-07-04,790.99,24476.16,780.69,Banca seguros,Loja,Vigente
POL00566,ASE00878,Vehiculos,2025-07-23,2026-07-23,834.61,43524.72,1924.57,Agente,Ambato,Vigente
POL00567,ASE01046,Vehiculos,2024-07-24,2025-07-24,1957.11,46820.86,2731.78,Broker,Quito,Vigente
POL00568,ASE01350,Vehiculos,2025-07-14,2026-07-14,1286.17,58344.98,2629.96,Broker,Ambato,Vigente
POL00569,ASE01154,Vehiculos,2024-02-27,2025-02-26,2521.45,51736.17,3923.69,Agente,Quito,Vigente
POL00570,ASE00319,Vehiculos,2025-06-27,2026-06-27,518.64,10600.18,118.45,Broker,Ambato,Vigente
POL00571,ASE01226,Vehiculos,2025-04-21,2026-04-21,477.2,12218.99,720.26,Agente,Manta,Vigente
POL00572,ASE01047,Vehiculos,2024-09-21,2025-09-21,3257.78,48059.34,682.96,Digital,Guayaquil,Vigente
POL00573,ASE00395,Vehiculos,2024-06-22,2025-06-22,1917.22,27634.17,1539.56,Banca seguros,Guayaquil,Vigente
POL00574,ASE01320,Vehiculos,2024-12-21,2025-12-21,1345.25,29408.03,679.99,Digital,Quito,Vigente
POL00575,ASE01692,Vehiculos,2024-12-30,2025-12-30,586.23,17872.75,467.61,Digital,Loja,Vigente
POL00576,ASE01149,Vehiculos,2025-06-24,2026-06-24,420.81,11164.68,850.17,Digital,Quito,Vigente
POL00577,ASE01147,Vehiculos,2024-02-18,2025-02-17,1796.66,35402.32,1419.15,Agente,Ambato,Vigente
POL00578,ASE00489,Vehiculos,2024-03-11,2025-03-11,577.59,21218.81,453.17,Broker,Portoviejo,Vigente
POL00579,ASE01112,Vehiculos,2024-12-17,2025-12-17,2562.56,56601.38,910.51,Banca seguros,Manta,Vigente
POL00580,ASE00202,Vehiculos,2025-07-22,2026-07-22,427.08,17529.18,591.58,Agente,Portoviejo,Vigente
POL00581,ASE01308,Vehiculos,2024-03-19,2025-03-19,916.53,40987.76,2809.63,Digital,Ambato,Vigente
POL00582,ASE00705,Vehiculos,2024-01-20,2025-01-19,2114.58,51303.92,1205.69,Agente,Quito,Vigente
POL00583,ASE00312,Vehiculos,2024-06-20,2025-06-20,2898.83,46590.22,1928.54,Banca seguros,Manta,Vigente
POL00584,ASE01203,Vehiculos,2025-07-28,2026-07-28,1536.92,58546.16,3684.78,Banca seguros,Guayaquil,Vigente
POL00585,ASE01195,Vehiculos,2024-10-11,2025-10-11,1142.35,17016.1,520.28,Broker,Manta,Cancelada
POL00586,ASE01058,Vehiculos,2024-05-04,2025-05-04,1473.13,20098.33,918.72,Broker,Cuenca,Vigente
POL00587,ASE00626,Vehiculos,2025-06-14,2026-06-14,3819.63,48196.9,954.5,Banca seguros,Manta,Vigente
POL00588,ASE00288,Vehiculos,2025-07-20,2026-07-20,3023.21,43628.08,889.17,Digital,Loja,Vigente
POL00589,ASE00488,Vehiculos,2025-04-23,2026-04-23,638.7,20296.82,400.59,Broker,Ambato,Vigente
POL00590,ASE00662,Vehiculos,2024-12-31,2025-12-31,2069.6,38369.77,2259.99,Digital,Quito,Vigente
POL00591,ASE00828,Vehiculos,2024-09-01,2025-09-01,1610.09,52201.35,2122.95,Broker,Portoviejo,Vigente
POL00592,ASE00548,Vehiculos,2024-01-02,2025-01-01,779.61,21477.03,323.64,Agente,Ambato,Vigente
POL00593,ASE01375,Vehiculos,2025-07-18,2026-07-18,5098.13,64672.35,3545.33,Broker,Santo Domingo,Vigente
POL00594,ASE00334,Vehiculos,2025-06-24,2026-06-24,1262.02,28145.87,1222.43,Broker,Santo Domingo,Vigente
POL00595,ASE00550,Vehiculos,2025-02-06,2026-02-06,3376.57,61917.18,3303.8,Agente,Manta,Vigente
POL00596,ASE01234,Vehiculos,2025-05-21,2026-05-21,3130.13,54256.5,1295.64,Digital,Portoviejo,Vigente
POL00597,ASE00823,Vehiculos,2024-08-07,2025-08-07,840.68,28942.61,2309.8,Broker,Manta,Vigente
POL00598,ASE01040,Vehiculos,2024-03-31,2025-03-31,2214.74,55465.49,2320.82,Agente,Manta,Vigente
POL00599,ASE01333,Vehiculos,2024-01-25,2025-01-24,1575.49,27547.6,2056.11,Digital,Ambato,Vigente
POL00600,ASE00574,Vehiculos,2024-05-03,2025-05-03,1338.23,33013.3,371.72,Digital,Portoviejo,Vigente
POL00601,ASE00168,Vehiculos,2024-04-05,2025-04-05,4367.04,63518.52,1506.26,Digital,Manta,Vigente
POL00602,ASE01371,Vehiculos,2025-08-16,2026-08-16,933.33,13073.1,390.14,Digital,Quito,Vigente
POL00603,ASE01478,Vehiculos,2024-07-17,2025-07-17,2458.26,63262.05,3012.13,Banca seguros,Ambato,Vigente
POL00604,ASE01075,Vehiculos,2024-07-02,2025-07-02,3079.95,56545.13,744.43,Banca seguros,Cuenca,Vigente
POL00605,ASE00597,Vehiculos,2025-04-20,2026-04-20,1643.43,41758.05,1499.78,Digital,Manta,Vigente
POL00606,ASE00860,Vehiculos,2025-02-08,2026-02-08,547.43,25883.4,652.32,Digital,Ambato,Vigente
POL00607,ASE01034,Vehiculos,2024-02-02,2025-02-01,1003.27,13411.21,448.09,Agente,Cuenca,Vigente
POL00608,ASE01253,Vehiculos,2024-11-05,2025-11-05,1293.63,62140.52,1236.6,Agente,Ambato,Vigente
POL00609,ASE00060,Vehiculos,2024-03-17,2025-03-17,1050.73,17313.48,975.93,Broker,Portoviejo,Vigente
POL00610,ASE00656,Vehiculos,2025-01-05,2026-01-05,558.65,21111.7,489.32,Digital,Santo Domingo,Vigente
POL00611,ASE00516,Vehiculos,2024-09-26,2025-09-26,1072.05,50106.28,2377.16,Digital,Loja,Vigente
POL00612,ASE00407,Vehiculos,2025-09-28,2026-09-28,1612.23,36603.7,2343.69,Broker,Portoviejo,Vigente
POL00613,ASE00220,Vehiculos,2024-04-26,2025-04-26,1423.4,52412.16,4006.66,Digital,Portoviejo,Vigente
POL00614,ASE00697,Vehiculos,2024-05-30,2025-05-30,269.32,8443.1,261.61,Digital,Santo Domingo,Vigente
POL00615,ASE00915,Vehiculos,2025-01-09,2026-01-09,1057.11,43748.46,945.04,Digital,Portoviejo,Vigente
POL00616,ASE00421,Vehiculos,2024-01-16,2025-01-15,3102.8,56762.17,2532.52,Agente,Guayaquil,Vigente
POL00617,ASE01699,Vehiculos,2024-04-07,2025-04-07,1234.4,26250.89,1272.57,Digital,Santo Domingo,Vigente
POL00618,ASE00324,Vehiculos,2024-02-28,2025-02-27,3353.89,56887.59,4167.04,Broker,Cuenca,Cancelada
POL00619,ASE01048,Vehiculos,2024-03-08,2025-03-08,3080.01,64506.34,4027.19,Banca seguros,Guayaquil,Vigente
POL00620,ASE01365,Vehiculos,2024-12-03,2025-12-03,2222.98,62208.53,3037.23,Digital,Guayaquil,Vigente
POL00621,ASE00849,Vehiculos,2024-07-21,2025-07-21,3954.84,55379.81,1996.69,Broker,Loja,Vigente
POL00622,ASE00237,Vehiculos,2024-11-23,2025-11-23,1864.94,39731.66,1297.27,Banca seguros,Manta,Vigente
POL00623,ASE01128,Vehiculos,2024-04-10,2025-04-10,2873.87,55112.01,4085.13,Digital,Ambato,Vigente
POL00624,ASE00941,Vehiculos,2024-07-16,2025-07-16,4778.9,63533.96,1701.05,Agente,Cuenca,Vigente
POL00625,ASE01550,Vehiculos,2025-04-06,2026-04-06,3543.86,52361.84,2355.04,Agente,Cuenca,Vigente
POL00626,ASE00593,Vehiculos,2024-12-30,2025-12-30,422.37,14476.15,435.15,Broker,Guayaquil,Vigente
POL00627,ASE00382,Vehiculos,2025-08-19,2026-08-19,1229.02,42693.85,2657.03,Broker,Manta,Cancelada
POL00628,ASE01117,Vehiculos,2025-08-18,2026-08-18,826.0,37548.52,2352.71,Broker,Manta,Vigente
POL00629,ASE01549,Vehiculos,2025-09-09,2026-09-09,892.75,33110.46,823.55,Banca seguros,Quito,Vigente
POL00630,ASE00053,Vehiculos,2024-02-07,2025-02-06,2077.52,57252.21,1145.0,Digital,Guayaquil,Vigente
POL00631,ASE00603,Vehiculos,2024-07-12,2025-07-12,3233.44,41013.64,2173.78,Banca seguros,Guayaquil,Vigente
POL00632,ASE00816,Vehiculos,2025-09-05,2026-09-05,2553.17,57663.07,1226.8,Broker,Quito,Vigente
POL00633,ASE01160,Vehiculos,2025-05-23,2026-05-23,408.26,13509.63,471.33,Broker,Cuenca,Vigente
POL00634,ASE00231,Vehiculos,2024-07-27,2025-07-27,1581.86,25963.26,1148.32,Banca seguros,Loja,Vigente
POL00635,ASE01511,Vehiculos,2024-04-04,2025-04-04,2006.25,36538.52,553.15,Digital,Guayaquil,Vigente
POL00636,ASE00204,Vehiculos,2024-09-07,2025-09-07,1901.95,45976.95,1912.46,Banca seguros,Quito,Cancelada
POL00637,ASE01243,Vehiculos,2024-07-23,2025-07-23,955.96,44727.8,3517.33,Broker,Santo Domingo,Cancelada
POL00638,ASE01615,Vehiculos,2024-06-15,2025-06-15,3544.4,47469.62,2083.13,Banca seguros,Manta,Vigente
POL00639,ASE00526,Vehiculos,2025-04-12,2026-04-12,1093.81,22913.04,976.33,Banca seguros,Guayaquil,Cancelada
POL00640,ASE00067,Vehiculos,2025-06-16,2026-06-16,3085.17,47238.65,1794.45,Digital,Guayaquil,Vigente
POL00641,ASE00684,Vehiculos,2025-03-21,2026-03-21,663.74,23686.75,373.53,Banca seguros,Cuenca,Vigente
POL00642,ASE00634,Vehiculos,2025-04-11,2026-04-11,635.93,30333.09,2054.31,Banca seguros,Ambato,Vigente
POL00643,ASE01166,Vehiculos,2025-07-12,2026-07-12,579.01,14546.99,200.64,Banca seguros,Loja,Cancelada
POL00644,ASE01466,Vehiculos,2024-11-07,2025-11-07,1024.56,30034.6,1598.61,Broker,Manta,Vigente
POL00645,ASE01037,Vehiculos,2024-06-02,2025-06-02,2014.65,34020.15,1263.1,Broker,Ambato,Vigente
POL00646,ASE00865,Vehiculos,2025-03-11,2026-03-11,1584.04,24535.49,1916.4,Broker,Loja,Vigente
POL00647,ASE00073,Vehiculos,2024-05-04,2025-05-04,1691.34,32015.88,486.18,Agente,Guayaquil,Vigente
POL00648,ASE00500,Vehiculos,2024-04-23,2025-04-23,1697.71,62174.28,2642.11,Digital,Loja,Vigente
POL00649,ASE00718,Vehiculos,2025-01-07,2026-01-07,2039.73,30688.41,783.13,Digital,Ambato,Cancelada
POL00650,ASE00272,Vehiculos,2025-07-23,2026-07-23,4896.15,64840.16,2691.23,Banca seguros,Loja,Vigente
POL00651,ASE01567,Vehiculos,2025-06-16,2026-06-16,4364.26,57853.81,2987.99,Banca seguros,Cuenca,Vigente
POL00652,ASE00960,Vehiculos,2024-05-01,2025-05-01,2344.01,31335.84,715.04,Broker,Portoviejo,Vigente
POL00653,ASE01474,Vehiculos,2024-09-23,2025-09-23,4081.61,61749.13,4828.89,Broker,Ambato,Vigente
POL00654,ASE00579,Vehiculos,2024-08-20,2025-08-20,662.53,28349.38,1283.85,Digital,Santo Domingo,Vigente
POL00655,ASE00049,Vehiculos,2025-07-19,2026-07-19,406.34,10243.54,677.11,Digital,Portoviejo,Vigente
POL00656,ASE00094,Vehiculos,2024-11-02,2025-11-02,1784.45,30406.36,635.78,Agente,Manta,Vigente
POL00657,ASE01663,Vehiculos,2024-03-25,2025-03-25,379.28,15942.34,283.32,Digital,Loja,Vigente
POL00658,ASE00069,Vehiculos,2024-09-30,2025-09-30,3330.76,54706.26,2698.37,Agente,Cuenca,Vigente
POL00659,ASE01040,Vehiculos,2025-05-17,2026-05-17,2215.11,43144.33,2262.84,Digital,Manta,Vigente
POL00660,ASE01284,Vehiculos,2024-05-08,2025-05-08,581.58,18966.23,416.21,Banca seguros,Cuenca,Vigente
POL00661,ASE01480,Vehiculos,2024-09-19,2025-09-19,2050.62,48600.49,2197.02,Agente,Quito,Vigente
POL00662,ASE00539,Vehiculos,2024-11-04,2025-11-04,1825.76,23067.59,1599.73,Digital,Portoviejo,Vigente
POL00663,ASE00940,Vehiculos,2024-06-27,2025-06-27,3678.06,46749.15,1100.0,Banca seguros,Portoviejo,Vigente
POL00664,ASE00515,Vehiculos,2024-01-02,2025-01-01,2383.68,59591.27,3157.44,Agente,Guayaquil,Vigente
POL00665,ASE00127,Vehiculos,2025-05-08,2026-05-08,3159.63,48804.1,1615.3,Broker,Ambato,Cancelada
POL00666,ASE00556,Vehiculos,2025-02-23,2026-02-23,2152.87,27424.13,363.8,Agente,Ambato,Vigente
POL00667,ASE01696,Vehiculos,2024-05-19,2025-05-19,679.11,35275.75,1342.79,Digital,Santo Domingo,Vigente
POL00668,ASE00080,Vehiculos,2024-02-18,2025-02-17,2427.81,42042.19,3348.59,Agente,Quito,Vigente
POL00669,ASE01392,Vehiculos,2025-03-01,2026-03-01,1204.24,41714.89,2249.24,Broker,Guayaquil,Vigente
POL00670,ASE00537,Vehiculos,2024-03-09,2025-03-09,3202.72,51488.42,4002.23,Broker,Guayaquil,Vigente
POL00671,ASE01037,Vehiculos,2024-05-23,2025-05-23,487.27,17742.56,220.72,Agente,Ambato,Vigente
POL00672,ASE00068,Vehiculos,2025-01-27,2026-01-27,1129.96,38820.33,1981.25,Digital,Ambato,Vigente
POL00673,ASE01333,Vehiculos,2024-04-21,2025-04-21,2648.61,35535.87,2397.71,Digital,Ambato,Vigente
POL00674,ASE01589,Vehiculos,2025-03-05,2026-03-05,2550.01,62377.87,3441.83,Agente,Ambato,Vigente
POL00675,ASE01633,Vehiculos,2024-06-14,2025-06-14,1084.08,19717.94,716.59,Agente,Ambato,Vigente
POL00676,ASE00632,Vehiculos,2025-09-02,2026-09-02,2787.62,36360.44,740.72,Banca seguros,Manta,Vigente
POL00677,ASE00007,Vehiculos,2025-04-12,2026-04-12,2655.8,33789.95,1928.39,Digital,Portoviejo,Vigente
POL00678,ASE00625,Vehiculos,2024-01-30,2025-01-29,1001.13,17506.42,697.47,Banca seguros,Cuenca,Vigente
POL00679,ASE00133,Vehiculos,2024-04-27,2025-04-27,2220.6,43471.34,1679.07,Agente,Loja,Vigente
POL00680,ASE00291,Vehiculos,2024-03-16,2025-03-16,979.3,28578.66,1279.81,Broker,Santo Domingo,Vigente
POL00681,ASE00115,Vehiculos,2024-06-24,2025-06-24,1070.91,46331.96,1895.61,Agente,Santo Domingo,Vigente
POL00682,ASE00496,Vehiculos,2025-08-07,2026-08-07,979.88,29786.81,2185.09,Broker,Loja,Vigente
POL00683,ASE01406,Vehiculos,2025-09-04,2026-09-04,641.66,35224.68,1296.16,Banca seguros,Cuenca,Vigente
POL00684,ASE00370,Vehiculos,2024-05-31,2025-05-31,1763.35,40966.65,1300.93,Digital,Loja,Vigente
POL00685,ASE00554,Vehiculos,2025-08-06,2026-08-06,1032.76,14099.95,410.92,Broker,Manta,Vigente
POL00686,ASE01437,Vehiculos,2025-09-18,2026-09-18,2762.86,39980.99,1202.4,Digital,Guayaquil,Vigente
POL00687,ASE00993,Vehiculos,2025-01-31,2026-01-31,1311.65,25633.03,868.69,Banca seguros,Portoviejo,Vigente
POL00688,ASE01197,Vehiculos,2024-05-04,2025-05-04,1993.44,59958.23,4245.58,Banca seguros,Manta,Vigente
POL00689,ASE01070,Vehiculos,2024-10-31,2025-10-31,1066.43,15495.55,773.44,Broker,Portoviejo,Vigente
POL00690,ASE00122,Vehiculos,2024-11-14,2025-11-14,3059.37,39450.38,2814.32,Digital,Cuenca,Vigente
POL00691,ASE01161,Vehiculos,2025-06-16,2026-06-16,1742.23,44982.65,1534.54,Agente,Guayaquil,Vigente
POL00692,ASE00960,Vehiculos,2025-01-29,2026-01-29,3392.05,47844.24,1481.12,Broker,Portoviejo,Vigente
POL00693,ASE00796,Vehiculos,2024-07-20,2025-07-20,3891.15,56798.31,3017.52,Agente,Cuenca,Vigente
POL00694,ASE01666,Vehiculos,2024-02-20,2025-02-19,1089.44,16655.39,1011.65,Agente,Quito,Vigente
POL00695,ASE00317,Vehiculos,2024-12-12,2025-12-12,1722.36,54585.19,2756.44,Digital,Santo Domingo,Vigente
POL00696,ASE01351,Vehiculos,2025-01-06,2026-01-06,1519.71,43907.42,3387.12,Broker,Guayaquil,Vigente
POL00697,ASE00558,Vehiculos,2024-10-03,2025-10-03,2256.22,48176.36,531.03,Broker,Cuenca,Vigente
POL00698,ASE01130,Vehiculos,2025-01-17,2026-01-17,3319.48,44426.84,963.99,Banca seguros,Santo Domingo,Vigente
POL00699,ASE00108,Vehiculos,2024-07-11,2025-07-11,1630.46,27614.37,838.82,Digital,Loja,Vigente
POL00700,ASE01524,Vehiculos,2025-02-03,2026-02-03,1316.7,55994.56,4321.48,Broker,Cuenca,Vigente
POL00701,ASE01151,Vehiculos,2024-12-03,2025-12-03,1917.16,52343.19,2376.25,Digital,Manta,Vigente
POL00702,ASE01345,Vehiculos,2024-02-01,2025-01-31,877.22,19626.44,701.57,Banca seguros,Ambato,Vigente
POL00703,ASE00936,Vehiculos,2024-09-23,2025-09-23,840.57,43900.04,2538.34,Agente,Ambato,Vigente
POL00704,ASE00642,Vehiculos,2024-03-23,2025-03-23,2716.56,37138.05,1969.53,Banca seguros,Manta,Vigente
POL00705,ASE00031,Vehiculos,2024-09-20,2025-09-20,3275.91,40999.99,612.7,Digital,Guayaquil,Vigente
POL00706,ASE01203,Vehiculos,2025-07-13,2026-07-13,3170.63,64340.41,4202.87,Digital,Guayaquil,Vigente
POL00707,ASE00801,Vehiculos,2025-07-21,2026-07-21,845.83,17618.86,1209.54,Digital,Santo Domingo,Vigente
POL00708,ASE00012,Vehiculos,2024-01-15,2025-01-14,616.77,13719.36,754.84,Banca seguros,Guayaquil,Vigente
POL00709,ASE00504,Vehiculos,2024-05-16,2025-05-16,1658.02,39324.38,976.76,Broker,Cuenca,Vigente
POL00710,ASE01479,Vehiculos,2024-09-24,2025-09-24,419.22,8374.92,272.72,Broker,Guayaquil,Vigente
POL00711,ASE01220,Vehiculos,2025-04-02,2026-04-02,2540.42,37134.18,593.1,Digital,Santo Domingo,Vigente
POL00712,ASE01628,Vehiculos,2024-09-02,2025-09-02,884.85,42936.06,439.33,Broker,Loja,Vigente
POL00713,ASE00513,Vehiculos,2025-04-04,2026-04-04,2494.75,43318.56,2918.15,Agente,Guayaquil,Vigente
POL00714,ASE01063,Vehiculos,2024-08-25,2025-08-25,682.25,14589.76,336.41,Digital,Quito,Vigente
POL00715,ASE00970,Vehiculos,2024-07-02,2025-07-02,1140.08,15027.31,1090.67,Banca seguros,Santo Domingo,Vigente
POL00716,ASE01102,Vehiculos,2024-01-12,2025-01-11,1310.15,50003.99,1915.91,Broker,Portoviejo,Vigente
POL00717,ASE01615,Vehiculos,2025-05-16,2026-05-16,1513.89,36665.91,921.39,Agente,Manta,Vigente
POL00718,ASE00944,Vehiculos,2025-07-07,2026-07-07,1582.64,28201.27,994.06,Broker,Manta,Vigente
POL00719,ASE01582,Vehiculos,2024-08-10,2025-08-10,1896.37,56448.1,3685.23,Agente,Quito,Vigente
POL00720,ASE00680,Vehiculos,2024-01-15,2025-01-14,1584.58,59740.65,4695.18,Digital,Cuenca,Vigente
POL00721,ASE00608,Vehiculos,2024-08-30,2025-08-30,1060.54,48911.62,2247.04,Banca seguros,Quito,Vigente
POL00722,ASE00210,Vehiculos,2025-03-27,2026-03-27,3281.04,58902.39,1437.27,Broker,Manta,Vigente
POL00723,ASE00546,Vehiculos,2025-04-10,2026-04-10,3257.75,63309.1,4825.14,Agente,Loja,Vigente
POL00724,ASE00613,Vehiculos,2025-02-10,2026-02-10,1045.67,15276.98,870.53,Agente,Quito,Vigente
POL00725,ASE00283,Vehiculos,2025-09-16,2026-09-16,232.98,8118.37,220.45,Banca seguros,Portoviejo,Vigente
POL00726,ASE00284,Vehiculos,2024-05-15,2025-05-15,1366.0,26663.1,1919.53,Digital,Cuenca,Vigente
POL00727,ASE00278,Vehiculos,2025-03-24,2026-03-24,2025.36,27430.17,1790.94,Digital,Ambato,Vigente
POL00728,ASE00716,Vehiculos,2024-01-23,2025-01-22,1694.44,33711.76,590.01,Digital,Guayaquil,Vigente
POL00729,ASE01122,Vehiculos,2025-01-31,2026-01-31,2011.74,47158.03,2186.01,Digital,Loja,Vigente
POL00730,ASE00741,Vehiculos,2024-06-17,2025-06-17,4160.84,60380.14,3467.58,Digital,Loja,Vigente
POL00731,ASE01516,Vehiculos,2024-11-03,2025-11-03,1427.3,19727.94,266.6,Digital,Manta,Vigente
POL00732,ASE00074,Vehiculos,2024-04-09,2025-04-09,1520.95,23260.12,1434.75,Agente,Quito,Vigente
POL00733,ASE00408,Vehiculos,2024-11-18,2025-11-18,4087.9,62860.05,3679.08,Agente,Guayaquil,Vigente
POL00734,ASE01521,Vehiculos,2024-07-01,2025-07-01,2876.55,44050.1,2282.76,Banca seguros,Guayaquil,Vigente
POL00735,ASE01429,Vehiculos,2025-01-31,2026-01-31,1800.52,23848.06,1692.8,Digital,Ambato,Vigente
POL00736,ASE00405,Vehiculos,2024-03-11,2025-03-11,1442.71,27407.14,518.04,Digital,Guayaquil,Cancelada
POL00737,ASE00785,Vehiculos,2025-06-11,2026-06-11,1428.62,50551.1,1339.58,Broker,Santo Domingo,Vigente
POL00738,ASE01365,Vehiculos,2025-04-04,2026-04-04,2966.84,47448.18,1050.43,Banca seguros,Guayaquil,Vigente
POL00739,ASE00263,Vehiculos,2024-08-03,2025-08-03,1042.31,18946.17,224.72,Digital,Santo Domingo,Vigente
POL00740,ASE01561,Vehiculos,2024-11-17,2025-11-17,1433.33,31628.38,1995.68,Banca seguros,Portoviejo,Vigente
POL00741,ASE01196,Vehiculos,2025-02-13,2026-02-13,1339.92,54074.77,2215.0,Agente,Ambato,Vigente
POL00742,ASE01671,Vehiculos,2025-04-20,2026-04-20,3235.81,40861.66,919.77,Broker,Quito,Vigente
POL00743,ASE00722,Vehiculos,2024-08-01,2025-08-01,1040.36,50656.77,969.42,Agente,Quito,Vigente
POL00744,ASE00678,Vehiculos,2025-02-04,2026-02-04,2106.59,44341.18,3353.47,Agente,Cuenca,Vigente
POL00745,ASE00998,Vehiculos,2024-08-07,2025-08-07,1227.34,30537.59,683.79,Banca seguros,Portoviejo,Cancelada
POL00746,ASE01406,Vehiculos,2024-12-22,2025-12-22,843.05,29125.07,1314.66,Broker,Cuenca,Vigente
POL00747,ASE01277,Vehiculos,2025-06-30,2026-06-30,1233.2,15625.39,695.36,Digital,Cuenca,Vigente
POL00748,ASE00034,Vehiculos,2024-02-23,2025-02-22,801.3,28121.01,1938.54,Banca seguros,Manta,Vigente
POL00749,ASE00133,Vehiculos,2024-07-16,2025-07-16,1727.65,29994.49,914.15,Banca seguros,Loja,Vigente
POL00750,ASE00234,Vehiculos,2024-03-14,2025-03-14,2532.29,55043.76,1723.94,Banca seguros,Quito,Vigente
POL00751,ASE01660,Vehiculos,2025-05-04,2026-05-04,2507.93,43643.48,670.3,Agente,Manta,Vigente
POL00752,ASE00618,Vehiculos,2025-08-07,2026-08-07,349.09,15351.05,619.33,Agente,Guayaquil,Vigente
POL00753,ASE00520,Vehiculos,2024-12-30,2025-12-30,1338.54,51319.5,3639.5,Agente,Santo Domingo,Vigente
POL00754,ASE00261,Vehiculos,2024-10-08,2025-10-08,353.05,17465.07,397.08,Digital,Santo Domingo,Vigente
POL00755,ASE00390,Vehiculos,2024-08-14,2025-08-14,372.22,13612.55,533.28,Broker,Manta,Vigente
POL00756,ASE00489,Vehiculos,2025-07-15,2026-07-15,1689.91,46269.55,2893.26,Digital,Portoviejo,Vigente
POL00757,ASE01020,Vehiculos,2024-06-07,2025-06-07,1233.97,20352.72,329.69,Agente,Santo Domingo,Vigente
POL00758,ASE00450,Vehiculos,2024-09-06,2025-09-06,1144.58,56455.72,3451.93,Digital,Manta,Vigente
POL00759,ASE01216,Vehiculos,2024-10-14,2025-10-14,1187.66,37153.4,2703.43,Broker,Portoviejo,Vigente
POL00760,ASE00281,Vehiculos,2024-10-05,2025-10-05,2543.61,60183.08,1963.82,Digital,Portoviejo,Vigente
POL00761,ASE00757,Vehiculos,2024-02-26,2025-02-25,702.95,38738.96,2354.0,Broker,Quito,Vigente
POL00762,ASE00321,Vehiculos,2024-01-16,2025-01-15,1363.44,18273.43,238.36,Agente,Cuenca,Vigente
POL00763,ASE00143,Vehiculos,2025-09-17,2026-09-17,2341.08,47136.2,918.45,Agente,Ambato,Vigente
POL00764,ASE00322,Vehiculos,2024-11-12,2025-11-12,3604.89,60965.79,1850.7,Banca seguros,Quito,Cancelada
POL00765,ASE00845,Vehiculos,2024-07-02,2025-07-02,797.5,27409.41,480.12,Digital,Santo Domingo,Vigente
POL00766,ASE00824,Vehiculos,2025-02-03,2026-02-03,760.83,31295.07,1395.39,Digital,Manta,Vigente
POL00767,ASE01357,Vehiculos,2025-03-28,2026-03-28,897.78,15020.48,675.5,Broker,Cuenca,Vigente
POL00768,ASE01423,Vehiculos,2024-03-22,2025-03-22,1436.47,30997.63,1455.62,Broker,Guayaquil,Vigente
POL00769,ASE00773,Vehiculos,2024-12-26,2025-12-26,2698.0,40367.09,1092.31,Banca seguros,Cuenca,Vigente
POL00770,ASE01511,Vehiculos,2025-07-10,2026-07-10,1806.5,39865.04,1228.13,Broker,Guayaquil,Vigente
POL00771,ASE01542,Vehiculos,2024-02-19,2025-02-18,2165.16,54661.17,2981.15,Banca seguros,Loja,Vigente
POL00772,ASE01077,Vehiculos,2025-07-27,2026-07-27,1008.05,18330.89,477.62,Banca seguros,Loja,Vigente
POL00773,ASE01278,Vehiculos,2024-02-03,2025-02-02,1001.17,16129.04,1030.56,Broker,Loja,Vigente
POL00774,ASE00171,Vehiculos,2025-09-23,2026-09-23,1696.42,37093.02,1404.72,Broker,Quito,Vigente
POL00775,ASE01140,Vehiculos,2024-12-31,2025-12-31,2326.84,56625.57,1083.84,Digital,Cuenca,Vigente
POL00776,ASE00369,Vehiculos,2025-04-24,2026-04-24,1681.08,30096.25,1098.16,Digital,Portoviejo,Vigente
POL00777,ASE00086,Vehiculos,2024-08-07,2025-08-07,2824.65,48185.58,773.47,Agente,Loja,Vigente
POL00778,ASE01560,Vehiculos,2025-06-01,2026-06-01,1178.7,45838.83,815.75,Agente,Guayaquil,Vigente
POL00779,ASE01388,Vehiculos,2024-01-03,2025-01-02,1452.67,45632.42,1160.44,Broker,Guayaquil,Vigente
POL00780,ASE01011,Vehiculos,2024-11-27,2025-11-27,4352.58,56579.81,1447.85,Banca seguros,Guayaquil,Vigente
POL00781,ASE01609,Vehiculos,2024-07-23,2025-07-23,2659.19,40760.82,2048.33,Digital,Santo Domingo,Vigente
POL00782,ASE00918,Vehiculos,2024-08-20,2025-08-20,1178.07,45696.47,1207.65,Broker,Guayaquil,Vigente
POL00783,ASE00534,Vehiculos,2025-01-13,2026-01-13,932.53,24022.32,1507.06,Broker,Loja,Vigente
POL00784,ASE00362,Vehiculos,2024-01-20,2025-01-19,1869.21,55506.33,1299.46,Banca seguros,Quito,Vigente
POL00785,ASE00047,Vehiculos,2024-11-07,2025-11-07,739.45,36364.19,1670.71,Broker,Cuenca,Vigente
POL00786,ASE01254,Vehiculos,2025-05-08,2026-05-08,1098.22,19214.2,414.58,Broker,Portoviejo,Vigente
POL00787,ASE00814,Vehiculos,2025-02-10,2026-02-10,1625.47,26759.83,1047.44,Banca seguros,Manta,Cancelada
POL00788,ASE01627,Vehiculos,2024-03-10,2025-03-10,2528.78,43067.59,1771.87,Agente,Loja,Vigente
POL00789,ASE01609,Vehiculos,2024-03-08,2025-03-08,2804.99,50765.01,3398.08,Agente,Santo Domingo,Vigente
POL00790,ASE01169,Vehiculos,2024-03-14,2025-03-14,1871.4,31397.72,894.61,Agente,Cuenca,Vigente
POL00791,ASE00096,Vehiculos,2024-08-03,2025-08-03,1134.04,33548.41,1309.27,Agente,Portoviejo,Vigente
POL00792,ASE01534,Vehiculos,2024-07-02,2025-07-02,2134.39,64047.61,3112.54,Agente,Santo Domingo,Vigente
POL00793,ASE01670,Vehiculos,2025-04-01,2026-04-01,2888.44,37859.49,2900.57,Digital,Guayaquil,Vigente
POL00794,ASE00144,Vehiculos,2024-11-16,2025-11-16,1337.84,54740.37,3843.67,Agente,Guayaquil,Vigente
POL00795,ASE00082,Vehiculos,2024-03-15,2025-03-15,723.2,21177.72,1266.66,Agente,Guayaquil,Vigente
POL00796,ASE00305,Vehiculos,2025-06-26,2026-06-26,718.82,9619.36,412.11,Banca seguros,Portoviejo,Vigente
POL00797,ASE00664,Vehiculos,2024-05-08,2025-05-08,1361.6,42031.23,1200.47,Agente,Ambato,Vigente
POL00798,ASE00566,Vehiculos,2024-09-13,2025-09-13,1724.47,25898.05,1740.56,Banca seguros,Santo Domingo,Vigente
POL00799,ASE00575,Vehiculos,2024-06-19,2025-06-19,2373.78,41932.24,2768.41,Digital,Cuenca,Vigente
POL00800,ASE00792,Vehiculos,2024-08-27,2025-08-27,3319.86,45168.53,2529.98,Digital,Cuenca,Vigente
POL00801,ASE00193,Salud,2024-04-05,2025-04-05,448.08,16139.05,974.53,Agente,Cuenca,Vigente
POL00802,ASE00372,Salud,2025-04-13,2026-04-13,197.37,8322.95,232.44,Banca seguros,Quito,Vigente
POL00803,ASE01570,Salud,2024-10-02,2025-10-02,712.2,22232.52,1072.59,Broker,Portoviejo,Vigente
POL00804,ASE00343,Salud,2025-08-29,2026-08-29,1588.36,26961.64,1924.54,Broker,Ambato,Vigente
POL00805,ASE00210,Salud,2024-04-22,2025-04-22,812.05,20717.46,1154.16,Agente,Manta,Vigente
POL00806,ASE00705,Salud,2025-01-24,2026-01-24,559.8,18093.59,637.79,Broker,Quito,Vigente
POL00807,ASE01058,Salud,2024-05-03,2025-05-03,137.35,4924.08,113.74,Broker,Cuenca,Vigente
POL00808,ASE00069,Salud,2025-05-27,2026-05-27,1007.29,21191.2,1015.63,Banca seguros,Cuenca,Vigente
POL00809,ASE00780,Salud,2024-01-21,2025-01-20,1058.05,18722.62,239.18,Banca seguros,Ambato,Vigente
POL00810,ASE01421,Salud,2024-10-18,2025-10-18,825.55,17423.86,223.7,Agente,Guayaquil,Vigente
POL00811,ASE00960,Salud,2024-10-30,2025-10-30,690.2,12611.9,702.64,Agente,Portoviejo,Vigente
POL00812,ASE01018,Salud,2024-10-22,2025-10-22,274.32,4896.94,86.07,Digital,Quito,Vigente
POL00813,ASE01260,Salud,2025-08-07,2026-08-07,1056.71,15974.23,435.03,Agente,Portoviejo,Vigente
POL00814,ASE00422,Salud,2025-01-07,2026-01-07,1633.56,21659.0,1344.98,Digital,Loja,Vigente
POL00815,ASE00875,Salud,2024-07-08,2025-07-08,2495.72,34195.56,2050.56,Broker,Cuenca,Vigente
POL00816,ASE01429,Salud,2024-09-25,2025-09-25,721.03,19610.19,344.61,Banca seguros,Ambato,Vigente
POL00817,ASE01176,Salud,2025-06-22,2026-06-22,191.07,3387.23,173.47,Digital,Guayaquil,Vigente
POL00818,ASE01644,Salud,2025-02-13,2026-02-13,572.5,11736.92,691.95,Broker,Quito,Vigente
POL00819,ASE00910,Salud,2024-09-11,2025-09-11,628.89,18250.45,786.24,Broker,Portoviejo,Vigente
POL00820,ASE00232,Salud,2024-01-24,2025-01-23,1957.26,26237.61,1153.27,Broker,Cuenca,Vigente
POL00821,ASE01091,Salud,2025-07-18,2026-07-18,384.79,16908.99,550.76,Digital,Manta,Vigente
POL00822,ASE00668,Salud,2024-05-03,2025-05-03,225.82,4019.87,252.01,Banca seguros,Portoviejo,Vigente
POL00823,ASE00562,Salud,2024-05-12,2025-05-12,1809.33,25005.05,1205.4,Banca seguros,Quito,Vigente
POL00824,ASE01483,Salud,2024-11-25,2025-11-25,319.19,4138.41,202.36,Broker,Santo Domingo,Vigente
POL00825,ASE01331,Salud,2024-03-29,2025-03-29,1601.64,31993.17,2185.47,Broker,Guayaquil,Vigente
POL00826,ASE01440,Salud,2025-04-21,2026-04-21,230.34,11263.94,561.03,Banca seguros,Loja,Vigente
POL00827,ASE00974,Salud,2024-06-02,2025-06-02,341.35,14803.36,766.1,Digital,Loja,Vigente
POL00828,ASE01083,Salud,2025-09-16,2026-09-16,1059.58,21168.47,848.22,Digital,Portoviejo,Vigente
POL00829,ASE00150,Salud,2024-10-25,2025-10-25,1945.65,28347.95,1256.68,Agente,Portoviejo,Vigente
POL00830,ASE00264,Salud,2025-06-25,2026-06-25,1404.02,20840.04,993.74,Digital,Quito,Vigente
POL00831,ASE00470,Salud,2024-08-14,2025-08-14,1188.91,20862.16,876.07,Digital,Cuenca,Vigente
POL00832,ASE01109,Salud,2024-10-28,2025-10-28,509.8,19870.44,808.58,Agente,Loja,Vigente
POL00833,ASE00211,Salud,2025-04-20,2026-04-20,791.58,15381.52,355.71,Agente,Quito,Vigente
POL00834,ASE00392,Salud,2024-06-12,2025-06-12,1024.39,17889.37,619.95,Agente,Quito,Vigente
POL00835,ASE00732,Salud,2024-08-13,2025-08-13,449.41,7760.23,489.56,Digital,Manta,Vigente
POL00836,ASE01501,Salud,2024-12-26,2025-12-26,110.84,3395.42,78.45,Agente,Quito,Vigente
POL00837,ASE00580,Salud,2024-09-13,2025-09-13,1098.24,28113.11,697.14,Broker,Santo Domingo,Vigente
POL00838,ASE01462,Salud,2024-07-11,2025-07-11,1331.6,17657.03,1303.17,Digital,Santo Domingo,Vigente
POL00839,ASE01318,Salud,2025-06-21,2026-06-21,2433.05,31244.35,945.02,Digital,Quito,Vigente
POL00840,ASE01265,Salud,2024-11-17,2025-11-17,1033.88,18946.17,1251.86,Digital,Santo Domingo,Vigente
POL00841,ASE01312,Salud,2024-12-22,2025-12-22,2297.27,30452.79,1396.65,Agente,Loja,Cancelada
POL00842,ASE01106,Salud,2025-08-07,2026-08-07,1501.73,29143.55,2187.62,Broker,Loja,Vigente
POL00843,ASE01700,Salud,2024-12-23,2025-12-23,1413.19,25839.3,1174.92,Broker,Loja,Vigente
POL00844,ASE01699,Salud,2025-02-02,2026-02-02,758.28,22226.26,1434.38,Agente,Santo Domingo,Vigente
POL00845,ASE01102,Salud,2024-02-16,2025-02-15,744.76,11885.03,588.74,Agente,Portoviejo,Vigente
POL00846,ASE00584,Salud,2024-05-24,2025-05-24,1505.51,20097.85,1401.36,Broker,Manta,Vigente
POL00847,ASE00312,Salud,2025-01-20,2026-01-20,477.64,14244.56,510.69,Digital,Manta,Vigente
POL00848,ASE00142,Salud,2025-02-23,2026-02-23,1640.22,30904.74,1713.59,Agente,Cuenca,Vigente
POL00849,ASE00933,Salud,2024-08-20,2025-08-20,1196.36,34634.9,2245.68,Banca seguros,Portoviejo,Vigente
POL00850,ASE01548,Salud,2024-01-23,2025-01-22,329.92,12296.92,802.17,Banca seguros,Manta,Vigente
POL00851,ASE00128,Salud,2025-01-09,2026-01-09,1615.85,21325.85,385.95,Digital,Guayaquil,Vigente
POL00852,ASE00781,Salud,2024-09-04,2025-09-04,2193.16,31777.13,842.91,Digital,Portoviejo,Vigente
POL00853,ASE00685,Salud,2025-08-26,2026-08-26,1377.67,33273.93,1152.96,Broker,Guayaquil,Vigente
POL00854,ASE00804,Salud,2024-10-09,2025-10-09,368.31,9084.61,482.48,Agente,Quito,Vigente
POL00855,ASE00810,Salud,2024-04-16,2025-04-16,284.56,11479.52,465.38,Banca seguros,Santo Domingo,Vigente
POL00856,ASE00072,Salud,2024-01-09,2025-01-08,1049.19,18538.28,1208.68,Banca seguros,Cuenca,Vigente
POL00857,ASE01291,Salud,2025-01-23,2026-01-23,480.5,6349.3,473.0,Banca seguros,Guayaquil,Vigente
POL00858,ASE00962,Salud,2025-01-01,2026-01-01,1331.11,28374.34,2216.13,Digital,Loja,Vigente
POL00859,ASE01090,Salud,2025-01-20,2026-01-20,1234.15,18238.21,415.58,Banca seguros,Portoviejo,Vigente
POL00860,ASE00710,Salud,2024-08-26,2025-08-26,625.31,17419.78,671.03,Broker,Loja,Vigente
POL00861,ASE01681,Salud,2025-07-24,2026-07-24,838.36,16475.33,971.5,Broker,Cuenca,Vigente
POL00862,ASE01011,Salud,2025-07-07,2026-07-07,1876.8,29976.68,1913.01,Banca seguros,Guayaquil,Vigente
POL00863,ASE01086,Salud,2025-05-26,2026-05-26,2212.7,31648.99,420.3,Banca seguros,Cuenca,Vigente
POL00864,ASE00879,Salud,2024-05-28,2025-05-28,1230.55,16552.99,772.66,Agente,Santo Domingo,Vigente
POL00865,ASE00539,Salud,2024-11-17,2025-11-17,1720.95,30748.96,1156.28,Digital,Portoviejo,Vigente
POL00866,ASE00355,Salud,2025-04-29,2026-04-29,632.25,22546.86,648.39,Digital,Portoviejo,Vigente
POL00867,ASE01539,Salud,2025-09-25,2026-09-25,1634.63,26329.58,1189.83,Banca seguros,Santo Domingo,Vigente
POL00868,ASE00546,Salud,2024-12-07,2025-12-07,275.9,5038.9,209.71,Digital,Loja,Vigente
POL00869,ASE00678,Salud,2024-01-23,2025-01-22,359.92,7601.52,478.89,Digital,Cuenca,Vigente
POL00870,ASE00335,Salud,2024-09-03,2025-09-03,304.5,5885.47,351.05,Agente,Quito,Vigente
POL00871,ASE00056,Salud,2025-01-14,2026-01-14,843.73,17220.06,818.64,Broker,Ambato,Vigente
POL00872,ASE00860,Salud,2025-06-02,2026-06-02,1625.46,23714.88,1109.15,Broker,Ambato,Vigente
POL00873,ASE00966,Salud,2025-05-03,2026-05-03,206.78,5510.77,96.61,Agente,Cuenca,Vigente
POL00874,ASE00686,Salud,2025-08-27,2026-08-27,71.19,3879.31,225.74,Agente,Loja,Vigente
POL00875,ASE01078,Salud,2024-10-22,2025-10-22,1966.46,24824.23,663.94,Agente,Quito,Vigente
POL00876,ASE00086,Salud,2025-01-18,2026-01-18,1090.93,16162.26,490.42,Digital,Loja,Vigente
POL00877,ASE01469,Salud,2024-02-21,2025-02-20,1077.06,14012.76,305.1,Broker,Portoviejo,Vigente
POL00878,ASE01684,Salud,2024-02-01,2025-01-31,301.39,7941.92,248.41,Banca seguros,Guayaquil,Vigente
POL00879,ASE01405,Salud,2024-12-25,2025-12-25,2168.71,28781.09,1006.24,Banca seguros,Loja,Vigente
POL00880,ASE00404,Salud,2025-03-22,2026-03-22,812.34,16320.82,1189.61,Digital,Santo Domingo,Vigente
POL00881,ASE01641,Salud,2025-04-22,2026-04-22,611.05,8048.7,474.79,Banca seguros,Guayaquil,Vigente
POL00882,ASE00045,Salud,2025-10-01,2026-10-01,645.48,13253.82,625.33,Banca seguros,Loja,Vigente
POL00883,ASE01144,Salud,2025-06-26,2026-06-26,1329.18,18498.92,756.96,Agente,Loja,Vigente
POL00884,ASE00445,Salud,2025-02-22,2026-02-22,165.7,6044.71,99.18,Digital,Manta,Vigente
POL00885,ASE01105,Salud,2024-03-22,2025-03-22,701.84,19709.18,399.51,Agente,Cuenca,Vigente
POL00886,ASE01441,Salud,2025-09-29,2026-09-29,1296.93,17007.3,893.55,Digital,Manta,Vigente
POL00887,ASE00740,Salud,2024-03-11,2025-03-11,1195.09,15395.24,743.28,Agente,Portoviejo,Vigente
POL00888,ASE00917,Salud,2024-02-13,2025-02-12,1517.58,21904.99,246.82,Digital,Ambato,Vigente
POL00889,ASE01021,Salud,2024-07-14,2025-07-14,178.75,4926.27,357.13,Agente,Manta,Vigente
POL00890,ASE01276,Salud,2024-06-17,2025-06-17,1426.02,18241.0,691.28,Digital,Ambato,Vigente
POL00891,ASE00863,Salud,2024-05-12,2025-05-12,584.75,29187.98,1568.35,Banca seguros,Quito,Vigente
POL00892,ASE01655,Salud,2024-12-20,2025-12-20,684.42,9319.61,398.64,Digital,Ambato,Vigente
POL00893,ASE00099,Salud,2024-07-08,2025-07-08,926.85,31812.41,1377.03,Agente,Cuenca,Vigente
POL00894,ASE01604,Salud,2025-08-28,2026-08-28,607.03,8423.12,499.64,Digital,Manta,Vigente
POL00895,ASE01533,Salud,2024-06-03,2025-06-03,355.92,8914.57,357.85,Agente,Santo Domingo,Vigente
POL00896,ASE01313,Salud,2024-01-15,2025-01-14,1382.88,29215.84,1377.65,Agente,Santo Domingo,Vigente
POL00897,ASE01539,Salud,2024-10-10,2025-10-10,503.99,6527.32,486.88,Digital,Santo Domingo,Vigente
POL00898,ASE01303,Salud,2025-03-09,2026-03-09,902.57,14774.19,230.1,Banca seguros,Cuenca,Vigente
POL00899,ASE01013,Salud,2025-05-06,2026-05-06,352.34,6522.98,226.79,Banca seguros,Quito,Vigente
POL00900,ASE00694,Salud,2024-04-02,2025-04-02,546.47,22482.86,583.69,Agente,Guayaquil,Vigente
POL00901,ASE01146,Salud,2025-01-24,2026-01-24,528.05,14650.72,763.64,Banca seguros,Portoviejo,Vigente
POL00902,ASE01063,Salud,2025-01-10,2026-01-10,1315.55,20380.98,684.68,Broker,Quito,Vigente
POL00903,ASE01581,Salud,2025-07-13,2026-07-13,2657.9,34542.22,980.39,Digital,Loja,Vigente
POL00904,ASE01419,Salud,2025-03-23,2026-03-23,960.6,25852.56,1100.81,Digital,Loja,Vigente
POL00905,ASE00985,Salud,2025-03-24,2026-03-24,1163.52,24913.27,294.79,Agente,Manta,Vigente
POL00906,ASE01258,Salud,2024-02-20,2025-02-19,379.67,6253.38,445.02,Digital,Quito,Vigente
POL00907,ASE01437,Salud,2025-05-20,2026-05-20,329.49,10551.49,700.05,Broker,Guayaquil,Vigente
POL00908,ASE00512,Salud,2024-09-30,2025-09-30,359.56,17675.24,553.34,Digital,Quito,Vigente
POL00909,ASE00814,Salud,2025-08-03,2026-08-03,713.72,22288.97,1670.94,Broker,Manta,Vigente
POL00910,ASE01630,Salud,2025-05-07,2026-05-07,91.63,4702.52,302.31,Broker,Manta,Vigente
POL00911,ASE01244,Salud,2024-02-18,2025-02-17,420.4,18624.8,581.15,Banca seguros,Cuenca,Vigente
POL00912,ASE01140,Salud,2024-02-07,2025-02-06,1588.69,20180.69,598.51,Banca seguros,Cuenca,Vigente
POL00913,ASE00621,Salud,2024-10-07,2025-10-07,1066.87,13912.88,757.11,Agente,Manta,Vigente
POL00914,ASE01393,Salud,2024-12-20,2025-12-20,370.44,6098.35,179.03,Broker,Santo Domingo,Vigente
POL00915,ASE00487,Salud,2024-06-04,2025-06-04,586.44,15593.91,406.21,Digital,Portoviejo,Vigente
POL00916,ASE00526,Salud,2024-07-04,2025-07-04,566.16,20600.97,921.32,Agente,Guayaquil,Vigente
POL00917,ASE01429,Salud,2024-02-11,2025-02-10,1275.07,29327.06,1831.67,Digital,Ambato,Vigente
POL00918,ASE01427,Salud,2025-01-23,2026-01-23,897.21,31636.54,1250.42,Digital,Loja,Vigente
POL00919,ASE01681,Salud,2024-04-02,2025-04-02,131.07,6657.72,515.61,Broker,Cuenca,Vigente
POL00920,ASE00740,Salud,2024-07-03,2025-07-03,288.8,11611.21,650.44,Digital,Portoviejo,Vigente
POL00921,ASE01115,Salud,2024-03-25,2025-03-25,437.43,11764.84,736.44,Agente,Portoviejo,Vigente
POL00922,ASE01637,Salud,2024-09-13,2025-09-13,1036.5,24367.26,1581.83,Banca seguros,Loja,Vigente
POL00923,ASE01105,Salud,2025-06-07,2026-06-07,763.54,33250.67,563.5,Banca seguros,Cuenca,Vigente
POL00924,ASE00393,Salud,2025-06-30,2026-06-30,170.73,7085.26,534.36,Agente,Ambato,Vigente
POL00925,ASE00194,Salud,2024-05-29,2025-05-29,1469.92,24220.8,1318.29,Banca seguros,Quito,Vigente
POL00926,ASE00586,Salud,2024-07-07,2025-07-07,1951.97,25971.39,1571.01,Agente,Portoviejo,Vigente
POL00927,ASE01256,Salud,2025-03-15,2026-03-15,243.61,6811.92,274.29,Digital,Quito,Vigente
POL00928,ASE00167,Salud,2024-01-29,2025-01-28,893.24,12082.31,625.61,Agente,Cuenca,Vigente
POL00929,ASE00911,Salud,2024-07-28,2025-07-28,1172.36,33707.52,2608.21,Broker,Quito,Vigente
POL00930,ASE00116,Salud,2025-09-30,2026-09-30,646.07,33301.33,542.04,Banca seguros,Portoviejo,Vigente
POL00931,ASE00325,Salud,2024-05-24,2025-05-24,558.98,17162.1,620.68,Broker,Portoviejo,Vigente
POL00932,ASE00737,Salud,2025-09-26,2026-09-26,442.24,14657.98,376.44,Agente,Loja,Vigente
POL00933,ASE00274,Salud,2024-05-14,2025-05-14,1054.24,33319.44,1923.69,Digital,Santo Domingo,Vigente
POL00934,ASE01570,Salud,2024-04-14,2025-04-14,2105.98,27978.06,305.53,Digital,Portoviejo,Vigente
POL00935,ASE01081,Salud,2025-09-30,2026-09-30,1063.46,28064.94,1234.69,Digital,Loja,Vigente
POL00936,ASE00056,Salud,2024-02-21,2025-02-20,255.41,3650.21,163.29,Broker,Ambato,Vigente
POL00937,ASE00555,Salud,2025-05-16,2026-05-16,480.61,7444.05,105.92,Digital,Portoviejo,Vigente
POL00938,ASE00885,Salud,2024-07-08,2025-07-08,616.05,8622.11,377.61,Digital,Guayaquil,Vigente
POL00939,ASE01477,Salud,2024-11-05,2025-11-05,648.5,26089.7,1715.71,Banca seguros,Quito,Vigente
POL00940,ASE01031,Salud,2025-03-12,2026-03-12,280.49,11400.67,729.28,Agente,Santo Domingo,Vigente
POL00941,ASE00024,Salud,2024-11-05,2025-11-05,220.16,4138.37,312.28,Banca seguros,Cuenca,Vigente
POL00942,ASE00963,Salud,2025-04-04,2026-04-04,1225.02,16124.04,341.48,Agente,Quito,Vigente
POL00943,ASE00041,Salud,2024-03-02,2025-03-02,267.12,8787.96,528.68,Broker,Guayaquil,Vigente
POL00944,ASE01129,Salud,2024-09-10,2025-09-10,538.92,15235.29,390.55,Digital,Portoviejo,Vigente
POL00945,ASE01584,Salud,2024-03-11,2025-03-11,314.46,9092.46,556.33,Banca seguros,Manta,Vigente
POL00946,ASE00074,Salud,2024-02-24,2025-02-23,1735.57,24133.97,995.18,Agente,Quito,Vigente
POL00947,ASE01186,Salud,2024-02-18,2025-02-17,791.43,20126.11,362.69,Digital,Portoviejo,Vigente
POL00948,ASE00442,Salud,2024-02-22,2025-02-21,1331.82,22948.76,589.63,Banca seguros,Santo Domingo,Vigente
POL00949,ASE01605,Salud,2024-07-07,2025-07-07,738.59,12110.42,155.86,Digital,Portoviejo,Vigente
POL00950,ASE01627,Salud,2024-09-08,2025-09-08,1488.99,24378.27,1357.07,Banca seguros,Loja,Vigente
POL00951,ASE00973,Salud,2024-08-22,2025-08-22,527.84,13569.34,690.8,Digital,Portoviejo,Vigente
POL00952,ASE01166,Salud,2024-06-13,2025-06-13,744.83,19080.29,1007.51,Broker,Loja,Vigente
POL00953,ASE01674,Salud,2024-10-14,2025-10-14,1005.88,12708.09,158.62,Agente,Santo Domingo,Vigente
POL00954,ASE01048,Salud,2025-02-14,2026-02-14,1625.41,33893.45,1474.74,Banca seguros,Guayaquil,Vigente
POL00955,ASE00848,Salud,2025-09-06,2026-09-06,1995.24,32739.61,763.04,Agente,Portoviejo,Vigente
POL00956,ASE00344,Salud,2024-10-02,2025-10-02,447.99,8391.81,185.94,Broker,Portoviejo,Vigente
POL00957,ASE00984,Salud,2024-02-02,2025-02-01,794.05,18887.83,1322.55,Digital,Santo Domingo,Vigente
POL00958,ASE01062,Salud,2024-10-05,2025-10-05,1369.47,20040.12,935.05,Agente,Guayaquil,Vigente
POL00959,ASE01008,Salud,2025-05-02,2026-05-02,431.99,8848.7,514.42,Broker,Loja,Vigente
POL00960,ASE01382,Salud,2025-07-03,2026-07-03,1496.14,20975.79,1120.8,Agente,Cuenca,Vigente
POL00961,ASE00182,Salud,2024-11-30,2025-11-30,257.52,3616.77,168.96,Digital,Ambato,Vigente
POL00962,ASE00717,Salud,2025-01-10,2026-01-10,442.18,6360.0,348.64,Broker,Guayaquil,Vigente
POL00963,ASE01266,Salud,2024-11-25,2025-11-25,325.97,16158.41,1126.6,Banca seguros,Guayaquil,Vigente
POL00964,ASE01063,Salud,2024-12-17,2025-12-17,166.87,5379.96,391.21,Broker,Quito,Vigente
POL00965,ASE00286,Salud,2024-06-22,2025-06-22,967.94,19390.91,1539.68,Banca seguros,Guayaquil,Vigente
POL00966,ASE00239,Salud,2024-11-10,2025-11-10,1110.13,16964.88,309.71,Digital,Santo Domingo,Vigente
POL00967,ASE00890,Salud,2024-09-01,2025-09-01,117.09,4303.42,270.16,Banca seguros,Portoviejo,Vigente
POL00968,ASE01642,Salud,2024-02-04,2025-02-03,1340.59,20196.44,1285.66,Banca seguros,Manta,Vigente
POL00969,ASE00222,Salud,2024-03-08,2025-03-08,1276.82,19760.56,1042.64,Agente,Ambato,Vigente
POL00970,ASE00565,Salud,2025-04-28,2026-04-28,734.04,22235.61,884.37,Digital,Ambato,Vigente
POL00971,ASE00159,Salud,2024-08-22,2025-08-22,413.7,11615.34,481.21,Banca seguros,Loja,Vigente
POL00972,ASE00828,Salud,2025-04-29,2026-04-29,568.59,10589.35,686.93,Agente,Portoviejo,Vigente
POL00973,ASE01105,Salud,2024-05-21,2025-05-21,658.65,23122.0,1507.66,Banca seguros,Cuenca,Vigente
POL00974,ASE00767,Salud,2024-05-28,2025-05-28,1209.54,24821.72,1156.74,Agente,Loja,Vigente
POL00975,ASE00291,Salud,2024-12-14,2025-12-14,418.22,17574.0,903.65,Broker,Santo Domingo,Vigente
POL00976,ASE00604,Salud,2024-11-10,2025-11-10,2220.96,27915.47,467.0,Broker,Cuenca,Vigente
POL00977,ASE01610,Salud,2024-01-11,2025-01-10,69.76,3588.28,193.55,Banca seguros,Loja,Vigente
POL00978,ASE01318,Salud,2024-01-05,2025-01-04,2273.4,29652.66,640.89,Banca seguros,Quito,Vigente
POL00979,ASE01698,Salud,2025-04-05,2026-04-05,229.22,5690.92,62.98,Banca seguros,Manta,Vigente
POL00980,ASE00177,Salud,2024-03-19,2025-03-19,305.46,5621.34,219.19,Digital,Quito,Vigente
POL00981,ASE01459,Salud,2024-07-07,2025-07-07,495.16,21756.64,1040.8,Banca seguros,Santo Domingo,Vigente
POL00982,ASE00919,Salud,2024-05-08,2025-05-08,981.66,34885.99,1825.31,Banca seguros,Cuenca,Vigente
POL00983,ASE00978,Salud,2024-11-20,2025-11-20,274.85,6306.53,358.16,Digital,Loja,Vigente
POL00984,ASE01598,Salud,2025-03-30,2026-03-30,273.3,14625.38,1039.39,Agente,Santo Domingo,Vigente
POL00985,ASE00734,Salud,2024-04-03,2025-04-03,381.18,13374.84,953.21,Digital,Santo Domingo,Vigente
POL00986,ASE01093,Salud,2025-05-01,2026-05-01,839.44,10538.94,481.08,Digital,Portoviejo,Vigente
POL00987,ASE00212,Salud,2025-02-13,2026-02-13,370.51,14480.79,1148.1,Broker,Portoviejo,Vigente
POL00988,ASE00054,Salud,2024-11-06,2025-11-06,523.5,14061.98,805.19,Broker,Cuenca,Vigente
POL00989,ASE01700,Salud,2025-02-11,2026-02-11,1976.68,26042.06,730.43,Agente,Loja,Vigente
POL00990,ASE01360,Salud,2025-07-10,2026-07-10,1446.04,21811.78,295.59,Banca seguros,Ambato,Vigente
POL00991,ASE01102,Salud,2024-02-26,2025-02-25,2189.68,32698.89,519.13,Banca seguros,Portoviejo,Vigente
POL00992,ASE00811,Salud,2025-05-23,2026-05-23,1779.82,31170.85,1463.35,Banca seguros,Santo Domingo,Vigente
POL00993,ASE01197,Salud,2025-08-20,2026-08-20,758.95,15455.95,1097.48,Banca seguros,Manta,Vigente
POL00994,ASE00114,Salud,2025-07-03,2026-07-03,993.07,15638.32,439.99,Banca seguros,Manta,Vigente
POL00995,ASE01005,Salud,2024-07-31,2025-07-31,1653.29,33396.33,961.54,Agente,Guayaquil,Cancelada
POL00996,ASE00904,Salud,2024-08-08,2025-08-08,1458.46,31424.07,1369.85,Broker,Manta,Vigente
POL00997,ASE00836,Salud,2024-08-20,2025-08-20,598.6,26389.57,375.15,Agente,Santo Domingo,Vigente
POL00998,ASE00029,Salud,2025-07-28,2026-07-28,1133.72,23591.49,1159.67,Digital,Santo Domingo,Vigente
POL00999,ASE01274,Salud,2025-08-18,2026-08-18,433.84,20572.77,982.23,Agente,Santo Domingo,Vigente
POL01000,ASE00249,Salud,2024-11-05,2025-11-05,699.98,21748.59,1676.03,Banca seguros,Cuenca,Vigente
POL01001,ASE00236,Salud,2024-07-01,2025-07-01,2239.43,30948.05,1947.75,Digital,Santo Domingo,Vigente
POL01002,ASE01131,Salud,2025-02-18,2026-02-18,635.17,9615.47,388.71,Digital,Ambato,Vigente
POL01003,ASE01621,Salud,2025-03-07,2026-03-07,499.45,12775.48,849.01,Broker,Santo Domingo,Vigente
POL01004,ASE00808,Salud,2024-11-26,2025-11-26,1272.54,19574.22,1464.45,Digital,Quito,Vigente
POL01005,ASE01254,Salud,2024-09-08,2025-09-08,1041.09,16119.68,513.37,Broker,Portoviejo,Vigente
POL01006,ASE00487,Salud,2025-08-22,2026-08-22,904.69,31921.49,1786.25,Broker,Portoviejo,Vigente
POL01007,ASE00546,Salud,2025-07-20,2026-07-20,1843.46,33747.44,1661.37,Digital,Loja,Vigente
POL01008,ASE00635,Salud,2024-07-13,2025-07-13,1088.51,14686.94,1126.48,Agente,Quito,Vigente
POL01009,ASE01041,Salud,2025-01-30,2026-01-30,473.11,23286.35,1398.81,Banca seguros,Guayaquil,Vigente
POL01010,ASE00232,Salud,2025-07-20,2026-07-20,1536.74,19698.51,1518.23,Banca seguros,Cuenca,Vigente
POL01011,ASE01281,Salud,2025-04-30,2026-04-30,1043.76,33718.91,2226.87,Banca seguros,Loja,Vigente
POL01012,ASE01623,Salud,2024-09-04,2025-09-04,1781.87,29507.44,514.03,Digital,Santo Domingo,Vigente
POL01013,ASE00867,Salud,2024-08-02,2025-08-02,771.24,12195.75,703.75,Digital,Quito,Vigente
POL01014,ASE00034,Salud,2024-08-29,2025-08-29,323.36,11889.22,396.42,Banca seguros,Manta,Vigente
POL01015,ASE00112,Salud,2025-04-26,2026-04-26,146.84,5105.58,285.81,Digital,Portoviejo,Vigente
POL01016,ASE00599,Salud,2024-07-26,2025-07-26,437.0,17081.38,697.28,Banca seguros,Cuenca,Vigente
POL01017,ASE00958,Salud,2024-08-24,2025-08-24,300.58,16542.83,205.32,Broker,Santo Domingo,Vigente
POL01018,ASE01384,Salud,2024-04-11,2025-04-11,2177.75,29126.56,1665.2,Banca seguros,Guayaquil,Vigente
POL01019,ASE00622,Salud,2024-06-06,2025-06-06,743.24,13261.18,927.11,Broker,Guayaquil,Vigente
POL01020,ASE00365,Salud,2024-04-08,2025-04-08,1051.2,16924.94,1342.82,Digital,Cuenca,Vigente
POL01021,ASE00844,Salud,2025-04-03,2026-04-03,304.6,11264.3,743.89,Agente,Cuenca,Vigente
POL01022,ASE00571,Salud,2024-09-12,2025-09-12,356.81,9117.1,245.17,Digital,Quito,Vigente
POL01023,ASE00373,Salud,2025-09-14,2026-09-14,661.31,12163.8,812.85,Agente,Loja,Vigente
POL01024,ASE00622,Salud,2024-06-20,2025-06-20,337.9,8451.3,540.7,Agente,Guayaquil,Vigente
POL01025,ASE01323,Salud,2025-06-11,2026-06-11,1223.82,24101.91,955.65,Broker,Cuenca,Vigente
POL01026,ASE00564,Salud,2025-06-07,2026-06-07,1129.67,14468.94,981.46,Digital,Cuenca,Vigente
POL01027,ASE00011,Salud,2025-08-28,2026-08-28,1528.28,24065.55,392.31,Digital,Manta,Vigente
POL01028,ASE00664,Salud,2024-07-10,2025-07-10,2283.28,33567.85,1625.57,Agente,Ambato,Vigente
POL01029,ASE00471,Salud,2024-10-09,2025-10-09,1035.11,15346.29,626.42,Broker,Quito,Vigente
POL01030,ASE01222,Salud,2024-06-17,2025-06-17,1500.36,24338.92,1281.1,Digital,Manta,Vigente
POL01031,ASE00227,Salud,2025-05-13,2026-05-13,396.61,20243.98,494.36,Digital,Manta,Vigente
POL01032,ASE00698,Salud,2024-05-30,2025-05-30,332.32,12151.43,739.77,Banca seguros,Quito,Vigente
POL01033,ASE00140,Salud,2025-06-18,2026-06-18,1718.68,29232.36,2173.41,Broker,Ambato,Vigente
POL01034,ASE01109,Salud,2025-08-30,2026-08-30,1004.45,17955.57,1001.81,Broker,Loja,Vigente
POL01035,ASE00846,Salud,2024-03-20,2025-03-20,826.27,26556.61,692.53,Digital,Manta,Vigente
POL01036,ASE00132,Salud,2025-05-22,2026-05-22,378.03,10715.59,342.77,Agente,Guayaquil,Vigente
POL01037,ASE00889,Salud,2024-06-01,2025-06-01,809.17,13692.57,702.37,Digital,Ambato,Vigente
POL01038,ASE00695,Salud,2024-10-02,2025-10-02,1442.9,23484.44,913.2,Broker,Cuenca,Vigente
POL01039,ASE00201,Salud,2024-12-25,2025-12-25,1021.64,31612.93,1300.03,Broker,Cuenca,Vigente
POL01040,ASE00878,Salud,2024-11-28,2025-11-28,596.57,21627.76,739.56,Agente,Ambato,Vigente
POL01041,ASE00984,Salud,2025-04-07,2026-04-07,263.61,4422.65,114.15,Broker,Santo Domingo,Vigente
POL01042,ASE00431,Salud,2024-05-31,2025-05-31,1235.68,34151.87,1968.55,Broker,Manta,Vigente
POL01043,ASE00499,Salud,2024-01-03,2025-01-02,792.87,20169.71,698.38,Banca seguros,Quito,Vigente
POL01044,ASE00360,Salud,2025-01-16,2026-01-16,457.91,23380.45,505.63,Banca seguros,Manta,Vigente
POL01045,ASE00358,Salud,2024-01-19,2025-01-18,728.51,16035.31,1097.82,Broker,Quito,Vigente
POL01046,ASE01062,Salud,2024-08-11,2025-08-11,1820.53,32897.97,2115.85,Agente,Guayaquil,Vigente
POL01047,ASE00311,Salud,2024-04-05,2025-04-05,499.71,14670.47,373.94,Banca seguros,Guayaquil,Vigente
POL01048,ASE01384,Salud,2024-07-10,2025-07-10,1664.56,20854.08,483.93,Broker,Guayaquil,Vigente
POL01049,ASE00355,Salud,2025-01-10,2026-01-10,783.03,17827.61,539.54,Digital,Portoviejo,Vigente
POL01050,ASE01515,Salud,2024-11-25,2025-11-25,466.89,11099.36,461.45,Agente,Cuenca,Vigente
POL01051,ASE00985,Salud,2025-08-27,2026-08-27,1129.87,25975.83,831.75,Banca seguros,Manta,Cancelada
POL01052,ASE01529,Salud,2025-06-17,2026-06-17,294.1,5588.08,197.83,Banca seguros,Quito,Vigente
POL01053,ASE00716,Salud,2025-02-15,2026-02-15,434.17,14457.37,358.41,Broker,Guayaquil,Vigente
POL01054,ASE00222,Salud,2024-09-14,2025-09-14,2473.98,31244.51,1137.25,Broker,Ambato,Vigente
POL01055,ASE00698,Salud,2025-04-27,2026-04-27,1947.01,31675.08,2316.05,Agente,Quito,Cancelada
POL01056,ASE00824,Salud,2024-01-20,2025-01-19,700.04,18889.04,397.01,Agente,Manta,Vigente
POL01057,ASE01153,Salud,2025-04-06,2026-04-06,1381.8,25588.86,1782.55,Digital,Portoviejo,Vigente
POL01058,ASE00168,Salud,2024-05-31,2025-05-31,1889.36,29110.25,2074.85,Agente,Manta,Vigente
POL01059,ASE00542,Salud,2024-10-13,2025-10-13,1341.86,18631.34,259.22,Banca seguros,Santo Domingo,Vigente
POL01060,ASE00486,Salud,2024-04-16,2025-04-16,234.03,7888.91,201.23,Digital,Loja,Vigente
POL01061,ASE01041,Salud,2025-04-29,2026-04-29,1661.94,31099.49,2441.49,Digital,Guayaquil,Vigente
POL01062,ASE00888,Salud,2024-08-10,2025-08-10,1563.88,24610.13,1600.1,Banca seguros,Santo Domingo,Vigente
POL01063,ASE00025,Salud,2025-04-28,2026-04-28,1117.78,20083.28,715.55,Agente,Quito,Vigente
POL01064,ASE00316,Salud,2024-08-02,2025-08-02,1777.12,23447.02,1282.67,Agente,Manta,Vigente
POL01065,ASE01212,Salud,2024-02-03,2025-02-02,1075.13,26169.88,1717.2,Agente,Santo Domingo,Vigente
POL01066,ASE00321,Salud,2024-11-30,2025-11-30,97.98,4675.33,231.01,Digital,Cuenca,Vigente
POL01067,ASE01500,Salud,2024-11-13,2025-11-13,1204.25,18537.67,628.58,Digital,Cuenca,Cancelada
POL01068,ASE00340,Salud,2025-07-01,2026-07-01,575.25,19831.14,1436.05,Agente,Quito,Vigente
POL01069,ASE00931,Salud,2024-10-25,2025-10-25,1531.73,19879.44,1096.7,Digital,Santo Domingo,Vigente
POL01070,ASE01620,Salud,2024-09-01,2025-09-01,365.38,19929.47,431.03,Digital,Portoviejo,Vigente
POL01071,ASE00692,Salud,2024-01-03,2025-01-02,971.86,23950.7,1346.67,Broker,Ambato,Vigente
POL01072,ASE01331,Salud,2024-06-16,2025-06-16,451.5,8969.93,645.72,Broker,Guayaquil,Vigente
POL01073,ASE00535,Salud,2025-04-30,2026-04-30,406.1,11043.76,437.16,Banca seguros,Quito,Vigente
POL01074,ASE01538,Salud,2024-06-26,2025-06-26,1115.62,33215.43,965.71,Broker,Santo Domingo,Vigente
POL01075,ASE00415,Salud,2024-06-20,2025-06-20,674.74,21039.37,1642.96,Digital,Santo Domingo,Vigente
POL01076,ASE00087,Salud,2024-06-10,2025-06-10,2036.18,25609.38,662.52,Agente,Portoviejo,Vigente
POL01077,ASE00977,Salud,2025-03-03,2026-03-03,1098.73,16447.73,658.51,Banca seguros,Ambato,Vigente
POL01078,ASE00270,Salud,2024-01-22,2025-01-21,1125.36,22507.0,336.95,Broker,Portoviejo,Vigente
POL01079,ASE00717,Salud,2024-04-08,2025-04-08,939.03,32250.42,2002.54,Digital,Guayaquil,Vigente
POL01080,ASE01018,Salud,2024-08-31,2025-08-31,347.66,14680.28,712.63,Agente,Quito,Vigente
POL01081,ASE01042,Salud,2025-02-25,2026-02-25,954.74,14516.21,587.9,Broker,Guayaquil,Vigente
POL01082,ASE00198,Salud,2024-08-24,2025-08-24,1503.95,25837.42,1460.57,Digital,Manta,Vigente
POL01083,ASE00045,Salud,2024-07-03,2025-07-03,628.44,11244.72,167.35,Broker,Loja,Vigente
POL01084,ASE00349,Salud,2024-03-01,2025-03-01,1581.39,32497.81,1111.56,Digital,Loja,Vigente
POL01085,ASE01613,Salud,2024-09-21,2025-09-21,206.23,9833.25,601.72,Agente,Cuenca,Vigente
POL01086,ASE00438,Salud,2024-11-02,2025-11-02,914.29,32614.48,1093.07,Broker,Cuenca,Vigente
POL01087,ASE00778,Salud,2024-03-16,2025-03-16,407.13,7981.65,623.82,Agente,Quito,Vigente
POL01088,ASE01346,Salud,2024-10-18,2025-10-18,1053.39,19682.15,1401.92,Broker,Cuenca,Vigente
POL01089,ASE00646,Salud,2024-02-01,2025-01-31,2109.99,30609.67,1532.07,Banca seguros,Manta,Vigente
POL01090,ASE00849,Salud,2024-02-12,2025-02-11,1788.51,31781.01,1918.48,Banca seguros,Loja,Vigente
POL01091,ASE01215,Salud,2024-06-11,2025-06-11,1238.47,23010.48,905.9,Banca seguros,Quito,Vigente
POL01092,ASE00435,Salud,2025-07-05,2026-07-05,2686.1,33847.97,1081.3,Agente,Ambato,Vigente
POL01093,ASE00823,Salud,2025-09-07,2026-09-07,211.91,7924.41,534.13,Broker,Manta,Vigente
POL01094,ASE00246,Salud,2024-03-03,2025-03-03,375.98,13006.42,524.82,Agente,Portoviejo,Vigente
POL01095,ASE00671,Salud,2025-05-06,2026-05-06,1736.64,32542.8,2132.18,Digital,Quito,Vigente
POL01096,ASE00833,Salud,2025-01-15,2026-01-15,1345.34,34545.52,2726.9,Agente,Santo Domingo,Vigente
POL01097,ASE00693,Salud,2025-05-29,2026-05-29,705.87,29672.71,2083.99,Digital,Manta,Vigente
POL01098,ASE00738,Salud,2025-09-07,2026-09-07,1288.27,16989.57,1156.9,Agente,Manta,Vigente
POL01099,ASE00871,Salud,2025-03-28,2026-03-28,932.75,11916.96,179.89,Agente,Loja,Vigente
POL01100,ASE01566,Salud,2025-08-15,2026-08-15,977.87,15158.99,1079.33,Agente,Cuenca,Vigente
POL01101,ASE01148,Salud,2024-11-05,2025-11-05,799.55,20161.97,317.93,Broker,Guayaquil,Vigente
POL01102,ASE00240,Salud,2025-07-08,2026-07-08,788.48,13801.17,940.68,Agente,Cuenca,Vigente
POL01103,ASE00917,Salud,2025-03-16,2026-03-16,1337.46,18709.6,434.68,Banca seguros,Ambato,Vigente
POL01104,ASE00880,Salud,2025-01-05,2026-01-05,526.19,12984.83,328.06,Banca seguros,Guayaquil,Vigente
POL01105,ASE00002,Salud,2024-12-06,2025-12-06,508.56,20051.2,404.95,Agente,Portoviejo,Vigente
POL01106,ASE00160,Salud,2024-05-12,2025-05-12,451.4,18176.09,417.41,Broker,Cuenca,Vigente
POL01107,ASE01229,Salud,2024-04-16,2025-04-16,676.84,9410.19,573.84,Banca seguros,Santo Domingo,Vigente
POL01108,ASE00843,Salud,2024-08-12,2025-08-12,1073.54,21294.56,663.8,Banca seguros,Manta,Vigente
POL01109,ASE01510,Salud,2024-04-18,2025-04-18,239.99,4913.29,373.38,Agente,Portoviejo,Vigente
POL01110,ASE01492,Salud,2025-09-19,2026-09-19,2359.69,34158.1,2160.6,Broker,Portoviejo,Vigente
POL01111,ASE01354,Salud,2024-10-20,2025-10-20,757.73,28248.49,1939.27,Digital,Cuenca,Vigente
POL01112,ASE00424,Salud,2024-10-02,2025-10-02,1318.94,27635.29,1547.23,Broker,Loja,Vigente
POL01113,ASE00175,Salud,2025-01-03,2026-01-03,298.86,7632.12,137.98,Agente,Manta,Vigente
POL01114,ASE01450,Salud,2025-09-19,2026-09-19,254.97,5997.81,83.04,Broker,Quito,Vigente
POL01115,ASE00027,Salud,2024-03-03,2025-03-03,656.26,31376.88,2491.39,Broker,Quito,Vigente
POL01116,ASE00490,Salud,2024-09-08,2025-09-08,862.24,25051.87,894.98,Broker,Guayaquil,Vigente
POL01117,ASE00962,Salud,2024-07-02,2025-07-02,1907.78,25222.56,279.18,Agente,Loja,Vigente
POL01118,ASE00449,Salud,2025-06-17,2026-06-17,261.63,5400.96,144.32,Agente,Santo Domingo,Vigente
POL01119,ASE00977,Salud,2025-09-04,2026-09-04,2024.33,26644.62,1768.06,Banca seguros,Ambato,Vigente
POL01120,ASE00414,Salud,2024-10-27,2025-10-27,1509.27,22938.97,1756.38,Broker,Manta,Vigente
POL01121,ASE00803,Salud,2024-03-20,2025-03-20,425.68,6988.71,248.9,Digital,Cuenca,Vigente
POL01122,ASE00988,Salud,2025-04-22,2026-04-22,1182.57,24543.68,726.33,Agente,Santo Domingo,Vigente
POL01123,ASE00257,Salud,2024-11-23,2025-11-23,1701.23,27918.56,1857.56,Digital,Guayaquil,Vigente
POL01124,ASE00644,Salud,2025-01-09,2026-01-09,192.19,10651.56,374.3,Banca seguros,Manta,Vigente
POL01125,ASE01311,Salud,2024-08-09,2025-08-09,1270.34,32692.49,1907.34,Broker,Guayaquil,Vigente
POL01126,ASE00238,Salud,2024-10-21,2025-10-21,1017.28,16281.96,627.29,Broker,Cuenca,Vigente
POL01127,ASE00449,Salud,2024-01-15,2025-01-14,351.13,14897.31,729.04,Agente,Santo Domingo,Vigente
POL01128,ASE00082,Salud,2024-02-25,2025-02-24,2667.72,34881.54,1657.77,Digital,Guayaquil,Vigente
POL01129,ASE01402,Salud,2024-07-24,2025-07-24,97.08,4146.15,263.4,Banca seguros,Quito,Vigente
POL01130,ASE01644,Salud,2024-10-13,2025-10-13,1459.31,29529.49,1097.07,Digital,Quito,Vigente
POL01131,ASE01585,Salud,2024-07-14,2025-07-14,833.32,15426.75,931.58,Banca seguros,Santo Domingo,Vigente
POL01132,ASE01679,Salud,2024-04-26,2025-04-26,1674.97,24183.88,249.95,Digital,Quito,Vigente
POL01133,ASE00427,Salud,2024-06-26,2025-06-26,870.0,23451.57,761.58,Banca seguros,Guayaquil,Vigente
POL01134,ASE01148,Salud,2024-10-16,2025-10-16,478.4,11370.59,879.03,Broker,Guayaquil,Vigente
POL01135,ASE01550,Salud,2025-04-27,2026-04-27,1200.14,18259.2,838.72,Banca seguros,Cuenca,Vigente
POL01136,ASE01582,Salud,2025-05-24,2026-05-24,496.36,7300.62,190.48,Broker,Quito,Vigente
POL01137,ASE00587,Salud,2024-11-18,2025-11-18,852.1,14968.6,241.9,Agente,Guayaquil,Vigente
POL01138,ASE00870,Salud,2024-02-01,2025-01-31,1196.76,20389.25,1159.6,Banca seguros,Manta,Vigente
POL01139,ASE00336,Salud,2025-07-24,2026-07-24,1099.47,27381.87,2019.12,Agente,Guayaquil,Vigente
POL01140,ASE00255,Salud,2024-03-02,2025-03-02,547.83,7247.84,215.62,Broker,Manta,Vigente
POL01141,ASE00469,Salud,2025-04-05,2026-04-05,1418.13,34837.71,1050.86,Broker,Ambato,Vigente
POL01142,ASE00673,Salud,2024-10-09,2025-10-09,273.91,4652.85,127.32,Digital,Ambato,Vigente
POL01143,ASE01424,Salud,2024-07-14,2025-07-14,991.17,24701.25,1880.7,Broker,Portoviejo,Vigente
POL01144,ASE00744,Salud,2025-09-08,2026-09-08,770.72,24399.55,309.26,Digital,Quito,Vigente
POL01145,ASE00662,Salud,2025-07-08,2026-07-08,354.24,4565.88,250.94,Agente,Quito,Vigente
POL01146,ASE00215,Salud,2024-10-29,2025-10-29,1770.89,22872.89,674.3,Banca seguros,Portoviejo,Vigente
POL01147,ASE01168,Salud,2024-05-27,2025-05-27,835.16,14925.28,1097.3,Digital,Manta,Vigente
POL01148,ASE00250,Salud,2024-08-28,2025-08-28,373.56,6197.35,80.06,Agente,Cuenca,Vigente
POL01149,ASE00586,Salud,2024-03-14,2025-03-14,548.54,18452.95,964.76,Agente,Portoviejo,Vigente
POL01150,ASE00568,Salud,2024-09-05,2025-09-05,2499.51,34499.01,2499.97,Digital,Portoviejo,Vigente
POL01151,ASE00595,Salud,2025-08-16,2026-08-16,430.95,9896.93,343.58,Digital,Manta,Vigente
POL01152,ASE00154,Salud,2024-03-29,2025-03-29,878.51,21338.79,1199.07,Banca seguros,Manta,Vigente
POL01153,ASE00390,Salud,2025-08-13,2026-08-13,1890.11,28266.78,289.73,Digital,Manta,Vigente
POL01154,ASE01449,Salud,2025-01-16,2026-01-16,128.66,4696.04,110.93,Banca seguros,Guayaquil,Vigente
POL01155,ASE00869,Salud,2025-05-24,2026-05-24,328.2,15677.86,1016.58,Broker,Portoviejo,Vigente
POL01156,ASE01288,Salud,2025-03-06,2026-03-06,523.35,23046.57,292.33,Digital,Loja,Vigente
POL01157,ASE01070,Salud,2024-07-26,2025-07-26,2112.36,29027.24,815.54,Digital,Portoviejo,Vigente
POL01158,ASE00819,Salud,2024-09-09,2025-09-09,821.7,29799.55,1343.64,Broker,Cuenca,Vigente
POL01159,ASE00666,Salud,2024-02-18,2025-02-17,790.5,20835.82,592.4,Agente,Quito,Vigente
POL01160,ASE01502,Salud,2025-07-08,2026-07-08,773.63,34336.1,586.16,Digital,Cuenca,Vigente
POL01161,ASE00085,Salud,2025-03-21,2026-03-21,827.22,12421.32,656.96,Digital,Portoviejo,Vigente
POL01162,ASE00957,Salud,2025-07-15,2026-07-15,806.01,14609.75,1159.53,Agente,Guayaquil,Vigente
POL01163,ASE00145,Salud,2024-01-19,2025-01-18,440.21,15024.35,403.71,Agente,Guayaquil,Vigente
POL01164,ASE00955,Salud,2024-12-12,2025-12-12,1061.21,19091.95,1348.15,Banca seguros,Guayaquil,Vigente
POL01165,ASE01504,Salud,2024-08-06,2025-08-06,1132.99,26126.8,1020.01,Banca seguros,Cuenca,Vigente
POL01166,ASE00205,Salud,2024-06-17,2025-06-17,404.79,6652.88,187.59,Agente,Cuenca,Vigente
POL01167,ASE01573,Salud,2025-02-21,2026-02-21,1582.17,26330.97,1216.45,Broker,Manta,Vigente
POL01168,ASE01374,Salud,2024-06-28,2025-06-28,1527.85,29059.94,758.38,Banca seguros,Portoviejo,Cancelada
POL01169,ASE01386,Salud,2024-12-12,2025-12-12,1614.42,26000.49,1088.88,Banca seguros,Manta,Vigente
POL01170,ASE01668,Salud,2024-08-16,2025-08-16,1992.52,33735.79,1952.7,Banca seguros,Portoviejo,Vigente
POL01171,ASE00399,Salud,2024-01-23,2025-01-22,789.13,13808.34,694.24,Banca seguros,Cuenca,Vigente
POL01172,ASE01482,Salud,2024-07-12,2025-07-12,389.67,11023.19,321.5,Digital,Guayaquil,Cancelada
POL01173,ASE01699,Salud,2024-11-27,2025-11-27,498.82,11519.62,471.58,Agente,Santo Domingo,Vigente
POL01174,ASE00490,Salud,2024-08-17,2025-08-17,208.31,3762.19,66.92,Broker,Guayaquil,Vigente
POL01175,ASE01264,Salud,2025-03-30,2026-03-30,218.13,10098.27,127.41,Agente,Quito,Vigente
POL01176,ASE00256,Salud,2025-09-23,2026-09-23,1417.84,33793.25,574.1,Broker,Guayaquil,Vigente
POL01177,ASE00335,Salud,2025-04-01,2026-04-01,540.69,23650.9,361.98,Banca seguros,Quito,Vigente
POL01178,ASE00009,Salud,2025-06-20,2026-06-20,533.75,19285.6,910.94,Agente,Guayaquil,Vigente
POL01179,ASE00519,Salud,2024-03-06,2025-03-06,1053.85,24777.5,436.77,Digital,Quito,Vigente
POL01180,ASE00170,Salud,2025-02-19,2026-02-19,1630.08,26736.79,710.13,Banca seguros,Cuenca,Vigente
POL01181,ASE00399,Salud,2024-02-05,2025-02-04,1251.83,23416.96,1303.17,Digital,Cuenca,Vigente
POL01182,ASE00995,Salud,2025-05-12,2026-05-12,327.39,7142.15,234.47,Broker,Loja,Vigente
POL01183,ASE00699,Salud,2024-07-14,2025-07-14,1286.73,26373.86,1355.65,Banca seguros,Santo Domingo,Cancelada
POL01184,ASE00828,Salud,2024-02-16,2025-02-15,265.51,7706.36,184.61,Digital,Portoviejo,Vigente
POL01185,ASE01391,Salud,2025-04-26,2026-04-26,429.83,7497.79,212.75,Banca seguros,Cuenca,Vigente
POL01186,ASE01179,Salud,2024-09-04,2025-09-04,654.34,26891.76,680.5,Banca seguros,Manta,Vigente
POL01187,ASE01342,Salud,2024-10-29,2025-10-29,653.18,11635.97,242.25,Agente,Ambato,Cancelada
POL01188,ASE01421,Salud,2025-05-13,2026-05-13,595.01,26807.83,1844.31,Agente,Guayaquil,Vigente
POL01189,ASE01094,Salud,2024-06-23,2025-06-23,1467.18,32002.46,952.04,Digital,Manta,Vigente
POL01190,ASE00120,Salud,2024-06-02,2025-06-02,1628.97,21817.81,681.21,Banca seguros,Manta,Vigente
POL01191,ASE00563,Salud,2024-03-02,2025-03-02,301.22,16401.51,597.81,Banca seguros,Manta,Vigente
POL01192,ASE01093,Salud,2025-09-11,2026-09-11,213.46,4955.53,197.42,Broker,Portoviejo,Vigente
POL01193,ASE00302,Salud,2025-07-12,2026-07-12,2141.81,31322.76,1552.45,Agente,Santo Domingo,Vigente
POL01194,ASE00096,Salud,2024-04-03,2025-04-03,1263.25,20034.4,370.11,Banca seguros,Portoviejo,Vigente
POL01195,ASE01682,Salud,2025-04-28,2026-04-28,311.11,9971.95,557.33,Agente,Quito,Vigente
POL01196,ASE00805,Salud,2024-03-23,2025-03-23,2016.13,28982.85,674.52,Digital,Guayaquil,Vigente
POL01197,ASE01281,Salud,2024-07-14,2025-07-14,858.75,24743.01,1136.65,Banca seguros,Loja,Vigente
POL01198,ASE01691,Salud,2025-04-30,2026-04-30,261.57,5384.72,205.93,Banca seguros,Manta,Vigente
POL01199,ASE00618,Salud,2025-05-30,2026-05-30,143.91,3480.12,176.51,Banca seguros,Guayaquil,Vigente
POL01200,ASE01040,Salud,2024-07-13,2025-07-13,1725.46,23978.51,929.01,Agente,Manta,Vigente
POL01201,ASE01657,Salud,2024-02-03,2025-02-02,298.87,16235.19,1173.7,Agente,Manta,Vigente
POL01202,ASE01566,Salud,2025-07-30,2026-07-30,256.97,6953.62,339.0,Banca seguros,Cuenca,Vigente
POL01203,ASE00057,Salud,2024-06-11,2025-06-11,1381.64,23715.89,972.33,Digital,Portoviejo,Vigente
POL01204,ASE00086,Salud,2024-10-28,2025-10-28,943.9,23856.71,1431.75,Banca seguros,Loja,Vigente
POL01205,ASE00739,Salud,2024-09-05,2025-09-05,1143.56,16841.28,247.76,Agente,Cuenca,Vigente
POL01206,ASE00345,Salud,2025-07-12,2026-07-12,137.44,4955.72,365.65,Agente,Ambato,Vigente
POL01207,ASE00999,Salud,2025-03-02,2026-03-02,895.04,30483.48,1321.73,Agente,Ambato,Vigente
POL01208,ASE00672,Salud,2024-08-25,2025-08-25,817.09,11102.29,321.74,Digital,Cuenca,Vigente
POL01209,ASE01355,Salud,2025-09-25,2026-09-25,659.72,17810.12,957.87,Broker,Guayaquil,Vigente
POL01210,ASE00033,Salud,2024-05-13,2025-05-13,1280.36,24071.65,986.74,Banca seguros,Ambato,Vigente
POL01211,ASE00631,Salud,2025-06-07,2026-06-07,511.54,9567.61,182.06,Agente,Quito,Cancelada
POL01212,ASE01419,Salud,2025-08-17,2026-08-17,1544.59,31561.66,2226.44,Digital,Loja,Vigente
POL01213,ASE01404,Salud,2024-08-24,2025-08-24,1398.36,22955.07,1649.96,Broker,Quito,Vigente
POL01214,ASE00285,Salud,2025-05-14,2026-05-14,812.81,31769.87,544.22,Agente,Ambato,Vigente
POL01215,ASE00379,Salud,2025-04-05,2026-04-05,772.95,33474.65,1076.73,Broker,Quito,Vigente
POL01216,ASE00596,Salud,2025-03-15,2026-03-15,1695.9,24440.45,1231.88,Digital,Santo Domingo,Vigente
POL01217,ASE00082,Salud,2024-11-28,2025-11-28,180.46,5258.69,82.45,Banca seguros,Guayaquil,Vigente
POL01218,ASE00377,Salud,2024-02-26,2025-02-25,683.19,24973.05,569.33,Banca seguros,Quito,Vigente
POL01219,ASE01093,Salud,2025-07-29,2026-07-29,1494.13,23729.33,1739.98,Agente,Portoviejo,Vigente
POL01220,ASE00974,Salud,2024-07-26,2025-07-26,1395.92,20147.19,907.22,Broker,Loja,Vigente
POL01221,ASE00080,Salud,2025-09-22,2026-09-22,281.33,7993.32,265.32,Digital,Quito,Vigente
POL01222,ASE01203,Salud,2025-06-05,2026-06-05,66.48,3121.85,197.52,Digital,Guayaquil,Vigente
POL01223,ASE01057,Salud,2025-05-01,2026-05-01,705.72,13757.56,745.21,Broker,Cuenca,Vigente
POL01224,ASE00361,Salud,2024-06-24,2025-06-24,1338.37,19448.05,541.62,Broker,Cuenca,Vigente
POL01225,ASE00138,Salud,2024-09-05,2025-09-05,315.28,5870.07,78.97,Banca seguros,Cuenca,Vigente
POL01226,ASE01087,Salud,2024-04-13,2025-04-13,1330.21,30332.1,869.09,Agente,Cuenca,Vigente
POL01227,ASE01147,Salud,2024-08-02,2025-08-02,300.56,10240.45,138.87,Broker,Ambato,Vigente
POL01228,ASE01085,Salud,2025-09-03,2026-09-03,2100.74,29069.37,2043.08,Digital,Cuenca,Cancelada
POL01229,ASE01241,Salud,2024-09-19,2025-09-19,1682.37,29001.42,718.13,Banca seguros,Manta,Vigente
POL01230,ASE00122,Salud,2024-09-04,2025-09-04,1545.43,23689.81,1836.61,Digital,Cuenca,Vigente
POL01231,ASE00093,Salud,2024-01-20,2025-01-19,616.64,31628.78,597.05,Agente,Santo Domingo,Vigente
POL01232,ASE00541,Salud,2024-09-24,2025-09-24,901.63,13045.91,542.78,Broker,Loja,Vigente
POL01233,ASE01493,Salud,2024-10-24,2025-10-24,805.4,29151.95,418.14,Broker,Quito,Cancelada
POL01234,ASE00548,Salud,2024-06-28,2025-06-28,1593.06,25269.11,1172.18,Banca seguros,Ambato,Vigente
POL01235,ASE00061,Salud,2024-11-23,2025-11-23,2463.49,31390.06,658.07,Banca seguros,Loja,Vigente
POL01236,ASE00449,Salud,2024-08-10,2025-08-10,627.51,21105.64,568.17,Digital,Santo Domingo,Vigente
POL01237,ASE01403,Salud,2024-07-18,2025-07-18,1858.27,28978.29,1186.71,Broker,Quito,Vigente
POL01238,ASE00041,Salud,2024-01-04,2025-01-03,1062.72,21036.22,505.33,Broker,Guayaquil,Vigente
POL01239,ASE00517,Salud,2024-05-05,2025-05-05,1633.52,28723.85,1312.87,Broker,Cuenca,Vigente
POL01240,ASE00981,Salud,2024-08-14,2025-08-14,368.45,15799.81,767.57,Digital,Guayaquil,Vigente
POL01241,ASE00802,Salud,2024-01-09,2025-01-08,623.59,14504.33,325.6,Agente,Santo Domingo,Vigente
POL01242,ASE01505,Salud,2025-05-09,2026-05-09,1293.96,26313.68,2074.59,Agente,Ambato,Vigente
POL01243,ASE00105,Salud,2025-02-21,2026-02-21,1443.4,23539.54,270.06,Digital,Manta,Vigente
POL01244,ASE01573,Salud,2025-01-06,2026-01-06,776.17,10230.58,506.47,Broker,Manta,Vigente
POL01245,ASE01654,Salud,2024-04-13,2025-04-13,2185.95,29330.64,762.81,Broker,Guayaquil,Vigente
POL01246,ASE01558,Salud,2025-02-11,2026-02-11,703.3,18472.71,815.78,Agente,Guayaquil,Vigente
POL01247,ASE00906,Salud,2025-06-29,2026-06-29,227.86,4817.07,366.87,Digital,Cuenca,Vigente
POL01248,ASE01387,Salud,2024-03-16,2025-03-16,1049.85,19640.03,1149.99,Broker,Guayaquil,Vigente
POL01249,ASE00695,Salud,2024-04-12,2025-04-12,494.07,7071.43,86.81,Agente,Cuenca,Vigente
POL01250,ASE00585,Salud,2025-02-09,2026-02-09,1383.69,30795.07,611.58,Agente,Cuenca,Vigente
POL01251,ASE00890,Salud,2025-07-09,2026-07-09,700.28,29755.52,1367.62,Agente,Portoviejo,Vigente
POL01252,ASE00931,Salud,2024-09-21,2025-09-21,570.09,12858.56,705.15,Agente,Santo Domingo,Vigente
POL01253,ASE01260,Salud,2024-10-16,2025-10-16,1055.78,24769.16,401.79,Banca seguros,Portoviejo,Vigente
POL01254,ASE01173,Salud,2024-04-11,2025-04-11,1652.66,23406.73,236.78,Digital,Santo Domingo,Vigente
POL01255,ASE01660,Salud,2024-05-12,2025-05-12,1201.39,15515.31,908.24,Broker,Manta,Cancelada
POL01256,ASE00762,Salud,2024-11-13,2025-11-13,365.86,10338.36,159.42,Digital,Loja,Vigente
POL01257,ASE01048,Salud,2025-07-01,2026-07-01,898.78,21181.62,386.39,Broker,Guayaquil,Vigente
POL01258,ASE00582,Salud,2024-03-05,2025-03-05,1127.28,22778.58,1354.31,Banca seguros,Loja,Vigente
POL01259,ASE00312,Salud,2024-10-23,2025-10-23,295.47,11362.64,122.15,Broker,Manta,Vigente
POL01260,ASE00588,Salud,2025-09-14,2026-09-14,302.43,5888.71,80.73,Broker,Cuenca,Vigente
POL01261,ASE01423,Salud,2024-06-20,2025-06-20,313.42,6478.11,459.93,Digital,Guayaquil,Vigente
POL01262,ASE01189,Salud,2024-07-25,2025-07-25,272.95,11624.26,586.97,Digital,Cuenca,Vigente
POL01263,ASE00232,Salud,2025-07-17,2026-07-17,2059.33,33670.9,2532.23,Banca seguros,Cuenca,Vigente
POL01264,ASE01034,Salud,2024-01-12,2025-01-11,96.68,3426.74,237.36,Digital,Cuenca,Cancelada
POL01265,ASE01109,Salud,2024-07-18,2025-07-18,1187.45,19133.11,1259.71,Digital,Loja,Vigente
POL01266,ASE01267,Salud,2025-02-26,2026-02-26,652.3,20668.78,1418.17,Broker,Santo Domingo,Vigente
POL01267,ASE00833,Salud,2025-03-04,2026-03-04,451.33,21355.22,304.67,Broker,Santo Domingo,Vigente
POL01268,ASE01388,Salud,2025-01-04,2026-01-04,421.47,5822.64,449.29,Agente,Guayaquil,Vigente
POL01269,ASE00926,Salud,2025-05-14,2026-05-14,1845.11,34293.51,1919.9,Broker,Guayaquil,Vigente
POL01270,ASE00529,Salud,2025-06-25,2026-06-25,1049.3,17428.28,1215.71,Banca seguros,Portoviejo,Vigente
POL01271,ASE01335,Salud,2024-04-28,2025-04-28,88.47,3277.5,168.26,Banca seguros,Loja,Vigente
POL01272,ASE00462,Salud,2024-08-31,2025-08-31,1710.89,23759.81,496.19,Broker,Santo Domingo,Vigente
POL01273,ASE01244,Salud,2025-01-17,2026-01-17,1156.08,17302.92,271.97,Banca seguros,Cuenca,Vigente
POL01274,ASE00048,Salud,2024-04-30,2025-04-30,1534.23,28289.06,1462.95,Agente,Guayaquil,Cancelada
POL01275,ASE01601,Salud,2024-06-19,2025-06-19,497.15,6703.77,346.95,Digital,Quito,Vigente
POL01276,ASE00171,Salud,2025-03-13,2026-03-13,2209.11,31654.17,2201.11,Banca seguros,Quito,Vigente
POL01277,ASE01024,Salud,2024-06-10,2025-06-10,616.17,8635.49,354.3,Broker,Portoviejo,Vigente
POL01278,ASE00973,Salud,2024-09-18,2025-09-18,2205.27,32256.31,2135.92,Agente,Portoviejo,Vigente
POL01279,ASE00278,Salud,2024-07-15,2025-07-15,619.72,15520.12,610.43,Broker,Ambato,Vigente
POL01280,ASE00659,Salud,2024-10-11,2025-10-11,1031.57,26366.44,2104.58,Agente,Manta,Vigente
POL01281,ASE00675,Salud,2024-07-01,2025-07-01,1184.02,28407.85,355.31,Agente,Quito,Vigente
POL01282,ASE00628,Salud,2024-08-02,2025-08-02,1046.36,14480.75,633.84,Digital,Ambato,Vigente
POL01283,ASE00384,Salud,2025-05-23,2026-05-23,950.31,25163.15,766.0,Broker,Santo Domingo,Vigente
POL01284,ASE01292,Salud,2025-07-03,2026-07-03,723.44,13512.61,189.17,Banca seguros,Cuenca,Vigente
POL01285,ASE01310,Salud,2025-06-22,2026-06-22,1080.68,24916.56,1241.7,Broker,Cuenca,Vigente
POL01286,ASE01118,Salud,2025-09-23,2026-09-23,161.65,7945.88,220.98,Broker,Cuenca,Vigente
POL01287,ASE00401,Salud,2024-10-03,2025-10-03,631.98,8203.61,475.64,Banca seguros,Quito,Vigente
POL01288,ASE00768,Salud,2025-05-21,2026-05-21,833.26,19547.3,1373.74,Banca seguros,Cuenca,Vigente
POL01289,ASE00326,Salud,2024-10-17,2025-10-17,432.25,10821.54,793.65,Broker,Santo Domingo,Vigente
POL01290,ASE00283,Salud,2024-11-13,2025-11-13,268.77,10135.81,221.45,Digital,Portoviejo,Vigente
POL01291,ASE00436,Salud,2024-03-08,2025-03-08,1213.55,30565.6,2374.35,Digital,Guayaquil,Vigente
POL01292,ASE01687,Salud,2025-01-21,2026-01-21,305.18,6408.55,167.29,Agente,Manta,Vigente
POL01293,ASE00235,Salud,2024-06-14,2025-06-14,582.64,21044.53,1602.23,Broker,Portoviejo,Vigente
POL01294,ASE01127,Salud,2024-01-15,2025-01-14,2389.08,34574.28,885.29,Digital,Guayaquil,Vigente
POL01295,ASE00104,Salud,2025-03-27,2026-03-27,1464.53,30678.78,336.52,Digital,Ambato,Vigente
POL01296,ASE00576,Salud,2024-08-16,2025-08-16,580.12,28468.08,1687.83,Agente,Cuenca,Vigente
POL01297,ASE01412,Salud,2025-02-23,2026-02-23,167.58,3583.83,194.56,Broker,Portoviejo,Vigente
POL01298,ASE00517,Salud,2024-07-05,2025-07-05,476.65,19719.76,526.62,Digital,Cuenca,Cancelada
POL01299,ASE01674,Salud,2025-03-24,2026-03-24,2159.79,33853.69,864.54,Banca seguros,Santo Domingo,Vigente
POL01300,ASE00137,Salud,2025-04-25,2026-04-25,1171.26,15856.91,1130.37,Banca seguros,Portoviejo,Vigente
POL01301,ASE00979,Salud,2025-01-04,2026-01-04,1638.78,34856.19,869.78,Banca seguros,Loja,Vigente
POL01302,ASE01106,Salud,2025-08-07,2026-08-07,337.08,5617.07,406.45,Broker,Loja,Cancelada
POL01303,ASE01504,Salud,2024-12-17,2025-12-17,173.42,3594.25,225.29,Agente,Cuenca,Vigente
POL01304,ASE01433,Salud,2024-10-24,2025-10-24,2386.65,32996.52,1365.08,Banca seguros,Portoviejo,Vigente
POL01305,ASE00976,Salud,2025-09-19,2026-09-19,280.95,8035.56,544.1,Agente,Guayaquil,Vigente
POL01306,ASE01329,Salud,2024-03-05,2025-03-05,863.93,24190.08,771.75,Broker,Santo Domingo,Vigente
POL01307,ASE00758,Salud,2025-03-07,2026-03-07,829.0,20594.93,1006.98,Banca seguros,Cuenca,Vigente
POL01308,ASE00905,Salud,2024-02-15,2025-02-14,423.32,6694.86,468.98,Digital,Portoviejo,Vigente
POL01309,ASE00397,Salud,2025-07-12,2026-07-12,1179.63,21367.35,1313.29,Banca seguros,Portoviejo,Vigente
POL01310,ASE00887,Salud,2024-06-05,2025-06-05,468.77,10849.19,492.29,Digital,Guayaquil,Cancelada
POL01311,ASE01027,Salud,2024-10-04,2025-10-04,1429.33,26411.03,1678.1,Digital,Santo Domingo,Vigente
POL01312,ASE00672,Salud,2025-05-05,2026-05-05,503.06,20031.51,621.75,Banca seguros,Cuenca,Vigente
POL01313,ASE01604,Salud,2025-05-23,2026-05-23,1048.23,33167.44,1069.26,Broker,Manta,Vigente
POL01314,ASE00059,Salud,2024-10-17,2025-10-17,715.6,12649.59,375.72,Banca seguros,Cuenca,Vigente
POL01315,ASE00302,Salud,2025-06-14,2026-06-14,1101.01,26179.28,1625.24,Digital,Santo Domingo,Vigente
POL01316,ASE00816,Salud,2025-04-11,2026-04-11,1744.86,29413.7,482.08,Broker,Quito,Vigente
POL01317,ASE00102,Salud,2025-02-11,2026-02-11,1039.66,15766.69,398.39,Banca seguros,Manta,Vigente
POL01318,ASE01307,Salud,2024-11-10,2025-11-10,1358.43,22647.62,1728.75,Broker,Loja,Vigente
POL01319,ASE00920,Salud,2024-08-14,2025-08-14,793.83,28959.89,2137.36,Agente,Quito,Vigente
POL01320,ASE00586,Salud,2024-02-09,2025-02-08,1524.04,22944.77,1285.3,Banca seguros,Portoviejo,Vigente
POL01321,ASE00638,Salud,2024-09-06,2025-09-06,333.86,14813.23,957.45,Broker,Guayaquil,Vigente
POL01322,ASE00684,Salud,2024-08-26,2025-08-26,307.08,15460.6,1154.0,Digital,Cuenca,Vigente
POL01323,ASE01603,Salud,2024-09-16,2025-09-16,799.98,10125.66,724.94,Agente,Portoviejo,Vigente
POL01324,ASE00459,Salud,2024-12-18,2025-12-18,95.4,3613.97,149.22,Agente,Quito,Vigente
POL01325,ASE00012,Salud,2025-03-12,2026-03-12,146.29,5727.89,280.01,Banca seguros,Guayaquil,Vigente
POL01326,ASE00133,Salud,2025-01-10,2026-01-10,399.28,9279.86,415.27,Banca seguros,Loja,Vigente
POL01327,ASE01110,Salud,2025-05-20,2026-05-20,696.75,13268.48,219.68,Digital,Loja,Vigente
POL01328,ASE00542,Salud,2025-07-27,2026-07-27,1588.79,23652.92,1283.73,Broker,Santo Domingo,Vigente
POL01329,ASE01448,Salud,2024-02-03,2025-02-02,583.17,23300.73,1513.69,Broker,Guayaquil,Vigente
POL01330,ASE00386,Salud,2025-09-16,2026-09-16,548.52,17346.89,211.14,Digital,Ambato,Vigente
POL01331,ASE00759,Salud,2024-10-12,2025-10-12,278.95,13381.59,966.42,Agente,Quito,Vigente
POL01332,ASE00183,Salud,2024-03-23,2025-03-23,1426.53,25218.64,1586.89,Banca seguros,Quito,Vigente
POL01333,ASE01192,Salud,2024-09-23,2025-09-23,784.95,34434.89,665.92,Digital,Portoviejo,Vigente
POL01334,ASE01582,Salud,2025-06-18,2026-06-18,544.14,12411.49,563.22,Digital,Quito,Cancelada
POL01335,ASE00103,Salud,2025-03-30,2026-03-30,2026.94,27218.82,566.4,Banca seguros,Portoviejo,Vigente
POL01336,ASE00126,Salud,2024-04-22,2025-04-22,239.18,3256.12,91.53,Banca seguros,Santo Domingo,Vigente
POL01337,ASE01456,Salud,2024-11-29,2025-11-29,607.83,13938.97,350.16,Banca seguros,Quito,Vigente
POL01338,ASE01022,Salud,2024-09-02,2025-09-02,1148.97,30301.57,1626.58,Banca seguros,Loja,Vigente
POL01339,ASE00727,Salud,2024-09-07,2025-09-07,1903.38,31372.84,2242.84,Digital,Santo Domingo,Vigente
POL01340,ASE00008,Salud,2024-08-13,2025-08-13,891.21,11652.48,362.02,Digital,Cuenca,Vigente
POL01341,ASE00434,Salud,2024-01-14,2025-01-13,1295.61,25659.65,562.18,Digital,Quito,Vigente
POL01342,ASE00192,Salud,2024-12-26,2025-12-26,1188.67,22814.97,680.86,Banca seguros,Cuenca,Vigente
POL01343,ASE00443,Salud,2025-05-30,2026-05-30,694.07,10505.63,286.86,Agente,Quito,Vigente
POL01344,ASE01153,Salud,2024-01-14,2025-01-13,516.87,26870.74,1623.17,Digital,Portoviejo,Vigente
POL01345,ASE00364,Salud,2025-07-07,2026-07-07,1123.33,25618.12,1546.2,Agente,Quito,Vigente
POL01346,ASE01676,Salud,2024-01-29,2025-01-28,1522.93,29362.67,2008.15,Digital,Cuenca,Vigente
POL01347,ASE01162,Salud,2025-03-18,2026-03-18,186.76,3464.32,183.83,Agente,Ambato,Vigente
POL01348,ASE00504,Salud,2025-01-21,2026-01-21,544.93,9192.45,710.37,Agente,Cuenca,Vigente
POL01349,ASE01452,Salud,2024-10-19,2025-10-19,2716.55,34210.79,1802.46,Digital,Ambato,Vigente
POL01350,ASE01215,Salud,2025-02-27,2026-02-27,534.17,9631.15,228.93,Digital,Quito,Vigente
POL01351,ASE00820,Salud,2025-01-28,2026-01-28,192.45,4767.93,90.27,Broker,Santo Domingo,Vigente
POL01352,ASE00776,Salud,2025-04-15,2026-04-15,1870.44,23555.47,680.35,Broker,Cuenca,Vigente
POL01353,ASE00774,Salud,2025-09-12,2026-09-12,465.92,10185.21,420.2,Banca seguros,Loja,Vigente
POL01354,ASE00790,Salud,2024-05-31,2025-05-31,593.86,8495.59,118.7,Broker,Manta,Vigente
POL01355,ASE00420,Salud,2025-02-26,2026-02-26,131.51,4613.39,266.59,Broker,Manta,Vigente
POL01356,ASE00583,Salud,2024-01-23,2025-01-22,1621.13,20579.75,789.34,Agente,Loja,Vigente
POL01357,ASE01223,Salud,2025-05-25,2026-05-25,123.28,6373.21,189.23,Broker,Santo Domingo,Cancelada
POL01358,ASE01385,Salud,2025-08-11,2026-08-11,690.07,13889.25,407.44,Banca seguros,Loja,Vigente
POL01359,ASE01027,Salud,2024-04-16,2025-04-16,1651.11,26816.26,1298.12,Digital,Santo Domingo,Vigente
POL01360,ASE00914,Salud,2024-05-28,2025-05-28,1515.83,32765.63,2452.52,Digital,Santo Domingo,Vigente
POL01361,ASE00622,Salud,2024-10-02,2025-10-02,515.21,15327.43,227.67,Broker,Guayaquil,Vigente
POL01362,ASE01652,Salud,2024-12-27,2025-12-27,1759.24,26984.55,949.02,Banca seguros,Guayaquil,Vigente
POL01363,ASE00803,Salud,2025-04-05,2026-04-05,1139.81,28269.2,1751.53,Agente,Cuenca,Cancelada
POL01364,ASE00731,Salud,2024-03-21,2025-03-21,452.27,14372.06,824.92,Banca seguros,Manta,Vigente
POL01365,ASE00534,Salud,2024-04-21,2025-04-21,143.86,3497.34,178.49,Banca seguros,Loja,Vigente
POL01366,ASE01433,Salud,2025-06-20,2026-06-20,253.02,6100.3,421.77,Broker,Portoviejo,Vigente
POL01367,ASE00412,Salud,2024-12-03,2025-12-03,1111.27,14647.09,208.44,Digital,Cuenca,Vigente
POL01368,ASE01019,Salud,2024-05-27,2025-05-27,1798.97,29192.8,1501.65,Digital,Cuenca,Vigente
POL01369,ASE01530,Salud,2025-01-11,2026-01-11,1624.88,22007.57,1288.23,Banca seguros,Quito,Vigente
POL01370,ASE00032,Salud,2024-04-07,2025-04-07,1630.96,32297.41,1146.34,Banca seguros,Cuenca,Vigente
POL01371,ASE01637,Salud,2024-01-25,2025-01-24,65.46,3625.35,283.78,Agente,Loja,Vigente
POL01372,ASE01125,Salud,2025-04-21,2026-04-21,656.78,33651.9,2366.66,Digital,Portoviejo,Vigente
POL01373,ASE00264,Salud,2025-04-27,2026-04-27,921.57,23509.61,772.11,Digital,Quito,Vigente
POL01374,ASE00344,Salud,2025-01-18,2026-01-18,165.59,4211.9,87.43,Digital,Portoviejo,Cancelada
POL01375,ASE00854,Salud,2025-01-22,2026-01-22,175.97,9516.95,323.34,Broker,Portoviejo,Vigente
POL01376,ASE00792,Salud,2025-08-21,2026-08-21,1404.47,22074.04,825.73,Broker,Cuenca,Vigente
POL01377,ASE00679,Salud,2025-02-14,2026-02-14,996.18,22566.66,802.86,Agente,Ambato,Vigente
POL01378,ASE00518,Salud,2025-04-06,2026-04-06,2225.78,28482.46,477.81,Broker,Santo Domingo,Vigente
POL01379,ASE00894,Salud,2025-05-24,2026-05-24,1525.19,30124.73,533.23,Banca seguros,Portoviejo,Vigente
POL01380,ASE00924,Salud,2025-05-29,2026-05-29,209.95,10333.32,248.18,Broker,Manta,Vigente
POL01381,ASE01633,Salud,2024-01-27,2025-01-26,273.2,8959.6,176.79,Banca seguros,Ambato,Vigente
POL01382,ASE00667,Salud,2025-05-25,2026-05-25,1221.67,18602.66,680.72,Banca seguros,Loja,Vigente
POL01383,ASE00203,Salud,2024-06-08,2025-06-08,1048.19,18647.33,475.84,Agente,Ambato,Vigente
POL01384,ASE00674,Salud,2025-05-08,2026-05-08,1122.22,30890.33,466.79,Agente,Loja,Vigente
POL01385,ASE01573,Salud,2024-05-23,2025-05-23,793.64,10840.42,464.05,Broker,Manta,Vigente
POL01386,ASE00211,Salud,2024-05-23,2025-05-23,1201.14,32752.1,1682.49,Banca seguros,Quito,Vigente
POL01387,ASE00019,Salud,2025-06-02,2026-06-02,861.75,24725.57,580.54,Banca seguros,Ambato,Vigente
POL01388,ASE01650,Salud,2024-10-23,2025-10-23,1181.85,32060.04,1762.7,Digital,Santo Domingo,Vigente
POL01389,ASE01482,Salud,2025-03-02,2026-03-02,655.48,16854.0,1262.96,Banca seguros,Guayaquil,Vigente
POL01390,ASE00806,Salud,2025-05-02,2026-05-02,1145.53,14739.26,878.59,Broker,Loja,Vigente
POL01391,ASE00500,Salud,2025-02-05,2026-02-05,1537.81,26996.2,1761.79,Banca seguros,Loja,Vigente
POL01392,ASE00889,Salud,2025-04-28,2026-04-28,1393.49,26407.16,790.78,Digital,Ambato,Vigente
POL01393,ASE00545,Salud,2024-03-25,2025-03-25,854.14,21821.0,595.64,Digital,Cuenca,Vigente
POL01394,ASE01578,Salud,2024-06-21,2025-06-21,1085.99,19806.18,741.92,Banca seguros,Portoviejo,Vigente
POL01395,ASE01083,Salud,2024-09-20,2025-09-20,1148.13,23267.2,440.62,Agente,Portoviejo,Vigente
POL01396,ASE00281,Salud,2025-07-28,2026-07-28,504.22,10491.17,333.02,Digital,Portoviejo,Vigente
POL01397,ASE00822,Salud,2025-07-02,2026-07-02,350.73,4801.26,161.58,Banca seguros,Loja,Vigente
POL01398,ASE00826,Salud,2025-08-21,2026-08-21,1255.22,29493.35,616.47,Agente,Guayaquil,Vigente
POL01399,ASE01250,Salud,2025-01-10,2026-01-10,1319.5,27741.93,1055.61,Agente,Cuenca,Vigente
POL01400,ASE01346,Salud,2024-06-15,2025-06-15,613.1,12582.8,483.4,Digital,Cuenca,Vigente
POL01401,ASE00699,Salud,2025-09-09,2026-09-09,986.73,26593.18,1971.28,Agente,Santo Domingo,Vigente
POL01402,ASE01333,Salud,2025-06-02,2026-06-02,1913.5,26560.16,2120.88,Banca seguros,Ambato,Vigente
POL01403,ASE00423,Salud,2025-06-16,2026-06-16,845.78,14962.78,1196.95,Digital,Manta,Vigente
POL01404,ASE01593,Salud,2025-01-25,2026-01-25,2368.22,31802.1,958.27,Broker,Portoviejo,Vigente
POL01405,ASE01476,Salud,2024-06-08,2025-06-08,403.18,17599.92,1139.85,Banca seguros,Manta,Vigente
POL01406,ASE01283,Salud,2025-08-01,2026-08-01,475.11,23955.86,703.3,Digital,Quito,Vigente
POL01407,ASE00218,Salud,2024-01-12,2025-01-11,411.0,5442.96,431.06,Digital,Santo Domingo,Vigente
POL01408,ASE01160,Salud,2024-12-25,2025-12-25,676.12,28398.1,1450.21,Agente,Cuenca,Vigente
POL01409,ASE01047,Salud,2025-07-30,2026-07-30,1450.64,30095.68,1255.08,Digital,Guayaquil,Vigente
POL01410,ASE00987,Salud,2024-06-14,2025-06-14,373.62,6577.87,209.06,Agente,Portoviejo,Vigente
POL01411,ASE01216,Salud,2024-12-10,2025-12-10,407.7,8642.69,613.26,Banca seguros,Portoviejo,Vigente
POL01412,ASE00084,Salud,2024-05-21,2025-05-21,1162.61,27847.42,1380.68,Broker,Quito,Vigente
POL01413,ASE00414,Salud,2025-07-29,2026-07-29,300.28,6513.81,311.01,Agente,Manta,Vigente
POL01414,ASE00481,Salud,2025-04-27,2026-04-27,1331.52,19415.92,1417.53,Banca seguros,Ambato,Vigente
POL01415,ASE00048,Salud,2025-06-06,2026-06-06,343.57,4467.24,183.77,Banca seguros,Guayaquil,Vigente
POL01416,ASE00365,Salud,2025-09-05,2026-09-05,1402.77,20009.3,1099.51,Broker,Cuenca,Vigente
POL01417,ASE00895,Salud,2025-09-10,2026-09-10,1243.88,17934.96,1274.5,Digital,Cuenca,Vigente
POL01418,ASE00014,Salud,2025-09-29,2026-09-29,363.44,16225.26,563.32,Digital,Guayaquil,Vigente
POL01419,ASE00397,Salud,2025-04-27,2026-04-27,356.06,5058.52,392.86,Banca seguros,Portoviejo,Vigente
POL01420,ASE01307,Salud,2024-02-12,2025-02-11,629.96,33243.07,953.99,Banca seguros,Loja,Vigente
POL01421,ASE01073,Salud,2025-06-29,2026-06-29,1394.02,31935.19,581.11,Banca seguros,Manta,Cancelada
POL01422,ASE01541,Salud,2024-08-10,2025-08-10,1612.61,21663.87,1590.94,Banca seguros,Guayaquil,Vigente
POL01423,ASE01077,Salud,2025-04-25,2026-04-25,216.47,3017.13,45.6,Broker,Loja,Vigente
POL01424,ASE00999,Salud,2024-07-17,2025-07-17,674.97,11750.6,451.26,Digital,Ambato,Vigente
POL01425,ASE00557,Salud,2024-11-11,2025-11-11,1560.51,25813.95,1947.9,Agente,Manta,Vigente
POL01426,ASE01304,Salud,2025-02-24,2026-02-24,1350.7,28490.46,1806.8,Agente,Loja,Vigente
POL01427,ASE01130,Salud,2024-09-02,2025-09-02,988.11,18373.16,716.62,Banca seguros,Santo Domingo,Vigente
POL01428,ASE01228,Salud,2025-07-14,2026-07-14,819.7,21831.61,1260.86,Banca seguros,Loja,Vigente
POL01429,ASE00550,Salud,2024-06-18,2025-06-18,421.58,6662.91,349.77,Broker,Manta,Vigente
POL01430,ASE00562,Salud,2024-05-08,2025-05-08,366.8,11088.58,468.5,Digital,Quito,Vigente
POL01431,ASE01465,Salud,2024-06-06,2025-06-06,1293.62,31429.18,2294.25,Broker,Ambato,Vigente
POL01432,ASE01265,Salud,2024-01-27,2025-01-26,174.04,8949.82,214.15,Banca seguros,Santo Domingo,Vigente
POL01433,ASE00355,Salud,2024-08-15,2025-08-15,1402.09,29189.17,2217.62,Digital,Portoviejo,Vigente
POL01434,ASE00882,Salud,2025-09-14,2026-09-14,396.22,6968.59,364.67,Agente,Cuenca,Vigente
POL01435,ASE00969,Salud,2024-07-07,2025-07-07,1940.0,26845.01,650.09,Banca seguros,Quito,Vigente
POL01436,ASE01465,Salud,2025-01-10,2026-01-10,2037.52,26884.77,2128.41,Broker,Ambato,Vigente
POL01437,ASE00699,Salud,2024-09-09,2025-09-09,1842.08,26982.68,1733.49,Broker,Santo Domingo,Vigente
POL01438,ASE00943,Salud,2025-08-15,2026-08-15,239.71,11156.4,543.45,Banca seguros,Loja,Vigente
POL01439,ASE00901,Salud,2024-10-05,2025-10-05,272.06,11295.18,388.83,Broker,Manta,Vigente
POL01440,ASE01393,Salud,2024-02-04,2025-02-03,241.34,13304.03,452.21,Broker,Santo Domingo,Vigente
POL01441,ASE01661,Salud,2024-01-28,2025-01-27,1662.6,32312.03,927.25,Agente,Quito,Vigente
POL01442,ASE00857,Salud,2024-08-26,2025-08-26,933.41,21575.35,1421.42,Digital,Manta,Vigente
POL01443,ASE01133,Salud,2025-07-21,2026-07-21,1727.37,21915.45,1012.99,Banca seguros,Cuenca,Vigente
POL01444,ASE00665,Salud,2025-02-06,2026-02-06,199.11,4130.96,278.67,Digital,Santo Domingo,Vigente
POL01445,ASE01240,Salud,2024-12-17,2025-12-17,592.8,23643.41,276.53,Broker,Ambato,Vigente
POL01446,ASE00451,Salud,2024-07-26,2025-07-26,1779.81,22407.33,776.37,Agente,Cuenca,Vigente
POL01447,ASE00965,Salud,2024-01-05,2025-01-04,220.75,4324.68,94.54,Broker,Santo Domingo,Vigente
POL01448,ASE00977,Salud,2024-11-17,2025-11-17,119.41,5363.56,68.67,Digital,Ambato,Vigente
POL01449,ASE00719,Salud,2024-11-20,2025-11-20,2089.17,27138.05,1738.89,Digital,Ambato,Vigente
POL01450,ASE00953,Salud,2025-05-15,2026-05-15,1980.81,26372.64,617.51,Banca seguros,Quito,Vigente
POL01451,ASE00942,Salud,2025-08-03,2026-08-03,572.08,24410.71,1496.17,Banca seguros,Manta,Vigente
POL01452,ASE00545,Salud,2025-01-04,2026-01-04,402.41,8469.63,652.98,Banca seguros,Cuenca,Vigente
POL01453,ASE00245,Salud,2024-06-13,2025-06-13,546.17,22534.15,250.79,Digital,Ambato,Vigente
POL01454,ASE00108,Salud,2024-08-26,2025-08-26,1591.53,22315.34,1241.36,Broker,Loja,Vigente
POL01455,ASE01632,Salud,2025-09-17,2026-09-17,385.57,6980.88,398.44,Digital,Cuenca,Vigente
POL01456,ASE01639,Salud,2024-12-11,2025-12-11,755.2,12795.26,423.69,Broker,Ambato,Vigente
POL01457,ASE00053,Salud,2024-08-01,2025-08-01,1197.93,17192.22,664.67,Broker,Guayaquil,Vigente
POL01458,ASE00267,Salud,2024-01-21,2025-01-20,354.17,9045.08,382.46,Digital,Loja,Vigente
POL01459,ASE00644,Salud,2025-05-11,2026-05-11,268.43,6949.63,477.41,Digital,Manta,Vigente
POL01460,ASE00238,Salud,2025-02-24,2026-02-24,2312.02,31344.76,1918.03,Agente,Cuenca,Vigente
POL01461,ASE00948,Salud,2025-05-26,2026-05-26,929.67,11670.26,510.39,Broker,Santo Domingo,Vigente
POL01462,ASE00590,Salud,2024-08-27,2025-08-27,134.34,7282.15,355.44,Banca seguros,Ambato,Vigente
POL01463,ASE00793,Salud,2024-01-08,2025-01-07,110.04,3363.57,224.21,Agente,Ambato,Vigente
POL01464,ASE00945,Salud,2025-07-26,2026-07-26,1618.38,25380.84,297.18,Digital,Manta,Vigente
POL01465,ASE00814,Salud,2024-11-13,2025-11-13,1173.24,17361.28,1382.1,Banca seguros,Manta,Vigente
POL01466,ASE00260,Salud,2024-08-04,2025-08-04,1785.72,31292.76,791.09,Broker,Santo Domingo,Vigente
POL01467,ASE01001,Salud,2025-04-22,2026-04-22,1511.26,21055.96,767.48,Agente,Quito,Vigente
POL01468,ASE00081,Salud,2024-07-09,2025-07-09,1633.72,26222.1,862.26,Banca seguros,Loja,Vigente
POL01469,ASE01008,Salud,2024-04-30,2025-04-30,543.43,9566.06,223.83,Banca seguros,Loja,Vigente
POL01470,ASE01296,Salud,2025-04-08,2026-04-08,1777.75,23854.63,1464.0,Broker,Quito,Vigente
POL01471,ASE00535,Salud,2024-03-13,2025-03-13,1180.66,22127.52,1202.59,Banca seguros,Quito,Vigente
POL01472,ASE00743,Salud,2024-04-11,2025-04-11,2105.63,30527.65,466.2,Agente,Loja,Vigente
POL01473,ASE01227,Salud,2025-05-20,2026-05-20,1370.52,24473.32,1642.35,Digital,Quito,Vigente
POL01474,ASE01091,Salud,2024-07-07,2025-07-07,849.92,13134.81,450.99,Broker,Manta,Vigente
POL01475,ASE01227,Salud,2024-06-28,2025-06-28,324.99,13518.04,707.56,Banca seguros,Quito,Vigente
POL01476,ASE01001,Salud,2024-09-06,2025-09-06,1392.22,28922.39,544.31,Agente,Quito,Vigente
POL01477,ASE00385,Salud,2025-06-18,2026-06-18,87.11,3180.06,192.01,Digital,Loja,Vigente
POL01478,ASE00685,Salud,2024-08-30,2025-08-30,933.58,28284.26,1631.02,Agente,Guayaquil,Vigente
POL01479,ASE01664,Salud,2025-01-27,2026-01-27,498.18,17569.42,1140.23,Digital,Cuenca,Vigente
POL01480,ASE00232,Salud,2025-03-18,2026-03-18,1400.35,28969.91,2196.05,Banca seguros,Cuenca,Vigente
POL01481,ASE01492,Salud,2025-02-18,2026-02-18,760.88,13527.72,1019.94,Broker,Portoviejo,Vigente
POL01482,ASE01241,Salud,2024-01-26,2025-01-25,843.59,11326.89,308.95,Broker,Manta,Vigente
POL01483,ASE00286,Salud,2024-02-20,2025-02-19,442.42,10241.72,516.83,Digital,Guayaquil,Vigente
POL01484,ASE00831,Salud,2025-01-18,2026-01-18,1958.6,33069.0,514.66,Broker,Quito,Vigente
POL01485,ASE00616,Salud,2024-08-22,2025-08-22,1217.15,22581.02,1580.24,Agente,Santo Domingo,Vigente
POL01486,ASE00417,Salud,2024-09-28,2025-09-28,504.19,16983.12,997.1,Broker,Loja,Vigente
POL01487,ASE00904,Salud,2025-06-15,2026-06-15,1815.27,32499.6,1017.95,Agente,Manta,Vigente
POL01488,ASE01275,Salud,2024-11-07,2025-11-07,1005.98,18682.43,1071.8,Agente,Quito,Vigente
POL01489,ASE01364,Salud,2024-05-16,2025-05-16,524.01,15174.82,1100.36,Broker,Ambato,Vigente
POL01490,ASE00244,Salud,2024-10-02,2025-10-02,1601.4,30742.1,469.62,Agente,Ambato,Vigente
POL01491,ASE01526,Salud,2024-06-23,2025-06-23,478.86,13475.41,489.68,Digital,Loja,Vigente
POL01492,ASE00331,Salud,2024-01-13,2025-01-12,949.33,34865.48,380.06,Digital,Cuenca,Vigente
POL01493,ASE00600,Salud,2024-01-08,2025-01-07,437.75,13246.15,453.85,Banca seguros,Quito,Vigente
POL01494,ASE01437,Salud,2024-11-25,2025-11-25,371.48,12183.63,150.27,Agente,Guayaquil,Vigente
POL01495,ASE00512,Salud,2024-02-29,2025-02-28,1752.45,28239.47,1218.39,Digital,Quito,Vigente
POL01496,ASE00827,Salud,2024-05-09,2025-05-09,767.08,32722.74,968.61,Broker,Santo Domingo,Vigente
POL01497,ASE01659,Salud,2024-04-05,2025-04-05,125.32,4188.79,317.65,Banca seguros,Santo Domingo,Vigente
POL01498,ASE00951,Salud,2024-05-02,2025-05-02,2283.6,29550.55,2285.81,Broker,Guayaquil,Vigente
POL01499,ASE00913,Salud,2025-07-25,2026-07-25,347.64,6599.91,520.34,Agente,Santo Domingo,Vigente
POL01500,ASE00363,Salud,2024-08-03,2025-08-03,1533.25,21756.55,1593.88,Agente,Loja,Vigente
POL01501,ASE01542,Salud,2025-01-15,2026-01-15,1235.22,30492.64,1274.99,Broker,Loja,Vigente
POL01502,ASE00633,Salud,2024-09-28,2025-09-28,1462.33,19631.79,503.94,Agente,Quito,Vigente
POL01503,ASE00355,Salud,2025-03-28,2026-03-28,645.75,10870.37,346.19,Agente,Portoviejo,Vigente
POL01504,ASE01220,Salud,2025-04-18,2026-04-18,597.33,8492.16,502.33,Digital,Santo Domingo,Vigente
POL01505,ASE01379,Salud,2024-06-19,2025-06-19,677.21,34582.2,407.1,Agente,Santo Domingo,Vigente
POL01506,ASE00698,Salud,2024-09-01,2025-09-01,235.77,7013.26,114.84,Agente,Quito,Vigente
POL01507,ASE01022,Salud,2025-03-06,2026-03-06,1000.12,26438.5,1779.55,Digital,Loja,Vigente
POL01508,ASE01653,Salud,2025-06-15,2026-06-15,1480.39,29848.9,1286.44,Broker,Quito,Vigente
POL01509,ASE00152,Salud,2025-09-09,2026-09-09,1980.13,28331.69,1756.63,Broker,Cuenca,Vigente
POL01510,ASE00622,Salud,2024-09-01,2025-09-01,656.58,31801.85,852.02,Digital,Guayaquil,Vigente
POL01511,ASE01057,Salud,2025-06-28,2026-06-28,2519.3,32506.76,1563.77,Agente,Cuenca,Vigente
POL01512,ASE00155,Salud,2024-03-15,2025-03-15,557.28,30777.56,840.95,Agente,Manta,Cancelada
POL01513,ASE00794,Salud,2024-10-10,2025-10-10,629.0,23973.0,1287.63,Agente,Quito,Vigente
POL01514,ASE00860,Salud,2024-06-16,2025-06-16,1554.13,22044.08,675.61,Agente,Ambato,Vigente
POL01515,ASE00310,Salud,2024-11-27,2025-11-27,546.59,9477.18,356.47,Digital,Guayaquil,Vigente
POL01516,ASE01586,Salud,2025-10-01,2026-10-01,1475.43,18727.82,571.3,Broker,Portoviejo,Vigente
POL01517,ASE01198,Salud,2025-07-14,2026-07-14,1415.02,24310.95,366.29,Broker,Cuenca,Vigente
POL01518,ASE01232,Salud,2025-08-07,2026-08-07,452.4,12123.84,369.63,Agente,Cuenca,Vigente
POL01519,ASE00997,Salud,2024-09-29,2025-09-29,1225.61,20623.56,732.54,Banca seguros,Loja,Vigente
POL01520,ASE00568,Salud,2025-05-04,2026-05-04,965.3,31010.88,1065.98,Banca seguros,Portoviejo,Vigente
POL01521,ASE00539,Salud,2024-08-30,2025-08-30,282.83,5897.46,299.96,Banca seguros,Portoviejo,Vigente
POL01522,ASE00913,Salud,2025-04-18,2026-04-18,817.71,24058.47,1708.68,Agente,Santo Domingo,Vigente
POL01523,ASE00810,Salud,2024-12-28,2025-12-28,858.77,13780.77,391.55,Agente,Santo Domingo,Vigente
POL01524,ASE01516,Salud,2025-08-20,2026-08-20,1691.74,30791.1,2453.23,Digital,Manta,Vigente
POL01525,ASE01677,Salud,2025-08-07,2026-08-07,939.08,25288.36,462.45,Broker,Quito,Vigente
POL01526,ASE00890,Salud,2024-02-11,2025-02-10,2033.71,31976.34,1225.31,Agente,Portoviejo,Vigente
POL01527,ASE00118,Salud,2025-02-15,2026-02-15,1746.61,24075.11,547.45,Agente,Manta,Vigente
POL01528,ASE01464,Salud,2024-08-13,2025-08-13,1036.24,16081.72,777.13,Banca seguros,Quito,Vigente
POL01529,ASE01185,Salud,2024-11-03,2025-11-03,818.28,10356.71,148.77,Broker,Portoviejo,Vigente
POL01530,ASE00142,Salud,2025-07-02,2026-07-02,881.15,33157.66,1354.92,Broker,Cuenca,Vigente
POL01531,ASE00446,Salud,2024-04-24,2025-04-24,934.81,34673.81,1528.92,Banca seguros,Guayaquil,Vigente
POL01532,ASE01192,Salud,2024-03-21,2025-03-21,842.89,14612.32,815.65,Banca seguros,Portoviejo,Vigente
POL01533,ASE00124,Salud,2024-11-03,2025-11-03,1786.79,26473.94,553.73,Broker,Quito,Vigente
POL01534,ASE01282,Salud,2024-10-27,2025-10-27,851.25,31683.19,2015.54,Banca seguros,Loja,Vigente
POL01535,ASE01407,Salud,2025-04-17,2026-04-17,829.35,30367.97,817.97,Agente,Loja,Vigente
POL01536,ASE00836,Salud,2024-02-19,2025-02-18,2390.29,33387.52,1172.64,Banca seguros,Santo Domingo,Vigente
POL01537,ASE00492,Salud,2024-11-25,2025-11-25,1116.58,14129.03,956.01,Broker,Cuenca,Vigente
POL01538,ASE00152,Salud,2025-05-25,2026-05-25,1084.38,25199.8,1915.59,Banca seguros,Cuenca,Vigente
POL01539,ASE00698,Salud,2024-09-27,2025-09-27,595.52,26153.69,1882.1,Broker,Quito,Vigente
POL01540,ASE01103,Salud,2024-01-20,2025-01-19,1917.42,26735.85,2080.31,Broker,Guayaquil,Vigente
POL01541,ASE00070,Salud,2024-07-28,2025-07-28,767.76,29942.49,1387.58,Agente,Manta,Vigente
POL01542,ASE00656,Salud,2025-08-28,2026-08-28,662.79,12039.16,675.32,Agente,Santo Domingo,Vigente
POL01543,ASE00175,Salud,2024-11-09,2025-11-09,1195.01,17510.4,262.77,Agente,Manta,Vigente
POL01544,ASE01606,Salud,2025-09-30,2026-09-30,760.44,18461.77,1278.13,Broker,Cuenca,Vigente
POL01545,ASE00835,Salud,2024-07-25,2025-07-25,933.62,15918.3,326.26,Broker,Quito,Vigente
POL01546,ASE00133,Salud,2025-09-27,2026-09-27,1197.7,26500.65,699.86,Broker,Loja,Vigente
POL01547,ASE01434,Salud,2024-06-07,2025-06-07,1435.24,21883.96,957.6,Agente,Santo Domingo,Vigente
POL01548,ASE01345,Salud,2025-08-25,2026-08-25,236.92,3143.05,70.73,Agente,Ambato,Vigente
POL01549,ASE01562,Salud,2025-05-09,2026-05-09,1865.27,26040.2,1282.05,Broker,Loja,Vigente
POL01550,ASE00260,Salud,2024-10-29,2025-10-29,2193.56,29715.9,1240.34,Digital,Santo Domingo,Vigente
POL01551,ASE00566,Salud,2025-06-18,2026-06-18,195.06,3112.33,149.3,Agente,Santo Domingo,Vigente
POL01552,ASE01365,Salud,2025-03-24,2026-03-24,561.25,10404.6,199.97,Banca seguros,Guayaquil,Vigente
POL01553,ASE01035,Salud,2025-03-11,2026-03-11,1461.28,23754.29,853.17,Agente,Portoviejo,Cancelada
POL01554,ASE00954,Salud,2024-12-25,2025-12-25,396.66,10267.98,187.92,Broker,Cuenca,Vigente
POL01555,ASE00413,Salud,2024-07-30,2025-07-30,1090.16,20808.17,1352.72,Broker,Guayaquil,Vigente
POL01556,ASE00510,Salud,2025-01-21,2026-01-21,555.1,17677.5,607.99,Broker,Guayaquil,Cancelada
POL01557,ASE01226,Salud,2025-02-14,2026-02-14,1585.17,32244.95,1133.61,Banca seguros,Manta,Vigente
POL01558,ASE01396,Salud,2024-12-06,2025-12-06,1506.7,25314.17,586.69,Agente,Portoviejo,Vigente
POL01559,ASE00492,Salud,2024-09-10,2025-09-10,791.72,27482.0,297.12,Broker,Cuenca,Vigente
POL01560,ASE00524,Salud,2025-05-23,2026-05-23,1135.54,22242.05,995.62,Digital,Loja,Vigente
POL01561,ASE01473,Salud,2025-09-17,2026-09-17,1165.54,25759.2,1132.61,Banca seguros,Manta,Vigente
POL01562,ASE01073,Salud,2024-12-19,2025-12-19,1360.84,24668.19,337.51,Banca seguros,Manta,Vigente
POL01563,ASE00909,Salud,2024-08-04,2025-08-04,234.26,5425.19,192.18,Digital,Ambato,Cancelada
POL01564,ASE00001,Salud,2024-09-15,2025-09-15,1567.27,28815.13,1933.14,Banca seguros,Quito,Vigente
POL01565,ASE01004,Salud,2024-01-13,2025-01-12,1336.57,29782.92,1546.52,Digital,Santo Domingo,Vigente
POL01566,ASE01647,Salud,2024-02-27,2025-02-26,773.71,18736.68,622.54,Broker,Loja,Vigente
POL01567,ASE00381,Salud,2025-08-30,2026-08-30,1426.47,29952.55,1692.19,Broker,Guayaquil,Vigente
POL01568,ASE00200,Salud,2025-03-16,2026-03-16,525.77,15290.29,415.66,Banca seguros,Ambato,Vigente
POL01569,ASE01455,Salud,2025-09-09,2026-09-09,1234.27,21761.29,1238.51,Broker,Quito,Vigente
POL01570,ASE00976,Salud,2024-01-27,2025-01-26,274.07,10633.88,574.87,Broker,Guayaquil,Vigente
POL01571,ASE01311,Salud,2025-01-28,2026-01-28,614.04,11561.55,141.78,Banca seguros,Guayaquil,Vigente
POL01572,ASE00423,Salud,2024-08-06,2025-08-06,717.1,10557.13,537.77,Digital,Manta,Vigente
POL01573,ASE01046,Salud,2024-02-03,2025-02-02,1083.92,27106.57,1665.98,Digital,Quito,Vigente
POL01574,ASE00229,Salud,2024-02-24,2025-02-23,491.18,15534.59,346.6,Broker,Quito,Vigente
POL01575,ASE00575,Salud,2025-08-03,2026-08-03,1895.72,26294.79,2037.27,Broker,Cuenca,Vigente
POL01576,ASE01176,Salud,2024-01-18,2025-01-17,781.01,20018.23,1241.17,Broker,Guayaquil,Vigente
POL01577,ASE00194,Salud,2024-01-22,2025-01-21,623.39,21364.03,250.59,Banca seguros,Quito,Vigente
POL01578,ASE00855,Salud,2025-02-10,2026-02-10,449.87,22683.31,405.13,Digital,Quito,Vigente
POL01579,ASE00057,Salud,2024-11-02,2025-11-02,717.74,33624.86,366.83,Banca seguros,Portoviejo,Vigente
POL01580,ASE01263,Salud,2024-08-17,2025-08-17,340.78,10986.02,421.32,Agente,Ambato,Vigente
POL01581,ASE00162,Salud,2025-07-27,2026-07-27,854.99,13563.37,846.07,Digital,Ambato,Vigente
POL01582,ASE01568,Salud,2024-10-15,2025-10-15,442.07,10302.43,582.85,Agente,Guayaquil,Vigente
POL01583,ASE00276,Salud,2024-08-14,2025-08-14,527.82,23339.58,370.31,Agente,Loja,Vigente
POL01584,ASE01018,Salud,2024-06-14,2025-06-14,1380.54,21338.79,1432.21,Digital,Quito,Vigente
POL01585,ASE00696,Salud,2025-01-12,2026-01-12,1275.25,31930.82,858.17,Digital,Ambato,Vigente
POL01586,ASE00160,Salud,2025-05-03,2026-05-03,614.22,26046.65,1262.26,Banca seguros,Cuenca,Vigente
POL01587,ASE00761,Salud,2025-06-19,2026-06-19,701.57,34499.2,756.9,Broker,Santo Domingo,Vigente
POL01588,ASE01332,Salud,2025-02-08,2026-02-08,1916.41,24729.27,1847.84,Broker,Loja,Vigente
POL01589,ASE00428,Salud,2024-02-28,2025-02-27,1694.86,26450.42,1718.85,Agente,Guayaquil,Vigente
POL01590,ASE01597,Salud,2025-03-05,2026-03-05,1812.54,29899.37,2209.01,Agente,Guayaquil,Vigente
POL01591,ASE00830,Salud,2024-03-05,2025-03-05,585.36,27164.82,1674.79,Agente,Ambato,Vigente
POL01592,ASE00509,Salud,2025-05-15,2026-05-15,809.78,11150.07,649.68,Banca seguros,Ambato,Vigente
POL01593,ASE00239,Salud,2024-05-09,2025-05-09,354.2,15195.35,954.67,Digital,Santo Domingo,Vigente
POL01594,ASE01219,Salud,2025-09-09,2026-09-09,2121.98,33731.02,2180.14,Broker,Ambato,Vigente
POL01595,ASE00138,Salud,2025-04-27,2026-04-27,404.81,14535.04,1028.54,Broker,Cuenca,Vigente
POL01596,ASE00908,Salud,2024-06-07,2025-06-07,206.69,3724.53,128.38,Banca seguros,Cuenca,Vigente
POL01597,ASE00497,Salud,2024-09-19,2025-09-19,1838.18,25714.15,564.4,Broker,Cuenca,Vigente
POL01598,ASE00263,Salud,2025-08-27,2026-08-27,434.96,9354.39,139.39,Broker,Santo Domingo,Vigente
POL01599,ASE00092,Salud,2024-10-08,2025-10-08,376.12,10717.35,344.32,Broker,Santo Domingo,Vigente
POL01600,ASE01135,Salud,2025-06-11,2026-06-11,678.02,8921.95,230.69,Agente,Santo Domingo,Vigente
POL01601,ASE00091,Hogar,2024-01-02,2025-01-01,1636.77,24908.09,1154.21,Broker,Santo Domingo,Vigente
POL01602,ASE00207,Hogar,2024-08-27,2025-08-27,655.68,9288.17,537.05,Broker,Cuenca,Vigente
POL01603,ASE00074,Hogar,2024-03-30,2025-03-30,7058.79,89240.8,1769.11,Digital,Quito,Vigente
POL01604,ASE01004,Hogar,2024-03-24,2025-03-24,704.28,17958.24,1039.06,Broker,Santo Domingo,Vigente
POL01605,ASE01024,Hogar,2024-11-28,2025-11-28,1046.98,13304.64,546.33,Agente,Portoviejo,Vigente
POL01606,ASE00643,Hogar,2025-08-20,2026-08-20,3127.96,74931.77,3161.3,Agente,Guayaquil,Vigente
POL01607,ASE00721,Hogar,2025-07-03,2026-07-03,3450.93,73453.69,4627.18,Banca seguros,Ambato,Vigente
POL01608,ASE01671,Hogar,2024-01-11,2025-01-10,2590.57,60789.4,4444.04,Broker,Quito,Vigente
POL01609,ASE00314,Hogar,2024-02-06,2025-02-05,2712.06,84622.15,1492.43,Broker,Loja,Vigente
POL01610,ASE01085,Hogar,2024-12-03,2025-12-03,1940.57,70671.33,3206.15,Agente,Cuenca,Vigente
POL01611,ASE01606,Hogar,2025-01-05,2026-01-05,4033.12,87775.01,1572.43,Broker,Cuenca,Vigente
POL01612,ASE01416,Hogar,2025-02-19,2026-02-19,1167.76,46870.13,2974.61,Agente,Portoviejo,Vigente
POL01613,ASE00739,Hogar,2024-04-04,2025-04-04,6241.46,87863.64,2321.57,Agente,Cuenca,Vigente
POL01614,ASE01678,Hogar,2025-02-16,2026-02-16,1072.5,16803.16,258.73,Agente,Ambato,Vigente
POL01615,ASE00760,Hogar,2025-02-19,2026-02-19,4547.74,81245.61,5442.39,Agente,Quito,Vigente
POL01616,ASE00213,Hogar,2025-04-28,2026-04-28,413.7,5548.72,381.94,Digital,Manta,Vigente
POL01617,ASE01045,Hogar,2025-03-11,2026-03-11,1492.58,59474.89,659.25,Agente,Santo Domingo,Vigente
POL01618,ASE00647,Hogar,2024-04-27,2025-04-27,3720.03,55966.18,1793.01,Agente,Cuenca,Vigente
POL01619,ASE00474,Hogar,2025-06-18,2026-06-18,1887.16,76727.96,4612.06,Agente,Santo Domingo,Vigente
POL01620,ASE01537,Hogar,2024-02-08,2025-02-07,3362.24,50739.4,3827.06,Agente,Cuenca,Vigente
POL01621,ASE00359,Hogar,2024-02-09,2025-02-08,1039.13,13216.5,753.18,Agente,Loja,Vigente
POL01622,ASE00194,Hogar,2024-02-14,2025-02-13,1490.41,45268.2,1765.05,Banca seguros,Quito,Vigente
POL01623,ASE01263,Hogar,2024-10-17,2025-10-17,2244.71,58331.69,2909.66,Agente,Ambato,Vigente
POL01624,ASE00969,Hogar,2025-07-01,2026-07-01,526.02,10141.97,621.79,Agente,Quito,Vigente
POL01625,ASE00498,Hogar,2025-07-16,2026-07-16,3057.18,65877.28,2108.0,Banca seguros,Cuenca,Vigente
POL01626,ASE00612,Hogar,2024-08-06,2025-08-06,722.0,14296.26,285.45,Broker,Cuenca,Vigente
POL01627,ASE00059,Hogar,2024-02-14,2025-02-13,5881.52,83285.95,6022.74,Digital,Cuenca,Vigente
POL01628,ASE00810,Hogar,2025-07-06,2026-07-06,3020.93,55924.58,1135.91,Agente,Santo Domingo,Vigente
POL01629,ASE00578,Hogar,2024-04-14,2025-04-14,2529.56,65224.61,1290.43,Agente,Cuenca,Vigente
POL01630,ASE01434,Hogar,2024-12-24,2025-12-24,6482.26,89927.05,7188.1,Agente,Santo Domingo,Vigente
POL01631,ASE01041,Hogar,2025-04-21,2026-04-21,5165.68,86732.99,878.82,Agente,Guayaquil,Vigente
POL01632,ASE00128,Hogar,2025-04-15,2026-04-15,583.51,21084.9,1077.71,Banca seguros,Guayaquil,Vigente
POL01633,ASE00965,Hogar,2025-06-15,2026-06-15,2233.31,86968.33,1472.94,Agente,Santo Domingo,Vigente
POL01634,ASE00147,Hogar,2025-05-11,2026-05-11,1319.95,25704.88,1400.64,Banca seguros,Guayaquil,Vigente
POL01635,ASE01678,Hogar,2024-02-17,2025-02-16,2353.01,73933.88,4302.82,Digital,Ambato,Vigente
POL01636,ASE01393,Hogar,2025-06-30,2026-06-30,1752.41,28739.51,1880.63,Banca seguros,Santo Domingo,Vigente
POL01637,ASE01284,Hogar,2024-01-26,2025-01-25,1595.56,28856.93,509.54,Broker,Cuenca,Vigente
POL01638,ASE00891,Hogar,2025-06-19,2026-06-19,2853.46,53377.73,3023.49,Agente,Santo Domingo,Vigente
POL01639,ASE01269,Hogar,2025-03-30,2026-03-30,1600.9,51956.85,2609.63,Banca seguros,Cuenca,Vigente
POL01640,ASE00860,Hogar,2025-02-11,2026-02-11,1084.47,24357.34,1603.64,Agente,Ambato,Vigente
POL01641,ASE00767,Hogar,2025-02-13,2026-02-13,1055.65,13556.4,208.02,Banca seguros,Loja,Vigente
POL01642,ASE01419,Hogar,2025-09-12,2026-09-12,834.53,23024.88,1315.19,Digital,Loja,Vigente
POL01643,ASE00231,Hogar,2024-07-02,2025-07-02,201.62,6424.72,259.73,Agente,Loja,Vigente
POL01644,ASE00752,Hogar,2024-03-01,2025-03-01,3882.69,68561.13,3514.75,Digital,Loja,Vigente
POL01645,ASE00033,Hogar,2024-04-26,2025-04-26,1143.67,48155.0,2925.95,Broker,Ambato,Vigente
POL01646,ASE00730,Hogar,2025-04-23,2026-04-23,6800.48,85026.42,2880.58,Broker,Portoviejo,Vigente
POL01647,ASE01338,Hogar,2024-07-13,2025-07-13,4353.51,70767.67,1493.88,Digital,Cuenca,Vigente
POL01648,ASE01225,Hogar,2024-02-04,2025-02-03,5269.5,66588.68,908.27,Broker,Ambato,Vigente
POL01649,ASE01361,Hogar,2024-03-24,2025-03-24,1059.66,18206.1,224.52,Agente,Guayaquil,Vigente
POL01650,ASE00384,Hogar,2025-03-09,2026-03-09,586.13,13801.89,161.62,Agente,Santo Domingo,Vigente
POL01651,ASE00854,Hogar,2024-06-08,2025-06-08,972.29,40558.72,1050.06,Broker,Portoviejo,Vigente
POL01652,ASE00732,Hogar,2025-03-22,2026-03-22,699.92,14267.39,662.91,Digital,Manta,Vigente
POL01653,ASE00053,Hogar,2024-01-05,2025-01-04,4380.64,78055.76,5413.63,Banca seguros,Guayaquil,Vigente
POL01654,ASE00288,Hogar,2025-06-27,2026-06-27,1881.88,56665.41,3095.65,Broker,Loja,Vigente
POL01655,ASE00702,Hogar,2025-03-20,2026-03-20,4741.81,68735.31,1210.86,Broker,Santo Domingo,Vigente
POL01656,ASE01540,Hogar,2024-12-07,2025-12-07,3845.63,54268.77,1331.57,Banca seguros,Manta,Vigente
POL01657,ASE01515,Hogar,2024-04-24,2025-04-24,2907.42,42400.76,2254.58,Agente,Cuenca,Vigente
POL01658,ASE01106,Hogar,2024-06-21,2025-06-21,494.4,7985.62,233.96,Agente,Loja,Vigente
POL01659,ASE00862,Hogar,2024-06-05,2025-06-05,907.67,26855.73,714.63,Digital,Quito,Vigente
POL01660,ASE00819,Hogar,2024-10-30,2025-10-30,1860.13,65571.76,5169.46,Broker,Cuenca,Vigente
POL01661,ASE01299,Hogar,2024-07-13,2025-07-13,2755.3,49778.16,1384.37,Digital,Loja,Vigente
POL01662,ASE00485,Hogar,2024-01-17,2025-01-16,3147.1,50915.27,2155.81,Broker,Quito,Vigente
POL01663,ASE00758,Hogar,2025-03-17,2026-03-17,1311.83,55424.34,4048.72,Broker,Cuenca,Vigente
POL01664,ASE01059,Hogar,2024-10-24,2025-10-24,3332.59,55688.82,4010.47,Banca seguros,Guayaquil,Vigente
POL01665,ASE00170,Hogar,2025-03-17,2026-03-17,1828.04,30226.11,1004.78,Broker,Cuenca,Vigente
POL01666,ASE01326,Hogar,2024-05-18,2025-05-18,5398.01,72537.14,3351.31,Banca seguros,Portoviejo,Vigente
POL01667,ASE00518,Hogar,2025-03-31,2026-03-31,2995.01,44360.43,2291.24,Digital,Santo Domingo,Vigente
POL01668,ASE01461,Hogar,2024-12-20,2025-12-20,753.63,28156.65,1695.28,Broker,Ambato,Vigente
POL01669,ASE01574,Hogar,2024-01-20,2025-01-19,5703.0,89207.65,6544.76,Agente,Cuenca,Vigente
POL01670,ASE01479,Hogar,2025-09-12,2026-09-12,1979.91,69377.61,1984.91,Banca seguros,Guayaquil,Vigente
POL01671,ASE01192,Hogar,2024-11-13,2025-11-13,584.47,22206.05,1633.58,Broker,Portoviejo,Cancelada
POL01672,ASE01220,Hogar,2024-09-10,2025-09-10,3108.79,73010.79,3698.33,Agente,Santo Domingo,Vigente
POL01673,ASE00286,Hogar,2025-08-18,2026-08-18,1151.21,58244.29,4266.6,Broker,Guayaquil,Vigente
POL01674,ASE01322,Hogar,2024-08-16,2025-08-16,759.51,22829.62,1454.98,Broker,Ambato,Vigente
POL01675,ASE01495,Hogar,2024-09-11,2025-09-11,798.74,31294.71,1050.36,Broker,Manta,Vigente
POL01676,ASE00322,Hogar,2025-03-09,2026-03-09,2829.21,83821.32,2166.79,Digital,Quito,Vigente
POL01677,ASE00648,Hogar,2024-11-18,2025-11-18,888.02,47574.25,2855.0,Digital,Portoviejo,Vigente
POL01678,ASE00762,Hogar,2025-07-10,2026-07-10,3577.79,79468.65,6195.39,Digital,Loja,Vigente
POL01679,ASE01029,Hogar,2025-05-16,2026-05-16,2860.6,50247.45,2861.33,Broker,Guayaquil,Vigente
POL01680,ASE00129,Hogar,2025-05-21,2026-05-21,4118.12,75587.24,3838.12,Agente,Guayaquil,Vigente
POL01681,ASE01143,Hogar,2024-01-11,2025-01-10,1393.65,28866.01,597.2,Agente,Santo Domingo,Vigente
POL01682,ASE00553,Hogar,2025-05-19,2026-05-19,1404.22,60018.07,1484.78,Agente,Loja,Vigente
POL01683,ASE00251,Hogar,2024-02-23,2025-02-22,683.23,21358.3,1293.25,Broker,Santo Domingo,Vigente
POL01684,ASE00978,Hogar,2024-12-26,2025-12-26,2928.85,87928.81,3711.02,Broker,Loja,Vigente
POL01685,ASE01681,Hogar,2024-03-26,2025-03-26,1135.94,42939.85,943.78,Banca seguros,Cuenca,Vigente
POL01686,ASE00654,Hogar,2024-12-28,2025-12-28,2648.15,45307.87,876.77,Agente,Cuenca,Vigente
POL01687,ASE01626,Hogar,2024-04-24,2025-04-24,5443.9,89633.3,3296.98,Broker,Loja,Vigente
POL01688,ASE01199,Hogar,2025-06-04,2026-06-04,5553.87,83951.35,3757.83,Agente,Quito,Vigente
POL01689,ASE01568,Hogar,2025-06-20,2026-06-20,551.39,14482.47,562.12,Digital,Guayaquil,Vigente
POL01690,ASE00614,Hogar,2025-08-14,2026-08-14,5925.63,75539.93,999.1,Banca seguros,Quito,Vigente
POL01691,ASE00567,Hogar,2024-07-21,2025-07-21,942.74,51013.37,3166.83,Banca seguros,Quito,Vigente
POL01692,ASE01339,Hogar,2025-05-24,2026-05-24,2475.55,63034.62,820.63,Banca seguros,Manta,Vigente
POL01693,ASE00133,Hogar,2024-08-12,2025-08-12,2084.41,62906.14,2999.19,Agente,Loja,Vigente
POL01694,ASE01198,Hogar,2024-04-27,2025-04-27,3840.82,83515.93,4230.85,Banca seguros,Cuenca,Vigente
POL01695,ASE00435,Hogar,2025-02-14,2026-02-14,1537.61,48987.85,3284.24,Agente,Ambato,Vigente
POL01696,ASE00011,Hogar,2025-07-23,2026-07-23,4163.08,68957.26,2028.99,Agente,Manta,Vigente
POL01697,ASE00503,Hogar,2024-04-09,2025-04-09,2428.96,50636.67,3202.84,Broker,Cuenca,Vigente
POL01698,ASE00107,Hogar,2024-11-12,2025-11-12,2129.98,82042.77,2931.91,Broker,Loja,Vigente
POL01699,ASE01668,Hogar,2025-06-19,2026-06-19,2252.0,81235.93,5007.52,Broker,Portoviejo,Vigente
POL01700,ASE00994,Hogar,2025-04-30,2026-04-30,2148.27,63938.68,2049.64,Digital,Manta,Vigente
POL01701,ASE00705,Hogar,2024-01-21,2025-01-20,994.89,12457.34,856.53,Digital,Quito,Vigente
POL01702,ASE00609,Hogar,2025-08-26,2026-08-26,1355.7,26356.07,1501.46,Agente,Portoviejo,Vigente
POL01703,ASE00240,Hogar,2025-03-01,2026-03-01,3987.52,51147.35,859.22,Banca seguros,Cuenca,Vigente
POL01704,ASE00252,Hogar,2024-12-27,2025-12-27,3872.47,64131.86,3758.81,Broker,Santo Domingo,Vigente
POL01705,ASE01381,Hogar,2024-01-14,2025-01-13,6361.11,79740.78,1206.8,Broker,Santo Domingo,Vigente
POL01706,ASE01561,Hogar,2024-01-30,2025-01-29,2324.47,43668.92,3453.7,Broker,Portoviejo,Vigente
POL01707,ASE01645,Hogar,2024-05-06,2025-05-06,4077.42,66607.41,3245.55,Broker,Quito,Vigente
POL01708,ASE01002,Hogar,2024-12-22,2025-12-22,628.67,27104.38,1645.81,Banca seguros,Guayaquil,Cancelada
POL01709,ASE01222,Hogar,2024-02-29,2025-02-28,727.62,24516.16,1103.16,Banca seguros,Manta,Vigente
POL01710,ASE00602,Hogar,2025-01-24,2026-01-24,1305.16,18133.98,1446.72,Broker,Manta,Vigente
POL01711,ASE01096,Hogar,2025-03-09,2026-03-09,640.38,20972.51,942.56,Banca seguros,Cuenca,Vigente
POL01712,ASE01492,Hogar,2024-10-02,2025-10-02,2156.25,36708.85,478.37,Banca seguros,Portoviejo,Vigente
POL01713,ASE00030,Hogar,2024-05-27,2025-05-27,1387.16,30560.14,1624.75,Broker,Cuenca,Vigente
POL01714,ASE01095,Hogar,2024-10-07,2025-10-07,1984.74,33483.7,1215.82,Agente,Manta,Vigente
POL01715,ASE00018,Hogar,2025-09-03,2026-09-03,5458.42,81254.82,4683.4,Banca seguros,Ambato,Vigente
POL01716,ASE01144,Hogar,2025-08-29,2026-08-29,4319.53,83516.66,4960.0,Agente,Loja,Vigente
POL01717,ASE00279,Hogar,2024-02-05,2025-02-04,1196.4,24160.57,440.89,Broker,Santo Domingo,Vigente
POL01718,ASE01580,Hogar,2024-05-20,2025-05-20,4458.4,57686.86,3819.33,Broker,Ambato,Vigente
POL01719,ASE01230,Hogar,2024-12-27,2025-12-27,1252.07,63363.44,4764.7,Banca seguros,Guayaquil,Vigente
POL01720,ASE00969,Hogar,2025-08-27,2026-08-27,4154.71,61582.14,1739.9,Banca seguros,Quito,Vigente
POL01721,ASE01144,Hogar,2025-09-11,2026-09-11,1328.19,42882.28,2066.42,Digital,Loja,Vigente
POL01722,ASE01592,Hogar,2025-03-13,2026-03-13,261.46,6009.92,182.01,Banca seguros,Portoviejo,Vigente
POL01723,ASE01385,Hogar,2024-06-06,2025-06-06,2052.95,34060.3,2190.06,Banca seguros,Loja,Vigente
POL01724,ASE00306,Hogar,2024-01-28,2025-01-27,3135.16,85632.12,5528.0,Digital,Guayaquil,Vigente
POL01725,ASE01157,Hogar,2024-03-04,2025-03-04,426.23,17991.65,519.82,Digital,Guayaquil,Vigente
POL01726,ASE01253,Hogar,2025-02-12,2026-02-12,362.44,18603.95,227.12,Banca seguros,Ambato,Vigente
POL01727,ASE01115,Hogar,2024-05-05,2025-05-05,1172.08,17942.76,965.83,Digital,Portoviejo,Vigente
POL01728,ASE00965,Hogar,2025-06-03,2026-06-03,1732.07,26481.04,1894.43,Banca seguros,Santo Domingo,Vigente
POL01729,ASE01208,Hogar,2025-05-28,2026-05-28,282.83,12848.41,687.65,Banca seguros,Quito,Vigente
POL01730,ASE00528,Hogar,2024-02-23,2025-02-22,947.63,33339.61,1329.71,Digital,Guayaquil,Vigente
POL01731,ASE01218,Hogar,2024-11-21,2025-11-21,919.16,16088.71,234.23,Digital,Cuenca,Vigente
POL01732,ASE00179,Hogar,2024-10-19,2025-10-19,1952.48,37802.79,2556.28,Broker,Santo Domingo,Vigente
POL01733,ASE00501,Hogar,2024-09-21,2025-09-21,1115.34,34870.02,2096.92,Digital,Cuenca,Vigente
POL01734,ASE01536,Hogar,2024-12-14,2025-12-14,1761.09,67620.11,4753.54,Broker,Guayaquil,Vigente
POL01735,ASE01343,Hogar,2024-04-29,2025-04-29,914.82,15837.55,1001.79,Banca seguros,Portoviejo,Vigente
POL01736,ASE01180,Hogar,2024-06-26,2025-06-26,3566.47,52071.75,557.12,Banca seguros,Portoviejo,Vigente
POL01737,ASE00153,Hogar,2025-07-13,2026-07-13,1796.91,43746.38,1556.02,Broker,Santo Domingo,Cancelada
POL01738,ASE01209,Hogar,2024-11-17,2025-11-17,1920.61,33801.4,2072.66,Digital,Ambato,Vigente
POL01739,ASE01316,Hogar,2025-03-21,2026-03-21,5427.86,83664.96,5393.38,Digital,Quito,Vigente
POL01740,ASE00962,Hogar,2025-09-21,2026-09-21,1835.04,50086.22,3638.91,Broker,Loja,Vigente
POL01741,ASE00397,Hogar,2024-01-27,2025-01-26,4331.36,89263.21,6397.66,Broker,Portoviejo,Vigente
POL01742,ASE01245,Hogar,2025-05-17,2026-05-17,1590.04,28036.08,532.77,Agente,Portoviejo,Vigente
POL01743,ASE00403,Hogar,2024-06-20,2025-06-20,1457.67,60181.27,679.27,Broker,Manta,Vigente
POL01744,ASE01379,Hogar,2025-04-06,2026-04-06,1592.34,48222.66,2051.58,Banca seguros,Santo Domingo,Vigente
POL01745,ASE01428,Hogar,2024-09-22,2025-09-22,2274.08,34997.72,1045.47,Agente,Portoviejo,Vigente
POL01746,ASE00364,Hogar,2024-10-03,2025-10-03,2627.66,88855.42,4926.33,Digital,Quito,Vigente
POL01747,ASE01594,Hogar,2024-07-08,2025-07-08,1923.62,68777.11,1580.06,Broker,Portoviejo,Vigente
POL01748,ASE01038,Hogar,2025-08-12,2026-08-12,2282.44,69354.53,2453.58,Digital,Santo Domingo,Vigente
POL01749,ASE01579,Hogar,2024-10-03,2025-10-03,2326.17,76058.32,3176.67,Agente,Quito,Vigente
POL01750,ASE00507,Hogar,2024-12-15,2025-12-15,2968.22,55288.42,2763.99,Banca seguros,Manta,Vigente
POL01751,ASE01129,Hogar,2024-05-09,2025-05-09,1081.63,16476.41,1086.68,Agente,Portoviejo,Vigente
POL01752,ASE01087,Hogar,2024-01-07,2025-01-06,945.21,42072.25,1005.2,Banca seguros,Cuenca,Vigente
POL01753,ASE01091,Hogar,2024-07-26,2025-07-26,6565.5,82997.57,6142.14,Banca seguros,Manta,Vigente
POL01754,ASE00674,Hogar,2025-01-25,2026-01-25,3382.77,43243.6,1884.12,Banca seguros,Loja,Vigente
POL01755,ASE00440,Hogar,2024-06-08,2025-06-08,647.81,12320.32,867.97,Banca seguros,Manta,Vigente
POL01756,ASE00211,Hogar,2025-07-11,2026-07-11,2042.42,69020.07,4845.45,Banca seguros,Quito,Vigente
POL01757,ASE01357,Hogar,2024-01-12,2025-01-11,783.8,37274.59,2516.96,Agente,Cuenca,Vigente
POL01758,ASE01502,Hogar,2025-09-06,2026-09-06,2099.61,30936.9,357.14,Broker,Cuenca,Vigente
POL01759,ASE00376,Hogar,2024-07-13,2025-07-13,1661.15,32520.81,412.03,Digital,Guayaquil,Vigente
POL01760,ASE01668,Hogar,2024-12-17,2025-12-17,3237.52,81116.54,999.35,Banca seguros,Portoviejo,Cancelada
POL01761,ASE01196,Hogar,2024-02-03,2025-02-02,2572.45,70284.69,4576.54,Banca seguros,Ambato,Vigente
POL01762,ASE00474,Hogar,2024-11-02,2025-11-02,2778.02,75643.1,2349.17,Agente,Santo Domingo,Vigente
POL01763,ASE01144,Hogar,2024-07-25,2025-07-25,4756.97,71049.64,5342.14,Banca seguros,Loja,Vigente
POL01764,ASE00718,Hogar,2024-07-06,2025-07-06,4814.05,60429.77,3625.39,Broker,Ambato,Vigente
POL01765,ASE00706,Hogar,2025-07-08,2026-07-08,496.92,6669.46,80.53,Broker,Loja,Vigente
POL01766,ASE00447,Hogar,2025-05-27,2026-05-27,1588.97,40808.58,2617.92,Banca seguros,Cuenca,Vigente
POL01767,ASE01188,Hogar,2024-12-21,2025-12-21,1472.49,43356.46,917.58,Broker,Manta,Vigente
POL01768,ASE00965,Hogar,2025-04-14,2026-04-14,2521.33,84376.15,6503.64,Broker,Santo Domingo,Vigente
POL01769,ASE00116,Hogar,2024-03-23,2025-03-23,733.5,38600.86,1812.31,Broker,Portoviejo,Vigente
POL01770,ASE00639,Hogar,2024-04-03,2025-04-03,3240.41,62533.54,3690.35,Banca seguros,Quito,Vigente
POL01771,ASE01613,Hogar,2024-12-23,2025-12-23,1392.67,41270.05,3162.46,Agente,Cuenca,Vigente
POL01772,ASE00887,Hogar,2024-03-07,2025-03-07,127.52,6836.44,406.01,Broker,Guayaquil,Vigente
POL01773,ASE00447,Hogar,2025-08-09,2026-08-09,4104.7,54320.46,4205.02,Agente,Cuenca,Vigente
POL01774,ASE00968,Hogar,2025-03-07,2026-03-07,2289.61,59284.57,3264.77,Digital,Guayaquil,Vigente
POL01775,ASE00172,Hogar,2025-04-15,2026-04-15,1487.61,22724.68,253.29,Agente,Manta,Vigente
POL01776,ASE00048,Hogar,2025-01-24,2026-01-24,1205.76,15759.92,631.29,Agente,Guayaquil,Cancelada
POL01777,ASE00049,Hogar,2024-09-21,2025-09-21,604.97,10904.68,578.71,Broker,Portoviejo,Vigente
POL01778,ASE00735,Hogar,2025-01-11,2026-01-11,1064.93,13613.55,928.48,Broker,Quito,Vigente
POL01779,ASE00812,Hogar,2024-01-08,2025-01-07,1155.2,44065.64,1510.86,Broker,Cuenca,Vigente
POL01780,ASE01244,Hogar,2025-05-05,2026-05-05,1723.09,23351.74,673.08,Digital,Cuenca,Vigente
POL01781,ASE01276,Hogar,2025-02-06,2026-02-06,300.5,7059.76,453.77,Agente,Ambato,Vigente
POL01782,ASE01262,Hogar,2024-05-29,2025-05-29,1516.56,27669.07,561.18,Broker,Portoviejo,Vigente
POL01783,ASE00508,Hogar,2025-08-28,2026-08-28,3260.41,48377.34,2035.32,Digital,Quito,Cancelada
POL01784,ASE01476,Hogar,2024-10-23,2025-10-23,3700.34,54453.86,1080.94,Digital,Manta,Vigente
POL01785,ASE00597,Hogar,2025-07-10,2026-07-10,4218.97,86371.96,4115.38,Agente,Manta,Vigente
POL01786,ASE00553,Hogar,2024-02-19,2025-02-18,607.72,13512.45,362.63,Banca seguros,Loja,Vigente
POL01787,ASE01414,Hogar,2024-02-27,2025-02-26,1126.76,34576.04,1162.01,Broker,Manta,Vigente
POL01788,ASE00269,Hogar,2024-06-19,2025-06-19,1722.9,52329.13,3603.1,Agente,Cuenca,Vigente
POL01789,ASE00828,Hogar,2024-12-06,2025-12-06,1430.25,44471.28,706.26,Digital,Portoviejo,Vigente
POL01790,ASE00246,Hogar,2024-02-15,2025-02-14,1285.89,36810.48,1282.21,Agente,Portoviejo,Vigente
POL01791,ASE00420,Hogar,2024-01-28,2025-01-27,5391.61,74358.03,868.83,Banca seguros,Manta,Vigente
POL01792,ASE00639,Hogar,2025-09-11,2026-09-11,3040.69,46138.75,3395.25,Agente,Quito,Vigente
POL01793,ASE01652,Hogar,2024-02-28,2025-02-27,2324.86,30878.46,354.81,Digital,Guayaquil,Vigente
POL01794,ASE00898,Hogar,2025-06-12,2026-06-12,3891.72,73903.13,2558.39,Banca seguros,Portoviejo,Vigente
POL01795,ASE00938,Hogar,2024-10-19,2025-10-19,2174.29,36870.26,576.8,Broker,Ambato,Vigente
POL01796,ASE01164,Hogar,2025-03-30,2026-03-30,3805.32,51353.81,1089.49,Agente,Cuenca,Vigente
POL01797,ASE00264,Hogar,2024-10-03,2025-10-03,1455.91,62624.64,4428.34,Agente,Quito,Vigente
POL01798,ASE00273,Hogar,2025-09-04,2026-09-04,1049.07,29484.57,1040.55,Digital,Ambato,Vigente
POL01799,ASE01610,Hogar,2024-04-09,2025-04-09,2333.19,62805.43,4157.34,Agente,Loja,Vigente
POL01800,ASE00063,Hogar,2025-09-27,2026-09-27,402.56,10917.69,274.5,Digital,Santo Domingo,Cancelada
POL01801,ASE00931,Hogar,2025-06-03,2026-06-03,892.36,13509.04,518.04,Agente,Santo Domingo,Vigente
POL01802,ASE01363,Hogar,2025-03-06,2026-03-06,2048.59,70005.03,2867.54,Broker,Loja,Vigente
POL01803,ASE01471,Hogar,2024-01-21,2025-01-20,495.37,7030.14,394.57,Digital,Quito,Vigente
POL01804,ASE01093,Hogar,2024-06-13,2025-06-13,820.78,37200.31,2300.53,Banca seguros,Portoviejo,Vigente
POL01805,ASE00206,Hogar,2024-02-12,2025-02-11,1305.79,22026.24,769.2,Broker,Portoviejo,Vigente
POL01806,ASE01536,Hogar,2024-11-05,2025-11-05,788.16,18465.3,431.15,Broker,Guayaquil,Vigente
POL01807,ASE00896,Hogar,2024-04-19,2025-04-19,859.24,14249.88,612.51,Broker,Loja,Vigente
POL01808,ASE00429,Hogar,2025-03-08,2026-03-08,697.5,9181.87,114.99,Banca seguros,Quito,Vigente
POL01809,ASE00362,Hogar,2024-06-29,2025-06-29,205.08,10370.13,117.99,Broker,Quito,Vigente
POL01810,ASE01439,Hogar,2025-07-29,2026-07-29,1442.81,41084.14,1778.3,Digital,Loja,Vigente
POL01811,ASE01530,Hogar,2024-06-15,2025-06-15,1060.75,26734.9,1339.02,Digital,Quito,Vigente
POL01812,ASE01147,Hogar,2025-03-01,2026-03-01,4268.6,70758.94,5350.56,Digital,Ambato,Vigente
POL01813,ASE00505,Hogar,2024-12-26,2025-12-26,1052.38,41973.93,677.87,Broker,Quito,Vigente
POL01814,ASE00048,Hogar,2024-12-11,2025-12-11,2787.04,50747.56,3839.94,Agente,Guayaquil,Vigente
POL01815,ASE00042,Hogar,2024-07-17,2025-07-17,303.23,6466.01,389.26,Agente,Santo Domingo,Vigente
POL01816,ASE01610,Hogar,2024-04-19,2025-04-19,999.94,35064.21,677.97,Broker,Loja,Vigente
POL01817,ASE00521,Hogar,2024-03-05,2025-03-05,416.38,6923.7,158.8,Banca seguros,Ambato,Vigente
POL01818,ASE00327,Hogar,2025-07-16,2026-07-16,975.25,12293.24,717.06,Banca seguros,Guayaquil,Vigente
POL01819,ASE00735,Hogar,2025-01-26,2026-01-26,4903.97,73190.45,2406.17,Agente,Quito,Vigente
POL01820,ASE00328,Hogar,2025-09-28,2026-09-28,6907.16,89886.0,4691.13,Banca seguros,Quito,Vigente
POL01821,ASE00022,Hogar,2025-01-09,2026-01-09,2423.78,43823.21,1986.37,Agente,Loja,Vigente
POL01822,ASE00126,Hogar,2025-01-31,2026-01-31,1948.4,79497.18,4463.21,Agente,Santo Domingo,Vigente
POL01823,ASE00503,Hogar,2024-02-20,2025-02-19,2003.99,67792.82,3136.64,Broker,Cuenca,Vigente
POL01824,ASE01423,Hogar,2024-03-26,2025-03-26,200.56,6083.31,307.85,Banca seguros,Guayaquil,Vigente
POL01825,ASE01277,Hogar,2025-09-03,2026-09-03,4323.24,73102.72,3272.46,Banca seguros,Cuenca,Vigente
POL01826,ASE00689,Hogar,2025-03-12,2026-03-12,2723.27,34352.82,2659.55,Digital,Loja,Vigente
POL01827,ASE00309,Hogar,2024-01-22,2025-01-21,2009.52,44809.43,1083.75,Banca seguros,Santo Domingo,Vigente
POL01828,ASE01598,Hogar,2025-01-16,2026-01-16,1766.37,67461.15,2659.46,Banca seguros,Santo Domingo,Vigente
POL01829,ASE00667,Hogar,2024-10-05,2025-10-05,3971.19,85999.44,6392.48,Banca seguros,Loja,Vigente
POL01830,ASE00123,Hogar,2025-07-15,2026-07-15,1937.47,77788.8,4173.11,Broker,Quito,Vigente
POL01831,ASE00113,Hogar,2024-02-17,2025-02-16,2530.89,37258.54,2406.41,Digital,Guayaquil,Vigente
POL01832,ASE00901,Hogar,2024-07-23,2025-07-23,2153.57,48446.27,2648.19,Banca seguros,Manta,Vigente
POL01833,ASE00900,Hogar,2025-02-25,2026-02-25,1902.56,24593.26,1153.37,Banca seguros,Loja,Vigente
POL01834,ASE00382,Hogar,2025-02-19,2026-02-19,1651.54,76141.35,4514.03,Agente,Manta,Vigente
POL01835,ASE00530,Hogar,2024-08-11,2025-08-11,841.54,44532.26,2819.7,Agente,Cuenca,Vigente
POL01836,ASE01595,Hogar,2025-07-16,2026-07-16,4552.02,57814.19,2290.66,Digital,Manta,Vigente
POL01837,ASE01175,Hogar,2025-03-06,2026-03-06,1752.31,32202.78,959.95,Broker,Portoviejo,Vigente
POL01838,ASE01392,Hogar,2024-03-01,2025-03-01,322.36,5833.38,293.68,Banca seguros,Guayaquil,Vigente
POL01839,ASE00108,Hogar,2024-04-19,2025-04-19,1300.14,68618.91,3633.05,Broker,Loja,Vigente
POL01840,ASE01303,Hogar,2025-05-30,2026-05-30,5798.58,84508.5,5263.81,Broker,Cuenca,Cancelada
POL01841,ASE01331,Hogar,2024-06-17,2025-06-17,861.77,38153.87,409.26,Broker,Guayaquil,Vigente
POL01842,ASE01311,Hogar,2025-03-07,2026-03-07,2624.18,48777.23,3744.84,Banca seguros,Guayaquil,Vigente
POL01843,ASE00919,Hogar,2025-02-16,2026-02-16,5920.07,83173.82,4728.45,Agente,Cuenca,Vigente
POL01844,ASE01243,Hogar,2024-09-22,2025-09-22,5420.6,78986.73,1267.02,Broker,Santo Domingo,Vigente
POL01845,ASE00496,Hogar,2024-06-23,2025-06-23,1922.7,42678.53,1421.09,Broker,Loja,Vigente
POL01846,ASE00243,Hogar,2025-05-12,2026-05-12,2879.77,47760.97,1357.25,Agente,Portoviejo,Vigente
POL01847,ASE01186,Hogar,2025-03-17,2026-03-17,1109.36,52092.5,1542.73,Banca seguros,Portoviejo,Vigente
POL01848,ASE00192,Hogar,2024-05-21,2025-05-21,2780.97,53389.83,657.41,Digital,Cuenca,Vigente
POL01849,ASE00515,Hogar,2024-08-13,2025-08-13,1853.27,40548.62,2510.99,Banca seguros,Guayaquil,Vigente
POL01850,ASE01611,Hogar,2024-03-26,2025-03-26,801.47,18377.79,892.28,Digital,Guayaquil,Vigente
POL01851,ASE00559,Hogar,2024-08-14,2025-08-14,2725.95,34101.6,661.72,Broker,Quito,Vigente
POL01852,ASE01103,Hogar,2024-12-27,2025-12-27,1307.54,17343.8,1184.49,Digital,Guayaquil,Vigente
POL01853,ASE01229,Hogar,2025-03-15,2026-03-15,611.76,16343.3,805.39,Agente,Santo Domingo,Vigente
POL01854,ASE01515,Hogar,2024-05-28,2025-05-28,737.02,11293.32,735.32,Broker,Cuenca,Vigente
POL01855,ASE00086,Hogar,2025-05-13,2026-05-13,3042.93,73959.64,1432.44,Agente,Loja,Cancelada
POL01856,ASE00331,Hogar,2024-02-02,2025-02-01,2437.59,66899.43,5036.95,Digital,Cuenca,Vigente
POL01857,ASE01032,Hogar,2025-01-14,2026-01-14,2768.5,43532.54,1494.54,Digital,Ambato,Vigente
POL01858,ASE01552,Hogar,2025-02-14,2026-02-14,1570.14,77608.69,3575.06,Broker,Manta,Vigente
POL01859,ASE00213,Hogar,2025-06-23,2026-06-23,4200.87,88407.97,1012.25,Banca seguros,Manta,Vigente
POL01860,ASE01169,Hogar,2025-04-28,2026-04-28,870.64,44780.46,960.04,Digital,Cuenca,Vigente
POL01861,ASE01201,Hogar,2025-09-29,2026-09-29,6504.84,89689.42,5617.8,Banca seguros,Loja,Vigente
POL01862,ASE01676,Hogar,2024-02-16,2025-02-15,796.13,34246.99,1455.32,Digital,Cuenca,Vigente
POL01863,ASE00977,Hogar,2024-02-07,2025-02-06,1070.6,15682.72,1113.84,Broker,Ambato,Vigente
POL01864,ASE00949,Hogar,2025-02-10,2026-02-10,1345.88,17390.86,1191.37,Digital,Cuenca,Vigente
POL01865,ASE01454,Hogar,2024-02-06,2025-02-05,6379.75,84972.96,998.58,Broker,Portoviejo,Vigente
POL01866,ASE00238,Hogar,2025-03-18,2026-03-18,2746.3,52708.58,1422.71,Agente,Cuenca,Vigente
POL01867,ASE00559,Hogar,2025-08-23,2026-08-23,4608.01,62622.49,3468.25,Digital,Quito,Vigente
POL01868,ASE00883,Hogar,2024-02-02,2025-02-01,1134.47,43347.26,1270.09,Agente,Portoviejo,Vigente
POL01869,ASE01037,Hogar,2024-12-16,2025-12-16,2002.98,31039.69,859.06,Banca seguros,Ambato,Vigente
POL01870,ASE00608,Hogar,2025-05-09,2026-05-09,1154.87,51944.87,2842.63,Banca seguros,Quito,Vigente
POL01871,ASE00824,Hogar,2025-01-29,2026-01-29,1371.92,33625.98,1466.23,Digital,Manta,Vigente
POL01872,ASE00662,Hogar,2025-10-01,2026-10-01,2432.93,73768.2,4010.09,Broker,Quito,Vigente
POL01873,ASE01017,Hogar,2024-02-29,2025-02-28,1731.67,38569.03,1445.96,Agente,Quito,Vigente
POL01874,ASE01233,Hogar,2024-12-19,2025-12-19,1114.44,14449.28,519.39,Agente,Portoviejo,Vigente
POL01875,ASE00477,Hogar,2024-06-30,2025-06-30,1732.3,25048.92,717.29,Broker,Cuenca,Vigente
POL01876,ASE00427,Hogar,2024-08-02,2025-08-02,1050.55,17679.41,263.22,Agente,Guayaquil,Vigente
POL01877,ASE01653,Hogar,2024-05-18,2025-05-18,1732.75,47070.1,1702.61,Broker,Quito,Vigente
POL01878,ASE00991,Hogar,2025-04-24,2026-04-24,998.47,24190.82,1534.06,Banca seguros,Ambato,Vigente
POL01879,ASE00872,Hogar,2025-07-27,2026-07-27,1760.79,89573.5,2736.15,Broker,Quito,Vigente
POL01880,ASE01500,Hogar,2024-12-05,2025-12-05,2298.54,62990.71,1852.72,Broker,Cuenca,Vigente
POL01881,ASE01048,Hogar,2024-08-24,2025-08-24,3350.66,68017.23,4208.36,Digital,Guayaquil,Vigente
POL01882,ASE00039,Hogar,2025-07-26,2026-07-26,5065.14,89012.97,1507.06,Broker,Manta,Vigente
POL01883,ASE00237,Hogar,2025-02-27,2026-02-27,1587.8,63441.37,4413.92,Agente,Manta,Vigente
POL01884,ASE01262,Hogar,2025-04-27,2026-04-27,1483.59,42452.53,2377.76,Agente,Portoviejo,Vigente
POL01885,ASE01558,Hogar,2024-08-30,2025-08-30,118.05,5250.65,365.22,Banca seguros,Guayaquil,Vigente
POL01886,ASE00293,Hogar,2025-01-05,2026-01-05,3655.15,63666.7,2548.2,Broker,Santo Domingo,Vigente
POL01887,ASE01327,Hogar,2025-03-15,2026-03-15,3162.87,52582.49,1061.94,Digital,Quito,Vigente
POL01888,ASE00769,Hogar,2025-10-01,2026-10-01,5634.87,77677.11,2345.26,Broker,Cuenca,Vigente
POL01889,ASE00820,Hogar,2024-11-22,2025-11-22,2833.99,56875.16,935.55,Agente,Santo Domingo,Vigente
POL01890,ASE00133,Hogar,2025-09-24,2026-09-24,3101.97,61704.88,2325.95,Banca seguros,Loja,Vigente
POL01891,ASE01089,Hogar,2025-02-04,2026-02-04,1112.85,24153.13,366.54,Banca seguros,Ambato,Vigente
POL01892,ASE00135,Hogar,2024-08-10,2025-08-10,2384.24,59651.15,962.96,Banca seguros,Portoviejo,Vigente
POL01893,ASE01416,Hogar,2024-11-28,2025-11-28,2126.5,29681.54,1168.39,Broker,Portoviejo,Vigente
POL01894,ASE00644,Hogar,2025-07-13,2026-07-13,1889.67,52289.25,4024.69,Banca seguros,Manta,Vigente
POL01895,ASE00891,Hogar,2025-09-02,2026-09-02,2882.02,42682.08,1336.7,Banca seguros,Santo Domingo,Vigente
POL01896,ASE00527,Hogar,2024-04-01,2025-04-01,2850.28,81870.08,2389.52,Banca seguros,Ambato,Vigente
POL01897,ASE01136,Hogar,2024-12-04,2025-12-04,1220.61,37375.77,2689.75,Agente,Santo Domingo,Vigente
POL01898,ASE00182,Hogar,2024-12-05,2025-12-05,5557.89,82539.24,963.85,Broker,Ambato,Vigente
POL01899,ASE01181,Hogar,2024-03-21,2025-03-21,1771.73,46531.57,885.57,Broker,Portoviejo,Vigente
POL01900,ASE01092,Hogar,2024-05-06,2025-05-06,5436.41,80304.15,4658.93,Digital,Portoviejo,Vigente
POL01901,ASE00246,Hogar,2024-09-26,2025-09-26,1529.46,23906.15,1851.49,Banca seguros,Portoviejo,Vigente
POL01902,ASE01575,Hogar,2025-01-23,2026-01-23,1595.43,41779.6,2755.23,Digital,Santo Domingo,Vigente
POL01903,ASE01454,Hogar,2025-02-16,2026-02-16,525.72,15696.09,1002.74,Banca seguros,Portoviejo,Vigente
POL01904,ASE01301,Hogar,2025-09-30,2026-09-30,6586.82,84158.91,6153.03,Digital,Quito,Vigente
POL01905,ASE01039,Hogar,2024-03-23,2025-03-23,5815.85,82967.23,1257.05,Agente,Loja,Vigente
POL01906,ASE01425,Hogar,2024-09-04,2025-09-04,2581.28,39197.45,589.22,Banca seguros,Guayaquil,Vigente
POL01907,ASE01318,Hogar,2024-06-10,2025-06-10,3102.63,40733.27,2748.89,Broker,Quito,Vigente
POL01908,ASE01219,Hogar,2024-03-13,2025-03-13,1081.31,28571.73,1155.06,Digital,Ambato,Vigente
POL01909,ASE01498,Hogar,2025-01-27,2026-01-27,1530.87,19865.36,1458.09,Agente,Manta,Vigente
POL01910,ASE00116,Hogar,2024-01-03,2025-01-02,931.49,51547.82,3454.5,Banca seguros,Portoviejo,Vigente
POL01911,ASE00089,Hogar,2024-03-11,2025-03-11,504.74,10925.88,339.74,Broker,Guayaquil,Vigente
POL01912,ASE00164,Hogar,2025-04-19,2026-04-19,2479.59,33297.07,1329.01,Digital,Santo Domingo,Vigente
POL01913,ASE00966,Hogar,2024-12-02,2025-12-02,6412.73,84066.33,2421.48,Digital,Cuenca,Vigente
POL01914,ASE00179,Hogar,2024-05-03,2025-05-03,2772.52,37103.93,2684.59,Banca seguros,Santo Domingo,Vigente
POL01915,ASE00314,Hogar,2024-11-08,2025-11-08,1388.23,40542.22,1949.26,Banca seguros,Loja,Vigente
POL01916,ASE00479,Hogar,2025-08-05,2026-08-05,243.21,11021.28,187.32,Broker,Loja,Vigente
POL01917,ASE00827,Hogar,2024-04-19,2025-04-19,1940.06,44070.49,1674.24,Agente,Santo Domingo,Cancelada
POL01918,ASE00931,Hogar,2025-07-28,2026-07-28,4973.28,76867.98,5230.5,Agente,Santo Domingo,Vigente
POL01919,ASE00868,Hogar,2025-02-09,2026-02-09,3640.48,58461.07,1591.94,Banca seguros,Portoviejo,Vigente
POL01920,ASE00038,Hogar,2025-05-17,2026-05-17,784.69,22553.58,1554.45,Banca seguros,Ambato,Vigente
POL01921,ASE00853,Hogar,2025-07-26,2026-07-26,3304.92,49428.41,496.0,Banca seguros,Cuenca,Vigente
POL01922,ASE00774,Hogar,2025-08-04,2026-08-04,1050.74,13352.81,990.94,Digital,Loja,Vigente
POL01923,ASE00650,Hogar,2024-11-28,2025-11-28,1542.16,57515.18,3530.38,Digital,Quito,Vigente
POL01924,ASE01117,Hogar,2025-06-09,2026-06-09,1974.79,72747.84,1223.19,Banca seguros,Manta,Vigente
POL01925,ASE00795,Hogar,2024-04-03,2025-04-03,1023.04,45102.71,3331.23,Banca seguros,Portoviejo,Vigente
POL01926,ASE00473,Hogar,2025-06-04,2026-06-04,4386.75,64901.78,4840.58,Broker,Manta,Vigente
POL01927,ASE00803,Hogar,2025-08-07,2026-08-07,3611.91,48204.19,876.42,Agente,Cuenca,Vigente
POL01928,ASE00908,Hogar,2024-01-01,2024-12-31,3748.09,48838.12,2580.08,Broker,Cuenca,Vigente
POL01929,ASE00289,Hogar,2024-02-27,2025-02-26,6429.8,88962.57,1820.89,Agente,Santo Domingo,Vigente
POL01930,ASE01520,Hogar,2025-02-03,2026-02-03,3592.14,51997.58,2394.08,Digital,Santo Domingo,Vigente
POL01931,ASE00557,Hogar,2024-04-17,2025-04-17,3440.22,46226.51,2117.01,Broker,Manta,Vigente
POL01932,ASE00546,Hogar,2025-09-10,2026-09-10,2440.82,37642.22,1535.43,Agente,Loja,Vigente
POL01933,ASE01163,Hogar,2024-10-21,2025-10-21,3115.89,40746.34,2124.44,Agente,Loja,Vigente
POL01934,ASE01255,Hogar,2025-09-14,2026-09-14,604.65,16271.06,983.89,Agente,Santo Domingo,Vigente
POL01935,ASE01141,Hogar,2025-09-30,2026-09-30,2827.78,41647.23,2275.28,Digital,Santo Domingo,Vigente
POL01936,ASE01425,Hogar,2025-09-07,2026-09-07,140.67,6972.51,339.19,Broker,Guayaquil,Vigente
POL01937,ASE00569,Hogar,2025-05-26,2026-05-26,679.95,9984.61,364.98,Broker,Quito,Vigente
POL01938,ASE01645,Hogar,2024-08-27,2025-08-27,1211.86,17461.32,1087.01,Banca seguros,Quito,Vigente
POL01939,ASE00479,Hogar,2024-05-08,2025-05-08,5079.74,67307.45,2550.89,Banca seguros,Loja,Vigente
POL01940,ASE00752,Hogar,2024-02-19,2025-02-18,301.8,15348.61,627.17,Banca seguros,Loja,Vigente
POL01941,ASE01105,Hogar,2024-04-24,2025-04-24,4209.34,84101.84,1085.79,Digital,Cuenca,Vigente
POL01942,ASE00635,Hogar,2024-04-06,2025-04-06,210.18,7298.97,523.06,Banca seguros,Quito,Vigente
POL01943,ASE00851,Hogar,2024-07-26,2025-07-26,1419.6,57229.42,3111.31,Agente,Guayaquil,Vigente
POL01944,ASE01629,Hogar,2024-01-08,2025-01-07,1410.0,22770.74,1558.33,Digital,Quito,Vigente
POL01945,ASE00055,Hogar,2024-06-07,2025-06-07,4601.3,79075.67,1032.0,Broker,Guayaquil,Vigente
POL01946,ASE00864,Hogar,2025-03-17,2026-03-17,2543.52,38903.77,1783.83,Digital,Ambato,Vigente
POL01947,ASE00453,Hogar,2024-09-16,2025-09-16,433.73,15115.14,340.48,Agente,Cuenca,Vigente
POL01948,ASE00830,Hogar,2025-02-11,2026-02-11,885.65,16071.05,873.6,Banca seguros,Ambato,Vigente
POL01949,ASE00966,Hogar,2024-06-07,2025-06-07,5247.94,67742.8,2613.44,Broker,Cuenca,Vigente
POL01950,ASE00640,Hogar,2025-04-19,2026-04-19,1727.57,22477.96,1604.03,Agente,Cuenca,Vigente
POL01951,ASE00610,Hogar,2024-01-20,2025-01-19,882.0,32841.56,1781.58,Broker,Portoviejo,Vigente
POL01952,ASE01562,Hogar,2024-09-01,2025-09-01,4181.21,58725.84,2079.75,Digital,Loja,Vigente
POL01953,ASE01016,Hogar,2025-02-23,2026-02-23,3410.97,47752.68,2016.72,Broker,Ambato,Vigente
POL01954,ASE01326,Hogar,2024-06-23,2025-06-23,444.92,16324.69,735.21,Broker,Portoviejo,Vigente
POL01955,ASE00396,Hogar,2024-05-04,2025-05-04,5234.67,67920.78,2324.12,Banca seguros,Portoviejo,Vigente
POL01956,ASE01587,Hogar,2025-03-25,2026-03-25,1289.28,61598.71,1147.2,Banca seguros,Portoviejo,Vigente
POL01957,ASE01177,Hogar,2024-05-13,2025-05-13,4780.61,82758.92,4020.39,Banca seguros,Guayaquil,Vigente
POL01958,ASE01657,Hogar,2025-03-18,2026-03-18,956.69,22337.1,982.23,Banca seguros,Manta,Vigente
POL01959,ASE00056,Hogar,2024-07-19,2025-07-19,1108.75,16664.41,534.46,Agente,Ambato,Vigente
POL01960,ASE00832,Hogar,2025-05-17,2026-05-17,5040.03,79341.35,4039.76,Agente,Santo Domingo,Vigente
POL01961,ASE00753,Hogar,2025-09-01,2026-09-01,4188.39,85288.84,4547.39,Banca seguros,Ambato,Vigente
POL01962,ASE01514,Hogar,2025-01-23,2026-01-23,456.87,10103.51,139.43,Agente,Cuenca,Vigente
POL01963,ASE00579,Hogar,2024-07-23,2025-07-23,1925.57,88230.06,6338.66,Digital,Santo Domingo,Vigente
POL01964,ASE00525,Hogar,2025-08-28,2026-08-28,4019.99,72614.56,4841.55,Agente,Quito,Vigente
POL01965,ASE01270,Hogar,2025-03-31,2026-03-31,2793.85,86698.3,4455.8,Banca seguros,Santo Domingo,Vigente
POL01966,ASE00396,Hogar,2024-02-25,2025-02-24,691.83,12073.53,938.0,Digital,Portoviejo,Vigente
POL01967,ASE00863,Hogar,2025-06-19,2026-06-19,1839.93,47435.73,1153.31,Agente,Quito,Vigente
POL01968,ASE01473,Hogar,2025-09-15,2026-09-15,4605.28,84049.27,2246.83,Digital,Manta,Vigente
POL01969,ASE00024,Hogar,2025-05-06,2026-05-06,171.0,5948.29,102.78,Digital,Cuenca,Vigente
POL01970,ASE01545,Hogar,2025-04-21,2026-04-21,3121.61,84511.7,2808.59,Digital,Manta,Vigente
POL01971,ASE01133,Hogar,2025-08-30,2026-08-30,2870.15,48810.27,2267.72,Broker,Cuenca,Vigente
POL01972,ASE00783,Hogar,2025-03-18,2026-03-18,5386.59,83652.52,2851.44,Broker,Ambato,Vigente
POL01973,ASE00640,Hogar,2025-05-19,2026-05-19,2119.19,27813.93,1647.54,Banca seguros,Cuenca,Vigente
POL01974,ASE01169,Hogar,2024-02-03,2025-02-02,1436.56,25650.57,2036.37,Banca seguros,Cuenca,Vigente
POL01975,ASE00580,Hogar,2025-06-11,2026-06-11,1165.24,16748.84,319.35,Broker,Santo Domingo,Vigente
POL01976,ASE00110,Hogar,2024-11-23,2025-11-23,1851.42,23412.99,1097.46,Banca seguros,Ambato,Vigente
POL01977,ASE01541,Hogar,2025-07-25,2026-07-25,2113.49,48934.02,881.89,Banca seguros,Guayaquil,Vigente
POL01978,ASE00350,Hogar,2025-03-21,2026-03-21,898.37,34922.46,1422.95,Digital,Manta,Vigente
POL01979,ASE01171,Hogar,2024-02-07,2025-02-06,1555.32,24630.61,1645.48,Digital,Santo Domingo,Vigente
POL01980,ASE00366,Hogar,2024-04-15,2025-04-15,1698.81,31067.14,705.82,Broker,Loja,Vigente
POL01981,ASE00896,Hogar,2024-10-23,2025-10-23,824.58,10873.86,148.58,Broker,Loja,Vigente
POL01982,ASE00948,Hogar,2024-02-21,2025-02-20,697.34,13748.11,974.43,Digital,Santo Domingo,Vigente
POL01983,ASE00971,Hogar,2025-05-14,2026-05-14,983.58,46534.65,1988.71,Agente,Portoviejo,Vigente
POL01984,ASE00084,Hogar,2025-05-20,2026-05-20,3871.73,77067.73,2057.31,Banca seguros,Quito,Cancelada
POL01985,ASE01484,Hogar,2024-01-14,2025-01-13,3330.5,53027.6,3789.17,Agente,Portoviejo,Vigente
POL01986,ASE00394,Hogar,2024-01-07,2025-01-06,1865.21,78592.35,5946.52,Banca seguros,Ambato,Vigente
POL01987,ASE01494,Hogar,2024-02-14,2025-02-13,2030.61,44338.79,1075.06,Broker,Santo Domingo,Vigente
POL01988,ASE01441,Hogar,2025-05-16,2026-05-16,461.62,24152.53,1657.12,Agente,Manta,Vigente
POL01989,ASE00296,Hogar,2025-09-09,2026-09-09,4509.7,68265.99,4884.13,Banca seguros,Portoviejo,Vigente
POL01990,ASE00518,Hogar,2025-03-10,2026-03-10,2677.09,49548.6,3905.03,Broker,Santo Domingo,Cancelada
POL01991,ASE00475,Hogar,2025-05-15,2026-05-15,3174.34,89096.75,3778.57,Agente,Ambato,Vigente
POL01992,ASE01548,Hogar,2025-07-28,2026-07-28,582.49,20738.21,1619.01,Digital,Manta,Vigente
POL01993,ASE00772,Hogar,2024-08-10,2025-08-10,3551.29,44911.58,1801.64,Digital,Santo Domingo,Vigente
POL01994,ASE01471,Hogar,2024-11-20,2025-11-20,2373.2,58960.16,2996.39,Broker,Quito,Vigente
POL01995,ASE01201,Hogar,2025-01-14,2026-01-14,2777.17,46962.44,1049.58,Agente,Loja,Vigente
POL01996,ASE01356,Hogar,2024-01-17,2025-01-16,4226.37,54270.11,4128.18,Digital,Loja,Vigente
POL01997,ASE00411,Hogar,2024-02-03,2025-02-02,2024.15,37552.11,880.22,Digital,Manta,Vigente
POL01998,ASE00966,Hogar,2024-05-02,2025-05-02,1931.65,61416.67,2565.89,Broker,Cuenca,Vigente
POL01999,ASE00424,Hogar,2024-06-15,2025-06-15,914.15,14684.08,825.84,Banca seguros,Loja,Vigente
POL02000,ASE00703,Hogar,2024-10-23,2025-10-23,3360.65,45862.36,3471.43,Banca seguros,Loja,Vigente
POL02001,ASE00600,Hogar,2025-02-15,2026-02-15,4389.05,88372.47,4517.43,Broker,Quito,Vigente
POL02002,ASE01054,Hogar,2024-03-17,2025-03-17,614.87,26307.76,1699.82,Digital,Manta,Vigente
POL02003,ASE00076,Hogar,2024-02-22,2025-02-21,363.92,19175.32,1327.54,Digital,Santo Domingo,Vigente
POL02004,ASE01556,Hogar,2025-01-02,2026-01-02,831.95,13767.4,692.28,Banca seguros,Cuenca,Vigente
POL02005,ASE01458,Hogar,2025-07-31,2026-07-31,2918.73,82704.28,5270.7,Digital,Guayaquil,Vigente
POL02006,ASE00251,Hogar,2024-12-04,2025-12-04,2166.66,35827.9,914.54,Broker,Santo Domingo,Vigente
POL02007,ASE01543,Hogar,2024-02-16,2025-02-15,1461.92,32517.92,1281.53,Agente,Manta,Vigente
POL02008,ASE00101,Hogar,2025-02-10,2026-02-10,1048.03,36786.36,1690.26,Broker,Portoviejo,Vigente
POL02009,ASE00589,Hogar,2024-02-17,2025-02-16,3513.35,87612.77,2296.31,Broker,Ambato,Vigente
POL02010,ASE01328,Hogar,2025-06-25,2026-06-25,4509.31,56801.97,1085.91,Broker,Cuenca,Vigente
POL02011,ASE00785,Hogar,2024-01-17,2025-01-16,5004.6,79037.39,3028.68,Agente,Santo Domingo,Vigente
POL02012,ASE00076,Hogar,2024-06-25,2025-06-25,1698.2,63485.88,1065.27,Agente,Santo Domingo,Vigente
POL02013,ASE01221,Hogar,2024-08-15,2025-08-15,2288.97,55717.77,4423.19,Broker,Ambato,Vigente
POL02014,ASE01347,Hogar,2025-08-19,2026-08-19,2001.51,69596.32,4899.0,Agente,Cuenca,Vigente
POL02015,ASE01396,Hogar,2025-06-17,2026-06-17,341.28,7092.68,312.43,Digital,Portoviejo,Vigente
POL02016,ASE01474,Hogar,2025-03-27,2026-03-27,1257.38,23118.18,389.76,Agente,Ambato,Vigente
POL02017,ASE00096,Hogar,2024-11-08,2025-11-08,6526.36,83253.06,2289.83,Banca seguros,Portoviejo,Vigente
POL02018,ASE00665,Hogar,2024-07-03,2025-07-03,2040.64,40869.99,2198.38,Agente,Santo Domingo,Vigente
POL02019,ASE00580,Hogar,2025-02-28,2026-02-28,506.48,13287.52,290.02,Digital,Santo Domingo,Vigente
POL02020,ASE00932,Hogar,2024-12-24,2025-12-24,1458.76,28059.04,993.15,Digital,Cuenca,Vigente
POL02021,ASE00181,Hogar,2024-03-28,2025-03-28,1581.94,66416.0,3809.18,Broker,Portoviejo,Vigente
POL02022,ASE01536,Hogar,2025-03-08,2026-03-08,4901.66,67279.7,1699.67,Banca seguros,Guayaquil,Vigente
POL02023,ASE01588,Hogar,2025-09-05,2026-09-05,2233.91,61641.0,1412.35,Banca seguros,Manta,Vigente
POL02024,ASE01605,Hogar,2025-05-15,2026-05-15,243.73,9692.6,638.67,Digital,Portoviejo,Vigente
POL02025,ASE01678,Hogar,2024-07-16,2025-07-16,2139.24,28353.14,2035.92,Broker,Ambato,Vigente
POL02026,ASE00252,Hogar,2025-02-26,2026-02-26,5399.82,86255.06,5994.45,Digital,Santo Domingo,Vigente
POL02027,ASE01516,Hogar,2024-03-07,2025-03-07,580.74,28330.75,1078.23,Broker,Manta,Vigente
POL02028,ASE01224,Hogar,2024-05-17,2025-05-17,3711.94,53809.53,3206.91,Banca seguros,Manta,Cancelada
POL02029,ASE00501,Hogar,2024-05-06,2025-05-06,846.07,18854.38,989.98,Banca seguros,Cuenca,Vigente
POL02030,ASE00547,Hogar,2024-07-17,2025-07-17,2705.46,49011.11,2433.44,Digital,Portoviejo,Vigente
POL02031,ASE00148,Hogar,2024-07-31,2025-07-31,4741.58,70764.31,2556.37,Broker,Manta,Vigente
POL02032,ASE01309,Hogar,2025-04-04,2026-04-04,3700.27,79588.19,1133.09,Agente,Portoviejo,Vigente
POL02033,ASE00715,Hogar,2025-05-11,2026-05-11,1534.45,49388.4,3268.31,Banca seguros,Guayaquil,Vigente
POL02034,ASE01445,Hogar,2024-03-23,2025-03-23,3188.31,56407.54,3304.0,Banca seguros,Guayaquil,Vigente
POL02035,ASE00398,Hogar,2025-04-26,2026-04-26,898.87,29137.33,849.7,Digital,Ambato,Cancelada
POL02036,ASE01562,Hogar,2025-08-20,2026-08-20,1515.68,51611.32,2527.43,Agente,Loja,Vigente
POL02037,ASE01356,Hogar,2024-06-21,2025-06-21,1282.27,33645.3,1563.14,Agente,Loja,Cancelada
POL02038,ASE00887,Hogar,2025-09-14,2026-09-14,281.66,7472.7,360.97,Banca seguros,Guayaquil,Vigente
POL02039,ASE00767,Hogar,2024-03-16,2025-03-16,3841.4,89260.36,1091.72,Banca seguros,Loja,Vigente
POL02040,ASE00863,Hogar,2024-06-10,2025-06-10,5346.38,83773.14,889.79,Agente,Quito,Vigente
POL02041,ASE00476,Hogar,2025-06-01,2026-06-01,1024.87,24629.76,1157.75,Digital,Cuenca,Vigente
POL02042,ASE01410,Hogar,2025-09-06,2026-09-06,2140.87,35495.16,1255.21,Agente,Manta,Vigente
POL02043,ASE00539,Hogar,2025-02-22,2026-02-22,1110.64,60009.06,1609.29,Digital,Portoviejo,Vigente
POL02044,ASE00089,Hogar,2024-08-06,2025-08-06,1142.97,43826.53,900.24,Agente,Guayaquil,Vigente
POL02045,ASE01377,Hogar,2024-07-18,2025-07-18,3334.57,72113.9,4279.1,Digital,Loja,Vigente
POL02046,ASE01567,Hogar,2025-08-31,2026-08-31,2880.54,61162.0,1273.55,Banca seguros,Cuenca,Vigente
POL02047,ASE01461,Hogar,2024-06-10,2025-06-10,723.23,37211.17,459.44,Agente,Ambato,Vigente
POL02048,ASE00600,Hogar,2025-09-19,2026-09-19,1497.47,21736.22,1069.95,Agente,Quito,Vigente
POL02049,ASE01342,Hogar,2024-08-16,2025-08-16,5104.06,68691.0,5052.98,Broker,Ambato,Vigente
POL02050,ASE00703,Hogar,2024-12-06,2025-12-06,1180.18,27802.11,1757.57,Digital,Loja,Vigente
POL02051,ASE00896,Hogar,2024-02-21,2025-02-20,1690.55,29016.4,779.83,Agente,Loja,Vigente
POL02052,ASE00868,Hogar,2025-01-26,2026-01-26,1691.34,42610.08,1063.28,Banca seguros,Portoviejo,Vigente
POL02053,ASE01332,Hogar,2025-03-01,2026-03-01,3469.74,79909.26,4089.98,Banca seguros,Loja,Vigente
POL02054,ASE00560,Hogar,2025-02-12,2026-02-12,5051.93,74304.93,2151.88,Banca seguros,Manta,Vigente
POL02055,ASE00787,Hogar,2025-06-29,2026-06-29,1444.36,19677.22,388.23,Digital,Guayaquil,Vigente
POL02056,ASE00780,Hogar,2024-01-20,2025-01-19,4384.28,58659.87,1182.89,Agente,Ambato,Vigente
POL02057,ASE00012,Hogar,2024-05-08,2025-05-08,1621.97,33564.67,2438.39,Digital,Guayaquil,Vigente
POL02058,ASE00848,Hogar,2024-11-12,2025-11-12,3262.19,68928.02,3824.34,Banca seguros,Portoviejo,Vigente
POL02059,ASE00577,Hogar,2024-09-10,2025-09-10,321.01,5535.58,345.62,Digital,Manta,Vigente
POL02060,ASE00355,Hogar,2024-12-17,2025-12-17,5010.52,86394.73,905.59,Broker,Portoviejo,Vigente
POL02061,ASE00883,Hogar,2024-09-26,2025-09-26,1119.04,32539.98,442.2,Banca seguros,Portoviejo,Vigente
POL02062,ASE01330,Hogar,2024-05-30,2025-05-30,3251.17,60904.42,639.45,Agente,Guayaquil,Vigente
POL02063,ASE01335,Hogar,2025-09-11,2026-09-11,2359.69,34957.93,1485.25,Digital,Loja,Vigente
POL02064,ASE00304,Hogar,2025-04-04,2026-04-04,569.74,9511.17,513.07,Digital,Quito,Vigente
POL02065,ASE01001,Hogar,2025-05-28,2026-05-28,2471.67,40348.65,1544.59,Agente,Quito,Vigente
POL02066,ASE00826,Hogar,2025-03-26,2026-03-26,1272.43,27772.49,1702.7,Digital,Guayaquil,Cancelada
POL02067,ASE01672,Hogar,2025-02-16,2026-02-16,464.96,11701.12,174.13,Digital,Santo Domingo,Vigente
POL02068,ASE01604,Hogar,2024-03-25,2025-03-25,2568.17,39303.05,1021.46,Digital,Manta,Vigente
POL02069,ASE01278,Hogar,2024-12-08,2025-12-08,3978.86,54100.52,1791.35,Banca seguros,Loja,Vigente
POL02070,ASE00169,Hogar,2025-08-05,2026-08-05,2085.86,78603.93,1275.04,Digital,Manta,Vigente
POL02071,ASE01213,Hogar,2024-07-08,2025-07-08,1920.87,36220.26,1917.79,Banca seguros,Quito,Vigente
POL02072,ASE00356,Hogar,2024-07-15,2025-07-15,2928.82,68027.38,820.56,Digital,Cuenca,Vigente
POL02073,ASE00675,Hogar,2025-08-05,2026-08-05,481.75,18387.59,261.28,Agente,Quito,Vigente
POL02074,ASE01325,Hogar,2024-06-19,2025-06-19,2768.47,49271.17,2845.96,Digital,Loja,Vigente
POL02075,ASE00678,Hogar,2024-05-31,2025-05-31,327.93,16633.74,205.34,Digital,Cuenca,Vigente
POL02076,ASE00021,Hogar,2024-03-02,2025-03-02,3117.96,73579.75,2108.63,Agente,Portoviejo,Vigente
POL02077,ASE00741,Hogar,2024-11-27,2025-11-27,5065.25,75416.72,2198.33,Agente,Loja,Vigente
POL02078,ASE00007,Hogar,2024-12-29,2025-12-29,3251.98,45272.52,2179.91,Digital,Portoviejo,Vigente
POL02079,ASE01055,Hogar,2024-08-22,2025-08-22,268.18,5179.37,302.29,Digital,Guayaquil,Vigente
POL02080,ASE00627,Hogar,2024-04-20,2025-04-20,2076.15,75479.0,5020.28,Broker,Ambato,Vigente
POL02081,ASE00349,Hogar,2025-08-17,2026-08-17,965.88,35101.54,1057.83,Agente,Loja,Vigente
POL02082,ASE01320,Hogar,2024-03-06,2025-03-06,4867.57,65073.1,3758.63,Banca seguros,Quito,Vigente
POL02083,ASE00652,Hogar,2025-03-05,2026-03-05,3113.18,52405.65,3585.06,Digital,Manta,Cancelada
POL02084,ASE00496,Hogar,2024-10-18,2025-10-18,1280.42,26997.7,1141.15,Broker,Loja,Vigente
POL02085,ASE00014,Hogar,2025-03-16,2026-03-16,750.11,11961.88,671.58,Agente,Guayaquil,Vigente
POL02086,ASE00223,Hogar,2024-09-23,2025-09-23,2105.21,75118.63,4296.04,Agente,Guayaquil,Vigente
POL02087,ASE01467,Hogar,2025-03-19,2026-03-19,210.41,10917.46,321.01,Digital,Cuenca,Vigente
POL02088,ASE00519,Hogar,2024-09-28,2025-09-28,3906.27,64562.04,4945.27,Banca seguros,Quito,Vigente
POL02089,ASE01321,Hogar,2025-04-10,2026-04-10,302.29,14244.87,938.56,Banca seguros,Guayaquil,Vigente
POL02090,ASE01318,Hogar,2025-09-30,2026-09-30,461.84,15449.48,506.1,Agente,Quito,Vigente
POL02091,ASE01626,Hogar,2024-05-06,2025-05-06,1209.47,20516.98,255.9,Broker,Loja,Vigente
POL02092,ASE00197,Hogar,2024-12-07,2025-12-07,3807.46,72721.35,2536.41,Agente,Guayaquil,Vigente
POL02093,ASE01283,Hogar,2025-07-03,2026-07-03,5422.68,89922.24,6314.19,Banca seguros,Quito,Vigente
POL02094,ASE00040,Hogar,2025-04-26,2026-04-26,2622.33,38121.17,2537.93,Banca seguros,Santo Domingo,Vigente
POL02095,ASE01298,Hogar,2024-08-01,2025-08-01,251.63,6628.73,158.24,Banca seguros,Ambato,Vigente
POL02096,ASE00110,Hogar,2025-06-21,2026-06-21,2244.35,56968.35,1354.03,Digital,Ambato,Vigente
POL02097,ASE01066,Hogar,2024-06-12,2025-06-12,785.97,37252.2,1546.29,Digital,Santo Domingo,Vigente
POL02098,ASE01499,Hogar,2025-09-24,2026-09-24,177.53,9110.37,362.8,Broker,Guayaquil,Vigente
POL02099,ASE01128,Hogar,2024-02-05,2025-02-04,1694.98,56314.98,4306.2,Agente,Ambato,Vigente
POL02100,ASE01241,Hogar,2025-08-30,2026-08-30,4808.56,70402.96,2191.35,Digital,Manta,Vigente
POL02101,ASE01486,Hogar,2024-03-10,2025-03-10,3339.32,76717.53,2886.36,Banca seguros,Loja,Vigente
POL02102,ASE00819,Hogar,2025-05-20,2026-05-20,809.5,14029.76,293.01,Banca seguros,Cuenca,Vigente
POL02103,ASE01157,Hogar,2024-10-14,2025-10-14,1135.33,29615.66,2021.03,Banca seguros,Guayaquil,Vigente
POL02104,ASE01375,Hogar,2024-07-27,2025-07-27,1655.07,46184.82,1552.08,Banca seguros,Santo Domingo,Vigente
POL02105,ASE00894,Hogar,2024-04-27,2025-04-27,1299.14,17164.1,636.96,Digital,Portoviejo,Vigente
POL02106,ASE01026,Hogar,2024-11-29,2025-11-29,1107.11,46995.39,3023.73,Broker,Ambato,Vigente
POL02107,ASE00498,Hogar,2024-03-12,2025-03-12,5161.92,88144.64,4688.04,Broker,Cuenca,Vigente
POL02108,ASE00968,Hogar,2025-04-06,2026-04-06,2161.91,38793.19,3032.64,Digital,Guayaquil,Vigente
POL02109,ASE01434,Hogar,2025-05-26,2026-05-26,5047.19,65987.17,1417.89,Digital,Santo Domingo,Vigente
POL02110,ASE00334,Hogar,2024-11-12,2025-11-12,1125.17,14655.87,159.07,Agente,Santo Domingo,Vigente
POL02111,ASE00896,Hogar,2024-04-06,2025-04-06,3534.99,86092.92,1590.56,Banca seguros,Loja,Vigente
POL02112,ASE00622,Hogar,2025-05-27,2026-05-27,404.38,5504.2,388.82,Broker,Guayaquil,Vigente
POL02113,ASE00554,Hogar,2024-01-04,2025-01-03,942.55,51529.66,1167.94,Broker,Manta,Vigente
POL02114,ASE00701,Hogar,2025-09-05,2026-09-05,3183.96,56412.05,3590.47,Banca seguros,Guayaquil,Vigente
POL02115,ASE00676,Hogar,2025-05-07,2026-05-07,6448.11,89272.99,5111.23,Broker,Santo Domingo,Vigente
POL02116,ASE00581,Hogar,2024-09-25,2025-09-25,2042.59,61420.12,854.59,Agente,Quito,Vigente
POL02117,ASE01198,Hogar,2024-11-04,2025-11-04,486.17,10133.22,257.88,Broker,Cuenca,Vigente
POL02118,ASE01497,Hogar,2024-12-21,2025-12-21,3059.85,64332.54,4304.89,Banca seguros,Loja,Vigente
POL02119,ASE01162,Hogar,2024-04-25,2025-04-25,2961.4,67497.83,1260.29,Agente,Ambato,Vigente
POL02120,ASE00843,Hogar,2024-07-04,2025-07-04,2784.8,41426.75,2728.06,Agente,Manta,Vigente
POL02121,ASE01583,Hogar,2024-04-12,2025-04-12,3037.71,61508.02,1388.83,Digital,Loja,Vigente
POL02122,ASE01693,Hogar,2025-02-20,2026-02-20,4087.78,54414.8,610.98,Agente,Cuenca,Vigente
POL02123,ASE01246,Hogar,2025-01-25,2026-01-25,1754.82,57936.42,1327.32,Agente,Ambato,Vigente
POL02124,ASE01119,Hogar,2024-07-18,2025-07-18,3728.49,89640.82,2959.54,Broker,Cuenca,Vigente
POL02125,ASE00505,Hogar,2024-02-12,2025-02-11,3790.8,71631.17,3093.75,Banca seguros,Quito,Vigente
POL02126,ASE00031,Hogar,2024-03-24,2025-03-24,647.81,23401.5,860.24,Banca seguros,Guayaquil,Vigente
POL02127,ASE00113,Hogar,2025-01-15,2026-01-15,2142.69,44531.98,960.79,Digital,Guayaquil,Vigente
POL02128,ASE00671,Hogar,2024-04-08,2025-04-08,4038.51,53734.3,955.58,Banca seguros,Quito,Vigente
POL02129,ASE00199,Hogar,2025-09-15,2026-09-15,515.03,21165.5,1135.56,Broker,Loja,Vigente
POL02130,ASE00267,Hogar,2024-10-12,2025-10-12,410.11,7441.1,194.83,Banca seguros,Loja,Vigente
POL02131,ASE00988,Hogar,2025-03-27,2026-03-27,2254.27,45330.95,1586.14,Digital,Santo Domingo,Vigente
POL02132,ASE01205,Hogar,2024-08-26,2025-08-26,1175.18,23960.89,694.74,Agente,Quito,Vigente
POL02133,ASE00787,Hogar,2025-07-07,2026-07-07,3229.14,80237.42,2204.5,Agente,Guayaquil,Vigente
POL02134,ASE00451,Hogar,2025-08-14,2026-08-14,1852.66,37226.52,1000.44,Broker,Cuenca,Vigente
POL02135,ASE00356,Hogar,2025-04-22,2026-04-22,4354.42,69628.35,3111.45,Digital,Cuenca,Vigente
POL02136,ASE00393,Hogar,2024-11-18,2025-11-18,3568.4,53659.3,1917.47,Agente,Ambato,Vigente
POL02137,ASE00460,Hogar,2024-08-11,2025-08-11,4323.03,71429.57,4869.95,Agente,Guayaquil,Vigente
POL02138,ASE01261,Hogar,2025-09-29,2026-09-29,511.03,26539.41,1628.25,Digital,Guayaquil,Vigente
POL02139,ASE00537,Hogar,2024-12-19,2025-12-19,1246.67,31413.61,2145.37,Digital,Guayaquil,Vigente
POL02140,ASE00262,Hogar,2025-08-15,2026-08-15,970.68,31432.77,1831.7,Banca seguros,Quito,Vigente
POL02141,ASE01427,Hogar,2024-10-31,2025-10-31,1166.8,45752.04,1525.62,Broker,Loja,Vigente
POL02142,ASE00792,Hogar,2025-05-04,2026-05-04,1265.59,65730.08,1828.22,Agente,Cuenca,Vigente
POL02143,ASE00804,Hogar,2024-07-10,2025-07-10,1520.37,56112.29,2954.11,Digital,Quito,Vigente
POL02144,ASE01613,Hogar,2024-10-31,2025-10-31,2516.0,77311.28,5325.39,Digital,Cuenca,Vigente
POL02145,ASE00888,Hogar,2025-03-01,2026-03-01,602.66,24649.8,565.24,Broker,Santo Domingo,Vigente
POL02146,ASE01367,Hogar,2024-01-24,2025-01-23,4741.12,78962.75,6068.63,Digital,Quito,Vigente
POL02147,ASE00040,Hogar,2024-05-11,2025-05-11,2504.98,32224.41,962.53,Broker,Santo Domingo,Vigente
POL02148,ASE01345,Hogar,2024-02-01,2025-01-31,1312.98,29061.97,2216.53,Agente,Ambato,Vigente
POL02149,ASE01396,Hogar,2024-03-07,2025-03-07,947.97,23179.49,1824.05,Agente,Portoviejo,Cancelada
POL02150,ASE01555,Hogar,2025-02-16,2026-02-16,200.58,9783.95,412.85,Banca seguros,Cuenca,Vigente
POL02151,ASE01453,Hogar,2024-02-26,2025-02-25,1310.66,35922.77,2497.2,Broker,Cuenca,Vigente
POL02152,ASE00482,Hogar,2024-09-26,2025-09-26,5419.16,75979.18,797.52,Digital,Quito,Vigente
POL02153,ASE00103,Hogar,2024-08-25,2025-08-25,4347.46,87076.07,6148.53,Broker,Portoviejo,Vigente
POL02154,ASE00870,Hogar,2024-11-10,2025-11-10,500.98,20976.61,1311.17,Digital,Manta,Vigente
POL02155,ASE01647,Hogar,2024-10-10,2025-10-10,1719.59,59964.41,3108.92,Banca seguros,Loja,Vigente
POL02156,ASE00610,Hogar,2024-10-22,2025-10-22,1628.4,24001.24,1667.61,Digital,Portoviejo,Vigente
POL02157,ASE00798,Hogar,2025-09-03,2026-09-03,1720.5,29473.56,1952.42,Broker,Ambato,Vigente
POL02158,ASE00237,Hogar,2024-08-22,2025-08-22,2429.21,83255.85,4727.04,Agente,Manta,Vigente
POL02159,ASE00150,Hogar,2024-10-22,2025-10-22,3717.26,68607.0,4413.14,Banca seguros,Portoviejo,Vigente
POL02160,ASE01512,Hogar,2024-04-14,2025-04-14,2076.1,38634.86,1139.24,Broker,Manta,Vigente
POL02161,ASE00987,Hogar,2025-08-14,2026-08-14,559.45,18701.53,572.94,Banca seguros,Portoviejo,Vigente
POL02162,ASE01586,Hogar,2025-06-28,2026-06-28,3997.58,73877.01,5346.74,Digital,Portoviejo,Vigente
POL02163,ASE00744,Hogar,2024-08-27,2025-08-27,784.34,12606.53,241.03,Banca seguros,Quito,Vigente
POL02164,ASE00900,Hogar,2024-12-13,2025-12-13,2400.25,74686.66,2173.28,Digital,Loja,Vigente
POL02165,ASE01589,Hogar,2025-03-08,2026-03-08,1008.0,19103.12,442.96,Agente,Ambato,Vigente
POL02166,ASE01326,Hogar,2024-01-06,2025-01-05,2895.84,81383.38,3889.75,Digital,Portoviejo,Cancelada
POL02167,ASE00794,Hogar,2025-08-13,2026-08-13,2449.88,51062.25,1273.78,Digital,Quito,Vigente
POL02168,ASE01270,Hogar,2025-06-03,2026-06-03,1245.75,63037.86,1474.97,Digital,Santo Domingo,Cancelada
POL02169,ASE01600,Hogar,2025-04-14,2026-04-14,2448.87,60192.54,4127.4,Digital,Quito,Cancelada
POL02170,ASE00812,Hogar,2024-07-25,2025-07-25,4484.14,59562.19,2566.83,Banca seguros,Cuenca,Vigente
POL02171,ASE00893,Hogar,2024-01-23,2025-01-22,749.04,38386.78,1956.71,Banca seguros,Ambato,Vigente
POL02172,ASE00353,Hogar,2024-05-05,2025-05-05,2087.39,78203.08,3896.89,Broker,Portoviejo,Vigente
POL02173,ASE00909,Hogar,2025-08-28,2026-08-28,4536.28,69477.5,2939.42,Banca seguros,Ambato,Vigente
POL02174,ASE01433,Hogar,2024-08-06,2025-08-06,1014.48,26675.42,495.77,Digital,Portoviejo,Vigente
POL02175,ASE00405,Hogar,2024-03-11,2025-03-11,2843.72,54893.68,1193.27,Digital,Guayaquil,Vigente
POL02176,ASE00095,Hogar,2025-06-29,2026-06-29,1374.07,27460.48,2067.46,Banca seguros,Santo Domingo,Vigente
POL02177,ASE00926,Hogar,2025-07-18,2026-07-18,983.5,12966.44,298.5,Broker,Guayaquil,Vigente
POL02178,ASE00613,Hogar,2024-07-19,2025-07-19,4117.82,72619.04,4626.65,Banca seguros,Quito,Vigente
POL02179,ASE01129,Hogar,2024-08-29,2025-08-29,170.68,7980.52,510.27,Banca seguros,Portoviejo,Vigente
POL02180,ASE00434,Hogar,2025-09-11,2026-09-11,865.43,14649.16,991.47,Broker,Quito,Vigente
POL02181,ASE00758,Hogar,2024-11-15,2025-11-15,596.82,17084.85,1355.96,Broker,Cuenca,Vigente
POL02182,ASE01104,Hogar,2024-05-13,2025-05-13,1388.67,17491.84,570.79,Broker,Santo Domingo,Vigente
POL02183,ASE01424,Hogar,2025-06-27,2026-06-27,4215.39,60900.79,4555.55,Banca seguros,Portoviejo,Vigente
POL02184,ASE01393,Hogar,2025-02-27,2026-02-27,1863.7,66222.78,1060.52,Digital,Santo Domingo,Vigente
POL02185,ASE00466,Hogar,2024-10-25,2025-10-25,4228.35,62963.63,2510.05,Broker,Ambato,Vigente
POL02186,ASE00018,Hogar,2024-04-13,2025-04-13,1750.41,41972.48,2102.76,Agente,Ambato,Cancelada
POL02187,ASE00323,Hogar,2024-02-01,2025-01-31,2522.88,53302.12,1234.09,Broker,Portoviejo,Vigente
POL02188,ASE01529,Hogar,2025-04-29,2026-04-29,3352.24,84707.61,4139.6,Agente,Quito,Vigente
POL02189,ASE00673,Hogar,2025-07-03,2026-07-03,2132.66,75037.56,1356.83,Digital,Ambato,Vigente
POL02190,ASE00647,Hogar,2025-09-21,2026-09-21,2008.58,60351.18,3958.87,Banca seguros,Cuenca,Vigente
POL02191,ASE01573,Hogar,2025-06-17,2026-06-17,1166.66,31113.27,1158.42,Broker,Manta,Vigente
POL02192,ASE00604,Hogar,2024-06-29,2025-06-29,1429.25,66033.98,2755.22,Agente,Cuenca,Vigente
POL02193,ASE00113,Hogar,2024-05-25,2025-05-25,1813.15,48321.05,1432.53,Broker,Guayaquil,Vigente
POL02194,ASE00716,Hogar,2024-08-28,2025-08-28,4914.2,62178.82,2002.22,Banca seguros,Guayaquil,Vigente
POL02195,ASE00173,Hogar,2024-01-04,2025-01-03,418.28,5563.4,250.39,Broker,Ambato,Vigente
POL02196,ASE01368,Hogar,2024-09-16,2025-09-16,3431.84,71226.1,2367.2,Banca seguros,Quito,Vigente
POL02197,ASE01054,Hogar,2024-11-16,2025-11-16,986.99,13137.89,779.55,Agente,Manta,Vigente
POL02198,ASE01549,Hogar,2024-04-24,2025-04-24,3804.14,86275.55,1877.38,Digital,Quito,Vigente
POL02199,ASE00674,Hogar,2025-01-09,2026-01-09,2668.06,56828.17,1333.69,Agente,Loja,Vigente
POL02200,ASE01629,Hogar,2025-05-14,2026-05-14,2165.3,32709.4,804.13,Banca seguros,Quito,Vigente
POL02201,ASE00506,Hogar,2024-09-09,2025-09-09,585.51,11927.55,508.76,Banca seguros,Portoviejo,Vigente
POL02202,ASE01551,Hogar,2024-12-19,2025-12-19,1415.07,18221.42,766.07,Banca seguros,Manta,Vigente
POL02203,ASE00031,Hogar,2025-09-18,2026-09-18,1407.87,45578.8,729.69,Banca seguros,Guayaquil,Vigente
POL02204,ASE00422,Hogar,2025-08-20,2026-08-20,2583.03,82874.45,2966.14,Banca seguros,Loja,Vigente
POL02205,ASE01109,Hogar,2024-11-23,2025-11-23,3122.06,59664.69,612.51,Broker,Loja,Vigente
POL02206,ASE01224,Hogar,2025-10-01,2026-10-01,1426.68,59400.81,2720.37,Agente,Manta,Vigente
POL02207,ASE00283,Hogar,2025-03-14,2026-03-14,752.36,25818.73,1883.61,Banca seguros,Portoviejo,Vigente
POL02208,ASE00923,Hogar,2025-03-07,2026-03-07,553.68,10878.57,302.75,Broker,Santo Domingo,Vigente
POL02209,ASE00604,Hogar,2024-08-05,2025-08-05,2193.54,29645.57,460.63,Banca seguros,Cuenca,Vigente
POL02210,ASE01185,Hogar,2024-12-24,2025-12-24,4062.71,51142.5,3152.27,Digital,Portoviejo,Vigente
POL02211,ASE00562,Hogar,2025-02-09,2026-02-09,2721.29,66094.63,2444.01,Digital,Quito,Vigente
POL02212,ASE00140,Hogar,2025-07-20,2026-07-20,258.27,14051.76,220.7,Broker,Ambato,Vigente
POL02213,ASE00190,Hogar,2025-06-25,2026-06-25,3281.85,62196.37,3409.06,Banca seguros,Portoviejo,Vigente
POL02214,ASE01016,Hogar,2024-11-23,2025-11-23,686.71,25669.38,1590.68,Broker,Ambato,Vigente
POL02215,ASE01593,Hogar,2025-05-07,2026-05-07,882.58,46710.22,986.55,Agente,Portoviejo,Vigente
POL02216,ASE00512,Hogar,2025-02-24,2026-02-24,6711.8,87039.67,5894.87,Broker,Quito,Vigente
POL02217,ASE01664,Hogar,2024-09-07,2025-09-07,929.11,12529.07,671.39,Agente,Cuenca,Vigente
POL02218,ASE00905,Hogar,2024-06-21,2025-06-21,3192.44,63034.43,1707.31,Agente,Portoviejo,Vigente
POL02219,ASE00027,Hogar,2024-02-01,2025-01-31,1912.92,70001.9,4336.46,Broker,Quito,Vigente
POL02220,ASE00131,Hogar,2024-10-10,2025-10-10,1588.51,44937.11,1403.25,Digital,Quito,Vigente
POL02221,ASE00602,Hogar,2024-01-27,2025-01-26,2292.45,42026.38,2900.92,Banca seguros,Manta,Vigente
POL02222,ASE00145,Hogar,2024-07-05,2025-07-05,2783.75,59746.09,1245.27,Broker,Guayaquil,Vigente
POL02223,ASE01181,Hogar,2024-05-21,2025-05-21,1251.34,18697.81,856.25,Banca seguros,Portoviejo,Vigente
POL02224,ASE00652,Hogar,2024-03-30,2025-03-30,644.47,30232.23,375.28,Digital,Manta,Vigente
POL02225,ASE00871,Hogar,2025-04-12,2026-04-12,529.93,14074.99,869.12,Agente,Loja,Vigente
POL02226,ASE01547,Hogar,2024-02-08,2025-02-07,859.71,32739.43,991.81,Digital,Santo Domingo,Vigente
POL02227,ASE00175,Hogar,2024-07-05,2025-07-05,1185.77,28484.88,1094.69,Digital,Manta,Vigente
POL02228,ASE01323,Hogar,2024-12-23,2025-12-23,1012.18,37855.79,434.46,Digital,Cuenca,Vigente
POL02229,ASE00981,Hogar,2025-06-01,2026-06-01,732.05,25772.44,1336.46,Agente,Guayaquil,Cancelada
POL02230,ASE01090,Hogar,2024-06-26,2025-06-26,2920.57,67907.91,2565.32,Banca seguros,Portoviejo,Vigente
POL02231,ASE00142,Hogar,2024-12-19,2025-12-19,2154.49,57312.6,4125.41,Broker,Cuenca,Vigente
POL02232,ASE01437,Hogar,2024-10-02,2025-10-02,333.94,5332.28,116.87,Agente,Guayaquil,Vigente
POL02233,ASE00425,Hogar,2025-06-03,2026-06-03,1184.98,50378.87,786.01,Agente,Cuenca,Vigente
POL02234,ASE00439,Hogar,2024-06-05,2025-06-05,1990.36,26913.65,674.23,Broker,Cuenca,Vigente
POL02235,ASE01310,Hogar,2025-08-09,2026-08-09,1115.96,17747.53,770.66,Agente,Cuenca,Vigente
POL02236,ASE01005,Hogar,2024-02-11,2025-02-10,1303.54,60953.83,1106.82,Agente,Guayaquil,Vigente
POL02237,ASE00364,Hogar,2025-05-05,2026-05-05,1711.83,28153.12,1141.94,Agente,Quito,Vigente
POL02238,ASE00132,Hogar,2025-07-26,2026-07-26,2945.04,52319.36,1596.25,Banca seguros,Guayaquil,Vigente
POL02239,ASE00591,Hogar,2024-05-24,2025-05-24,417.04,13465.89,484.51,Digital,Guayaquil,Vigente
POL02240,ASE00630,Hogar,2025-04-02,2026-04-02,794.21,21846.01,1160.89,Broker,Santo Domingo,Vigente
POL02241,ASE01648,Hogar,2024-05-06,2025-05-06,1602.4,45203.33,1077.27,Digital,Quito,Vigente
POL02242,ASE00269,Hogar,2025-02-04,2026-02-04,189.18,9042.42,260.16,Banca seguros,Cuenca,Vigente
POL02243,ASE00728,Hogar,2024-01-27,2025-01-26,2297.92,63909.23,3188.62,Broker,Guayaquil,Vigente
POL02244,ASE01296,Hogar,2025-01-16,2026-01-16,4768.14,76968.34,1433.76,Banca seguros,Quito,Vigente
POL02245,ASE01372,Hogar,2025-06-05,2026-06-05,3418.56,87192.32,4223.33,Agente,Santo Domingo,Vigente
POL02246,ASE00798,Hogar,2024-11-23,2025-11-23,3490.01,83070.24,2862.02,Banca seguros,Ambato,Vigente
POL02247,ASE00837,Hogar,2024-12-26,2025-12-26,3808.37,53532.03,3311.23,Banca seguros,Cuenca,Vigente
POL02248,ASE00331,Hogar,2024-01-11,2025-01-10,3767.78,59087.61,2795.39,Banca seguros,Cuenca,Vigente
POL02249,ASE00438,Hogar,2025-08-15,2026-08-15,704.49,31587.7,1990.2,Banca seguros,Cuenca,Vigente
POL02250,ASE00667,Hogar,2024-09-30,2025-09-30,361.48,13193.58,705.15,Banca seguros,Loja,Vigente
POL02251,ASE00215,Hogar,2025-06-19,2026-06-19,3722.31,52845.37,3709.56,Agente,Portoviejo,Vigente
POL02252,ASE01650,Hogar,2024-07-08,2025-07-08,3771.33,72478.47,2231.85,Banca seguros,Santo Domingo,Cancelada
POL02253,ASE00222,Hogar,2025-08-20,2026-08-20,1327.04,26961.47,1872.84,Agente,Ambato,Vigente
POL02254,ASE00205,Hogar,2024-12-15,2025-12-15,4391.84,77296.33,2306.63,Banca seguros,Cuenca,Vigente
POL02255,ASE01437,Hogar,2024-12-21,2025-12-21,1306.27,17757.82,973.54,Digital,Guayaquil,Vigente
POL02256,ASE00893,Hogar,2024-04-17,2025-04-17,935.46,26043.88,1055.79,Banca seguros,Ambato,Vigente
POL02257,ASE00859,Hogar,2024-12-14,2025-12-14,814.33,18880.57,796.08,Digital,Santo Domingo,Vigente
POL02258,ASE00975,Hogar,2024-12-11,2025-12-11,4617.09,83344.83,2168.07,Banca seguros,Cuenca,Vigente
POL02259,ASE00419,Hogar,2024-06-22,2025-06-22,5977.65,86456.54,3354.44,Banca seguros,Cuenca,Vigente
POL02260,ASE00982,Hogar,2025-01-07,2026-01-07,2694.18,53908.72,1661.0,Banca seguros,Ambato,Vigente
POL02261,ASE00957,Hogar,2024-06-23,2025-06-23,1751.45,49855.99,2043.5,Agente,Guayaquil,Vigente
POL02262,ASE01195,Hogar,2024-10-06,2025-10-06,3183.6,55590.6,3196.31,Digital,Manta,Vigente
POL02263,ASE01575,Hogar,2025-06-30,2026-06-30,1324.62,47381.02,3070.99,Broker,Santo Domingo,Vigente
POL02264,ASE01302,Hogar,2024-02-01,2025-01-31,4974.94,67820.19,3550.99,Banca seguros,Quito,Vigente
POL02265,ASE00046,Hogar,2025-06-27,2026-06-27,873.58,36079.78,655.92,Digital,Quito,Vigente
POL02266,ASE01342,Hogar,2024-06-04,2025-06-04,2495.02,43949.56,3372.46,Agente,Ambato,Vigente
POL02267,ASE00911,Hogar,2025-07-24,2026-07-24,1539.2,28509.59,1224.78,Agente,Quito,Vigente
POL02268,ASE00666,Hogar,2024-08-24,2025-08-24,2446.26,72787.96,1238.07,Broker,Quito,Vigente
POL02269,ASE00553,Hogar,2024-09-16,2025-09-16,2447.4,35154.01,457.61,Agente,Loja,Vigente
POL02270,ASE00669,Hogar,2024-05-09,2025-05-09,625.91,26678.31,1028.53,Banca seguros,Manta,Vigente
POL02271,ASE00972,Hogar,2024-06-02,2025-06-02,2851.52,42133.63,812.51,Broker,Ambato,Vigente
POL02272,ASE00110,Hogar,2024-03-31,2025-03-31,1559.53,46931.51,2571.7,Agente,Ambato,Vigente
POL02273,ASE00627,Hogar,2024-07-10,2025-07-10,1120.29,18175.44,1201.41,Banca seguros,Ambato,Vigente
POL02274,ASE01563,Hogar,2024-03-03,2025-03-03,1764.92,37841.07,799.77,Broker,Cuenca,Vigente
POL02275,ASE01509,Hogar,2025-07-30,2026-07-30,1758.96,49465.79,1503.18,Agente,Manta,Vigente
POL02276,ASE00549,Hogar,2024-01-19,2025-01-18,361.06,5334.98,170.51,Broker,Santo Domingo,Vigente
POL02277,ASE00198,Hogar,2025-01-27,2026-01-27,942.03,24323.96,504.89,Digital,Manta,Vigente
POL02278,ASE01507,Hogar,2024-11-25,2025-11-25,1031.86,28223.31,2097.32,Digital,Santo Domingo,Vigente
POL02279,ASE00548,Hogar,2025-03-01,2026-03-01,2082.26,39189.45,1476.33,Banca seguros,Ambato,Vigente
POL02280,ASE00959,Hogar,2024-10-09,2025-10-09,5835.11,82010.24,3923.69,Banca seguros,Ambato,Vigente
POL02281,ASE01049,Hogar,2024-06-12,2025-06-12,2021.89,42241.87,675.68,Banca seguros,Loja,Vigente
POL02282,ASE01500,Hogar,2024-05-09,2025-05-09,4834.36,88294.64,6694.13,Agente,Cuenca,Vigente
POL02283,ASE00864,Hogar,2025-06-15,2026-06-15,1683.25,32976.76,1076.03,Banca seguros,Ambato,Vigente
POL02284,ASE00776,Hogar,2025-03-31,2026-03-31,840.26,14760.63,409.03,Broker,Cuenca,Vigente
POL02285,ASE00549,Hogar,2024-09-01,2025-09-01,2344.72,42606.1,3177.06,Digital,Santo Domingo,Vigente
POL02286,ASE00561,Hogar,2024-04-15,2025-04-15,2308.02,40327.15,1956.46,Banca seguros,Portoviejo,Vigente
POL02287,ASE01624,Hogar,2025-08-25,2026-08-25,6471.81,85023.65,5080.44,Broker,Guayaquil,Vigente
POL02288,ASE00387,Hogar,2024-06-10,2025-06-10,1129.74,14927.86,772.3,Agente,Santo Domingo,Vigente
POL02289,ASE01265,Hogar,2024-03-27,2025-03-27,2119.54,46712.39,2004.62,Broker,Santo Domingo,Vigente
POL02290,ASE00976,Hogar,2025-08-01,2026-08-01,4250.14,54728.39,3887.73,Agente,Guayaquil,Vigente
POL02291,ASE01126,Hogar,2025-04-16,2026-04-16,1580.07,24037.67,947.23,Banca seguros,Santo Domingo,Vigente
POL02292,ASE00225,Hogar,2024-03-07,2025-03-07,1598.84,40079.92,1792.14,Agente,Quito,Vigente
POL02293,ASE00123,Hogar,2024-03-27,2025-03-27,5305.26,72582.21,1913.1,Digital,Quito,Vigente
POL02294,ASE00577,Hogar,2024-02-21,2025-02-20,677.05,34777.99,530.48,Broker,Manta,Vigente
POL02295,ASE00155,Hogar,2024-08-10,2025-08-10,992.06,38650.63,2554.78,Agente,Manta,Cancelada
POL02296,ASE00735,Hogar,2025-07-11,2026-07-11,689.38,36335.29,1639.84,Digital,Quito,Vigente
POL02297,ASE00910,Hogar,2024-11-18,2025-11-18,1556.58,31078.57,1956.33,Agente,Portoviejo,Vigente
POL02298,ASE01249,Hogar,2025-04-29,2026-04-29,1527.93,23984.62,1025.22,Agente,Guayaquil,Vigente
POL02299,ASE00310,Hogar,2024-04-19,2025-04-19,609.28,11485.96,441.32,Banca seguros,Guayaquil,Vigente
POL02300,ASE01509,Hogar,2024-06-24,2025-06-24,1326.69,30183.62,1948.26,Digital,Manta,Vigente
POL02301,ASE00660,Hogar,2025-04-18,2026-04-18,1840.07,40315.89,3044.12,Agente,Guayaquil,Vigente
POL02302,ASE00375,Hogar,2024-06-12,2025-06-12,3622.89,80989.91,2534.68,Agente,Santo Domingo,Vigente
POL02303,ASE00910,Hogar,2024-11-27,2025-11-27,2446.99,42349.35,2530.11,Banca seguros,Portoviejo,Cancelada
POL02304,ASE00865,Hogar,2024-12-05,2025-12-05,2477.36,32700.58,665.26,Agente,Loja,Vigente
POL02305,ASE01138,Hogar,2024-12-12,2025-12-12,1324.34,67534.26,807.07,Digital,Loja,Vigente
POL02306,ASE01074,Hogar,2024-04-02,2025-04-02,5092.66,66425.06,4078.54,Broker,Ambato,Vigente
POL02307,ASE01379,Hogar,2024-01-23,2025-01-22,5624.74,87388.93,1170.24,Digital,Santo Domingo,Vigente
POL02308,ASE00990,Hogar,2025-09-17,2026-09-17,2073.79,28378.02,1134.41,Banca seguros,Cuenca,Vigente
POL02309,ASE01206,Hogar,2025-03-05,2026-03-05,937.1,34490.11,2580.59,Broker,Ambato,Vigente
POL02310,ASE00949,Hogar,2025-03-10,2026-03-10,748.42,22973.53,611.15,Banca seguros,Cuenca,Cancelada
POL02311,ASE00688,Hogar,2025-08-13,2026-08-13,3977.24,64675.74,1375.85,Banca seguros,Santo Domingo,Vigente
POL02312,ASE00757,Hogar,2024-10-29,2025-10-29,1546.48,82292.47,6400.24,Broker,Quito,Vigente
POL02313,ASE00842,Hogar,2024-12-10,2025-12-10,1880.62,35961.18,2836.52,Digital,Santo Domingo,Vigente
POL02314,ASE00235,Hogar,2024-03-22,2025-03-22,2581.9,80873.84,6220.65,Banca seguros,Portoviejo,Vigente
POL02315,ASE01637,Hogar,2025-05-21,2026-05-21,3959.03,59094.23,3204.48,Broker,Loja,Vigente
POL02316,ASE01169,Hogar,2025-08-06,2026-08-06,1613.22,29823.09,2131.92,Agente,Cuenca,Vigente
POL02317,ASE00616,Hogar,2025-04-12,2026-04-12,4435.48,85942.11,5591.21,Banca seguros,Santo Domingo,Vigente
POL02318,ASE00206,Hogar,2025-06-28,2026-06-28,406.16,18343.84,441.53,Banca seguros,Portoviejo,Vigente
POL02319,ASE01325,Hogar,2024-07-01,2025-07-01,1563.14,77858.26,3028.11,Banca seguros,Loja,Cancelada
POL02320,ASE00255,Hogar,2024-06-01,2025-06-01,2510.24,74936.62,4309.23,Broker,Manta,Vigente
POL02321,ASE01010,Hogar,2025-05-17,2026-05-17,790.54,36837.93,1187.94,Digital,Portoviejo,Vigente
POL02322,ASE00288,Hogar,2025-04-04,2026-04-04,1417.2,42966.71,2497.14,Banca seguros,Loja,Vigente
POL02323,ASE01525,Hogar,2024-11-09,2025-11-09,797.49,43351.58,1629.87,Broker,Manta,Vigente
POL02324,ASE01217,Hogar,2025-08-07,2026-08-07,4660.0,79563.89,1910.75,Agente,Manta,Vigente
POL02325,ASE00945,Hogar,2024-02-10,2025-02-09,512.12,26342.56,1294.37,Agente,Manta,Vigente
POL02326,ASE00173,Hogar,2024-10-11,2025-10-11,3249.9,62215.29,3576.7,Broker,Ambato,Vigente
POL02327,ASE00445,Hogar,2024-04-11,2025-04-11,144.88,7128.14,238.9,Digital,Manta,Vigente
POL02328,ASE01398,Hogar,2025-02-09,2026-02-09,264.45,8774.35,609.47,Broker,Quito,Vigente
POL02329,ASE00505,Hogar,2024-08-07,2025-08-07,3011.68,48165.3,3805.75,Banca seguros,Quito,Vigente
POL02330,ASE01695,Hogar,2024-05-05,2025-05-05,3458.97,58468.91,4559.16,Broker,Ambato,Cancelada
POL02331,ASE01503,Hogar,2025-06-20,2026-06-20,1173.37,43099.9,2578.57,Digital,Loja,Vigente
POL02332,ASE01115,Hogar,2024-05-29,2025-05-29,2734.12,61665.91,3609.87,Broker,Portoviejo,Vigente
POL02333,ASE00502,Hogar,2025-02-03,2026-02-03,2118.36,51556.14,2522.13,Digital,Ambato,Vigente
POL02334,ASE01295,Hogar,2025-05-02,2026-05-02,2318.4,72665.04,2759.3,Digital,Guayaquil,Vigente
POL02335,ASE01128,Hogar,2024-09-10,2025-09-10,3222.3,51621.55,1987.59,Agente,Ambato,Vigente
POL02336,ASE01599,Hogar,2024-03-27,2025-03-27,3227.95,52758.54,2748.7,Agente,Cuenca,Vigente
POL02337,ASE00022,Hogar,2024-04-19,2025-04-19,4508.76,77053.62,1094.85,Broker,Loja,Vigente
POL02338,ASE00174,Hogar,2024-09-15,2025-09-15,5205.49,70160.75,4251.75,Banca seguros,Santo Domingo,Vigente
POL02339,ASE00413,Hogar,2024-02-28,2025-02-27,1646.31,84196.52,1325.98,Broker,Guayaquil,Cancelada
POL02340,ASE01386,Hogar,2025-07-07,2026-07-07,1815.97,27456.19,1395.58,Banca seguros,Manta,Vigente
POL02341,ASE00934,Hogar,2025-06-02,2026-06-02,434.11,10834.14,664.75,Agente,Cuenca,Vigente
POL02342,ASE00363,Hogar,2024-07-06,2025-07-06,2309.85,54076.84,641.45,Broker,Loja,Vigente
POL02343,ASE01698,Hogar,2025-03-21,2026-03-21,544.27,12790.04,723.9,Digital,Manta,Vigente
POL02344,ASE00820,Hogar,2025-05-15,2026-05-15,843.58,44584.16,1500.02,Broker,Santo Domingo,Vigente
POL02345,ASE00252,Hogar,2024-03-25,2025-03-25,1870.11,25873.94,1980.68,Agente,Santo Domingo,Vigente
POL02346,ASE00228,Hogar,2025-05-09,2026-05-09,1988.2,73797.06,3336.81,Agente,Guayaquil,Vigente
POL02347,ASE01423,Hogar,2024-04-20,2025-04-20,715.06,29457.92,1490.1,Broker,Guayaquil,Vigente
POL02348,ASE00161,Hogar,2025-06-08,2026-06-08,2464.9,53662.91,2334.51,Banca seguros,Portoviejo,Vigente
POL02349,ASE01140,Hogar,2025-02-01,2026-02-01,248.87,9701.09,365.58,Digital,Cuenca,Vigente
POL02350,ASE00006,Hogar,2024-08-31,2025-08-31,1423.67,40626.31,798.77,Agente,Cuenca,Vigente
POL02351,ASE01222,Hogar,2024-08-23,2025-08-23,5384.55,89149.54,3858.51,Agente,Manta,Vigente
POL02352,ASE00373,Hogar,2025-04-10,2026-04-10,1659.72,83741.06,1035.66,Digital,Loja,Vigente
POL02353,ASE00099,Hogar,2024-10-25,2025-10-25,2022.7,25778.55,1932.88,Banca seguros,Cuenca,Vigente
POL02354,ASE00299,Hogar,2024-01-08,2025-01-07,5085.34,69816.26,5064.66,Banca seguros,Ambato,Vigente
POL02355,ASE01068,Hogar,2025-04-18,2026-04-18,4556.37,62132.95,4668.35,Banca seguros,Cuenca,Vigente
POL02356,ASE01645,Hogar,2025-08-07,2026-08-07,396.49,21562.16,1453.62,Agente,Quito,Vigente
POL02357,ASE00795,Hogar,2025-04-22,2026-04-22,166.68,6100.88,461.96,Digital,Portoviejo,Vigente
POL02358,ASE00232,Hogar,2024-05-30,2025-05-30,1917.82,30889.57,1635.07,Broker,Cuenca,Vigente
POL02359,ASE00614,Hogar,2024-10-26,2025-10-26,3431.5,54523.66,3387.69,Broker,Quito,Vigente
POL02360,ASE01566,Hogar,2024-12-02,2025-12-02,5494.48,72769.05,3184.27,Agente,Cuenca,Vigente
POL02361,ASE00712,Hogar,2024-01-14,2025-01-13,298.29,12774.08,416.36,Broker,Guayaquil,Vigente
POL02362,ASE01588,Hogar,2025-06-15,2026-06-15,2320.19,44641.12,2424.9,Broker,Manta,Vigente
POL02363,ASE01147,Hogar,2024-02-24,2025-02-23,200.59,5254.53,91.33,Banca seguros,Ambato,Cancelada
POL02364,ASE01499,Hogar,2025-04-15,2026-04-15,3500.82,89887.42,2587.41,Banca seguros,Guayaquil,Vigente
POL02365,ASE00236,Hogar,2024-10-23,2025-10-23,2888.31,43513.09,2201.08,Digital,Santo Domingo,Vigente
POL02366,ASE01319,Hogar,2024-10-02,2025-10-02,3548.31,89789.06,4466.34,Broker,Guayaquil,Vigente
POL02367,ASE00723,Hogar,2025-05-02,2026-05-02,1541.9,72418.75,5320.09,Agente,Loja,Vigente
POL02368,ASE00398,Hogar,2024-02-24,2025-02-23,585.64,8473.72,601.75,Agente,Ambato,Vigente
POL02369,ASE00921,Hogar,2024-02-27,2025-02-26,3529.23,54028.29,4285.02,Banca seguros,Cuenca,Vigente
POL02370,ASE00082,Hogar,2025-01-03,2026-01-03,1759.78,52780.51,2834.83,Banca seguros,Guayaquil,Vigente
POL02371,ASE00333,Hogar,2024-01-03,2025-01-02,1935.84,36075.88,1962.79,Banca seguros,Guayaquil,Vigente
POL02372,ASE01636,Hogar,2025-03-16,2026-03-16,2229.01,78778.98,2673.22,Agente,Loja,Vigente
POL02373,ASE01627,Hogar,2025-09-13,2026-09-13,2328.04,67955.61,1960.36,Digital,Loja,Cancelada
POL02374,ASE00008,Hogar,2024-06-18,2025-06-18,1241.9,33125.83,2631.36,Digital,Cuenca,Vigente
POL02375,ASE00826,Hogar,2024-02-09,2025-02-08,4104.09,76168.91,2916.37,Broker,Guayaquil,Vigente
POL02376,ASE00543,Hogar,2025-02-20,2026-02-20,3670.18,69974.57,1589.69,Agente,Portoviejo,Vigente
POL02377,ASE00904,Hogar,2024-04-18,2025-04-18,3806.06,56175.34,1124.65,Broker,Manta,Vigente
POL02378,ASE01567,Hogar,2025-06-23,2026-06-23,2950.09,89717.7,4172.11,Broker,Cuenca,Vigente
POL02379,ASE01600,Hogar,2024-07-05,2025-07-05,224.85,5438.29,321.91,Digital,Quito,Vigente
POL02380,ASE01000,Hogar,2025-04-25,2026-04-25,4691.03,88876.36,4769.9,Agente,Cuenca,Vigente
POL02381,ASE00621,Hogar,2025-03-30,2026-03-30,1272.82,66653.02,3505.43,Banca seguros,Manta,Vigente
POL02382,ASE00888,Hogar,2024-11-02,2025-11-02,762.51,18984.53,1258.55,Agente,Santo Domingo,Vigente
POL02383,ASE00528,Hogar,2025-09-18,2026-09-18,644.43,9655.18,210.81,Digital,Guayaquil,Vigente
POL02384,ASE00464,Hogar,2025-02-15,2026-02-15,2160.48,30256.52,978.29,Broker,Santo Domingo,Vigente
POL02385,ASE00212,Hogar,2024-06-10,2025-06-10,5864.9,85532.34,3405.44,Agente,Portoviejo,Vigente
POL02386,ASE00335,Hogar,2024-02-14,2025-02-13,1026.74,16016.74,499.34,Broker,Quito,Vigente
POL02387,ASE01262,Hogar,2025-01-12,2026-01-12,4973.8,88267.36,1967.64,Broker,Portoviejo,Vigente
POL02388,ASE00076,Hogar,2024-11-25,2025-11-25,5310.82,68910.31,2734.47,Agente,Santo Domingo,Vigente
POL02389,ASE01082,Hogar,2024-06-05,2025-06-05,2425.2,34828.03,843.36,Digital,Santo Domingo,Vigente
POL02390,ASE00974,Hogar,2024-11-03,2025-11-03,426.16,11093.69,292.81,Broker,Loja,Vigente
POL02391,ASE00837,Hogar,2024-11-22,2025-11-22,1093.32,23580.06,1702.37,Banca seguros,Cuenca,Vigente
POL02392,ASE00301,Hogar,2025-04-27,2026-04-27,764.11,42402.69,2822.22,Broker,Loja,Vigente
POL02393,ASE00744,Hogar,2024-06-24,2025-06-24,1122.07,28054.33,801.41,Broker,Quito,Vigente
POL02394,ASE01192,Hogar,2025-01-30,2026-01-30,3834.67,68153.71,3681.62,Broker,Portoviejo,Vigente
POL02395,ASE00874,Hogar,2024-05-22,2025-05-22,3196.42,71975.96,5749.23,Agente,Manta,Vigente
POL02396,ASE01433,Hogar,2025-07-19,2026-07-19,584.59,16111.3,1197.82,Broker,Portoviejo,Vigente
POL02397,ASE00050,Hogar,2024-06-03,2025-06-03,1060.66,26250.0,2094.56,Digital,Portoviejo,Vigente
POL02398,ASE01174,Hogar,2024-01-18,2025-01-17,336.82,9838.11,133.9,Agente,Cuenca,Vigente
POL02399,ASE00385,Hogar,2025-01-17,2026-01-17,3224.14,54542.66,4282.79,Digital,Loja,Vigente
POL02400,ASE01254,Hogar,2025-06-18,2026-06-18,3261.48,78231.83,4328.45,Digital,Portoviejo,Vigente
