id_siniestro,id_poliza,id_asegurado,ramo,cobertura,fecha_ocurrencia,fecha_reporte,monto_reclamado,sucursal,descripcion,id_proveedor,beneficiario,dias_desde_inicio_poliza,dias_desde_fin_poliza,dias_entre_ocurrencia_reporte,historial_siniestros_asegurado,id_vehiculo,id_conductor,solo_rc,tercero_identificado,accidente_madrugada,dinamica_imposible,relato_ilogico,denuncia_horas,procedimiento_codigo,factura_numero
SIN-0001,POL-0001,ASEG-0010,Vehiculos,Choque,2025-06-27,2025-06-27,5528,Portoviejo,"Golpe trasero en cola de tráfico, testigos presentes.",TALLER-007,TALLER-007,321,44,0,0,MNT-7384,COND-MNT-7384,False,True,False,False,False,24,CHOQUE,
SIN-0002,POL-0002,ASEG-0171,Hogar,Daño por Agua,2024-08-20,2024-08-21,14139,Portoviejo,Humedad por filtración desde techo.,PROV-020,PROV-020,72,293,1,0,,,False,True,False,False,False,24,DA_O_POR_AGUA,
SIN-0003,POL-0003,ASEG-0158,Vehiculos,Robo de Accesorios,2025-01-09,2025-01-10,8084,Ambato,Robo de airbags y pantalla en parqueadero.,TALLER-020,TALLER-020,167,198,1,0,CHB-4472,COND-CHB-4472,False,True,False,False,False,24,ROBO_DE_ACCESORIOS,
SIN-0004,POL-0004,ASEG-0169,Vehiculos,Choque,2024-10-14,2024-10-14,22832,Ambato,Impacto lateral en intersección con semáforo.,TALLER-003,TALLER-003,24,341,0,0,RIO-2918,COND-RIO-2918,False,True,False,False,False,24,CHOQUE,
SIN-0005,POL-0005,ASEG-0103,Vehiculos,Robo,2024-12-26,2024-12-31,6994,Cuenca,Robo con violencia en domicilio.,TALLER-004,TALLER-004,25,340,5,0,AZY-7734,COND-AZY-7734,False,True,False,False,False,24,ROBO,PTACP20260492817
SIN-0006,POL-0006,ASEG-0194,Vehiculos,Pérdida Total,2025-02-16,2025-02-27,19430,Portoviejo,Vehículo destruido en accidente de tránsito.,TALLER-888,TALLER-888,44,321,11,0,MNT-7384,COND-MNT-7384,False,True,False,False,False,24,P_RDIDA_TOTAL,
SIN-0007,POL-0007,ASEG-0061,Vehiculos,Responsabilidad Civil,2025-02-23,2025-02-25,3576,Loja,Colisión en rotonda con vehículo de tercero.,TALLER-017,TALLER-017,256,109,2,0,GYE-8371,COND-GYE-8371,True,True,False,False,False,24,RESPONSABILIDAD_CIVIL,
SIN-0008,POL-0008,ASEG-0100,Vehiculos,Robo de Accesorios,2025-09-23,2025-09-24,11697,Quito,Robo de accesorios en zona residencial.,TALLER-020,TALLER-020,240,125,1,0,GYE-8371,COND-GYE-8371,False,True,False,False,False,24,ROBO_DE_ACCESORIOS,
SIN-0009,POL-0009,ASEG-0125,Vehiculos,Choque,2024-06-26,2024-06-26,13749,Ibarra,Impacto lateral en intersección con semáforo.,TALLER-006,TALLER-006,5,360,0,0,CHB-4472,COND-CHB-4472,False,True,False,False,False,24,CHOQUE,
SIN-0010,POL-0010,ASEG-0084,Vehiculos,Responsabilidad Civil,2024-07-30,2024-08-01,9899,Ibarra,Colisión en rotonda con vehículo de tercero.,TALLER-001,TALLER-001,69,296,2,0,GYE-4837,COND-GYE-4837,True,True,False,False,False,24,RESPONSABILIDAD_CIVIL,
SIN-0011,POL-0011,ASEG-0160,Hogar,Incendio,2024-04-26,2024-05-01,13876,Manta,Incendio en cocina con informe de bomberos.,PROV-016,PROV-016,52,313,5,0,,,False,True,False,False,False,24,INCENDIO,
SIN-0012,POL-0012,ASEG-0080,Hogar,Rotura de Cristales,2024-09-18,2024-09-20,11694,Ibarra,Siniestro reportado con documentación.,PROV-019,PROV-019,58,307,2,0,,,False,True,False,False,False,24,ROTURA_DE_CRISTALES,
SIN-0013,POL-0013,ASEG-0018,Vehiculos,Robo de Accesorios,2024-09-08,2024-09-10,5026,Loja,Robo de accesorios en zona residencial.,TALLER-020,TALLER-020,245,120,2,0,LOJ-1847,COND-LOJ-1847,False,True,False,False,False,24,ROBO_DE_ACCESORIOS,
SIN-0014,POL-0014,ASEG-0083,Vehiculos,Robo,2025-01-31,2025-02-01,9722,Guayaquil,Robo con violencia en domicilio.,TALLER-013,TALLER-013,254,111,1,0,AZY-8812,COND-AZY-8812,False,True,False,False,False,24,ROBO,
SIN-0015,POL-0015,ASEG-0143,Salud,Hospitalización,2024-10-07,2024-10-09,6637,Esmeraldas,Hospitalización de emergencia por apendicitis.,HOSP-002,HOSP-002,183,182,2,0,,,False,True,False,False,False,24,HOSPITALIZACI_N,
SIN-0016,POL-0016,ASEG-0079,Vehiculos,Cristales,2025-02-21,2025-02-22,3776,Portoviejo,Parabrisas fisurado en autopista.,TALLER-013,TALLER-013,229,136,1,0,AZY-2918,COND-AZY-2918,False,True,False,False,False,24,CRISTALES,
SIN-0017,POL-0017,ASEG-0050,Hogar,Incendio,2024-07-17,2024-07-17,14231,Riobamba,Incendio en cocina con informe de bomberos.,PROV-018,PROV-018,57,308,0,0,,,False,True,False,False,False,24,INCENDIO,
SIN-0018,POL-0018,ASEG-0179,Vehiculos,Robo,2024-12-03,2024-12-04,488,Riobamba,Robo de joyas y equipos electrónicos.,TALLER-016,TALLER-016,285,80,1,0,PDO-1029,COND-PDO-1029,False,True,False,False,False,24,ROBO,
SIN-0019,POL-0019,ASEG-0039,Vehiculos,Robo,2025-03-04,2025-03-06,2935,Portoviejo,Sustracción de bienes durante ausencia del hogar.,TALLER-012,TALLER-012,273,92,2,0,PIC-9182,COND-PIC-9182,False,True,False,False,False,24,ROBO,
SIN-0020,POL-0020,ASEG-0146,Vehiculos,Robo de Accesorios,2025-04-25,2025-04-26,1043,Quito,Robo de airbags y pantalla en parqueadero.,TALLER-017,TALLER-017,168,197,1,0,AZY-6647,COND-AZY-6647,False,True,False,False,False,24,ROBO_DE_ACCESORIOS,
SIN-0021,POL-0021,ASEG-0075,Salud,Hospitalización,2024-07-11,2024-07-16,48514,Manta,Hospitalización por cuadro febril agudo.,PROV-020,PROV-020,45,320,5,0,,,False,True,False,False,False,24,HOSPITALIZACI_N,
SIN-0022,POL-0022,ASEG-0037,Vehiculos,Choque,2024-04-11,2024-04-13,10352,Quito,"Accidente múltiple de madrugada, daños en carrocería.",TALLER-999,TALLER-999,17,348,2,0,PIC-7293,COND-PIC-7293,False,True,False,False,False,24,CHOQUE,PTACP20260183492
SIN-0023,POL-0023,ASEG-0007,Vehiculos,Choque,2025-06-26,2025-06-28,10502,Manta,"Golpe trasero en cola de tráfico, testigos presentes.",TALLER-006,TALLER-006,197,168,2,0,PIC-2847,COND-PIC-2847,False,True,False,False,False,24,CHOQUE,
SIN-0024,POL-0024,ASEG-0024,Hogar,Daño Estructural,2024-12-17,2024-12-18,6078,Loja,Siniestro reportado con documentación.,PROV-021,PROV-021,142,223,1,0,,,False,True,False,False,False,24,DA_O_ESTRUCTURAL,
SIN-0025,POL-0025,ASEG-0083,Vehiculos,Choque,2025-06-18,2025-06-18,1506,Ibarra,Impacto lateral en intersección con semáforo.,TALLER-007,TALLER-007,271,94,0,1,TNB-4918,COND-TNB-4918,False,True,False,False,False,24,CHOQUE,
SIN-0026,POL-0026,ASEG-0113,Salud,Urgencias,2024-06-04,2024-06-05,21313,Guayaquil,Siniestro reportado con documentación.,HOSP-004,HOSP-004,141,224,1,0,,,False,True,False,False,False,24,URGENCIAS,
SIN-0027,POL-0027,ASEG-0184,Vehiculos,Responsabilidad Civil,2025-10-24,2025-10-24,1787,Esmeraldas,Accidente en vía rápida con daño a tercero.,TALLER-003,TALLER-003,301,64,0,0,CHB-5523,COND-CHB-5523,True,True,False,False,False,24,RESPONSABILIDAD_CIVIL,
SIN-0028,POL-0028,ASEG-0130,Vehiculos,Responsabilidad Civil,2024-08-20,2024-08-26,7977,Quito,Colisión en rotonda con vehículo de tercero.,TALLER-013,TALLER-013,88,277,6,0,PIC-1234,COND-PIC-1234,True,True,False,False,False,24,RESPONSABILIDAD_CIVIL,
SIN-0029,POL-0029,ASEG-0147,Vehiculos,Pérdida Total,2025-04-25,2025-04-28,12933,Manta,Vehículo totalmente siniestrado en volcamiento.,TALLER-018,TALLER-018,83,282,3,0,TNB-1029,COND-TNB-1029,False,True,False,False,False,24,P_RDIDA_TOTAL,
SIN-0030,POL-0030,ASEG-0004,Vehiculos,Cristales,2024-10-06,2024-10-08,4379,Cuenca,Parabrisas fisurado en autopista.,TALLER-016,TALLER-016,70,295,2,0,MNT-7384,COND-MNT-7384,False,True,False,False,False,24,CRISTALES,
SIN-0031,POL-0031,ASEG-0139,Vehiculos,Choque,2024-02-13,2024-02-16,11848,Portoviejo,"Accidente múltiple de madrugada, daños en carrocería.",TALLER-002,TALLER-002,8,357,3,0,CHB-9918,COND-CHB-9918,False,True,False,False,False,24,CHOQUE,
SIN-0032,POL-0032,ASEG-0111,Vehiculos,Robo,2024-10-28,2024-10-30,10271,Manta,Sustracción de bienes durante ausencia del hogar.,TALLER-005,TALLER-005,30,335,2,0,LOJ-8834,COND-LOJ-8834,False,True,False,False,False,24,ROBO,
SIN-0033,POL-0033,ASEG-0118,Vehiculos,Responsabilidad Civil,2025-06-08,2025-06-09,2927,Quito,Accidente en vía rápida con daño a tercero.,TALLER-012,TALLER-012,286,79,1,0,MNT-5834,COND-MNT-5834,True,True,False,False,False,24,RESPONSABILIDAD_CIVIL,
SIN-0034,POL-0034,ASEG-0028,Vehiculos,Robo,2024-11-01,2024-11-09,11961,Ibarra,Sustracción de bienes durante ausencia del hogar.,TALLER-002,TALLER-002,13,352,8,0,CHB-5523,COND-CHB-5523,False,True,False,False,False,24,ROBO,
SIN-0035,POL-0035,ASEG-0156,Vehiculos,Responsabilidad Civil,2024-12-05,2024-12-05,7143,Manta,Raspón lateral a vehículo estacionado.,TALLER-002,TALLER-002,14,351,0,0,SDO-1847,COND-SDO-1847,True,True,False,False,False,24,RESPONSABILIDAD_CIVIL,
SIN-0036,POL-0036,ASEG-0024,Vehiculos,Responsabilidad Civil,2025-09-21,2025-09-23,3338,Loja,Raspón lateral a vehículo estacionado.,TALLER-012,TALLER-012,247,118,2,1,CHB-5523,COND-CHB-5523,True,True,False,False,False,24,RESPONSABILIDAD_CIVIL,
SIN-0037,POL-0037,ASEG-0120,Hogar,Robo,2025-02-21,2025-02-22,8756,Cuenca,Sustracción de bienes durante ausencia del hogar.,PROV-018,PROV-018,31,334,1,0,,,False,True,False,False,False,24,ROBO,
SIN-0038,POL-0038,ASEG-0028,Vehiculos,Cristales,2024-09-12,2024-09-30,4343,Manta,Rotura de parabrisas por impacto de piedra.,TALLER-012,TALLER-012,14,351,18,1,GYE-1029,COND-GYE-1029,False,True,False,False,False,24,CRISTALES,
SIN-0039,POL-0039,ASEG-0100,Vehiculos,Pérdida Total,2025-01-10,2025-01-16,16202,Loja,Daños irreparables por colisión frontal.,TALLER-015,TALLER-015,32,333,6,1,MNT-7384,COND-MNT-7384,False,True,False,False,False,24,P_RDIDA_TOTAL,
SIN-0040,POL-0040,ASEG-0061,Vehiculos,Responsabilidad Civil,2024-12-25,2024-12-28,15440,Guayaquil,Raspón lateral a vehículo estacionado.,TALLER-999,TALLER-999,8,357,3,1,GYE-1847,COND-GYE-1847,True,True,False,False,False,24,RESPONSABILIDAD_CIVIL,PTACP20260284716
SIN-0041,POL-0041,ASEG-0033,Hogar,Rotura de Cristales,2024-07-24,2024-07-24,5024,Manta,Siniestro reportado con documentación.,PROV-016,PROV-016,170,195,0,0,,,False,True,False,False,False,24,ROTURA_DE_CRISTALES,
SIN-0042,POL-0042,ASEG-0029,Vehiculos,Cristales,2024-04-30,2024-04-30,3178,Quito,Vidrio lateral roto por vandalismo.,TALLER-020,TALLER-020,53,312,0,0,IBR-1029,COND-IBR-1029,False,True,False,False,False,24,CRISTALES,
SIN-0043,POL-0043,ASEG-0116,Vehiculos,Robo de Accesorios,2024-11-30,2024-12-14,4393,Manta,Robo de airbags y pantalla en parqueadero.,TALLER-018,TALLER-018,20,345,14,0,IBR-1029,COND-IBR-1029,False,True,False,False,False,24,ROBO_DE_ACCESORIOS,
SIN-0044,POL-0044,ASEG-0017,Vehiculos,Robo,2025-06-13,2025-06-14,6491,Ambato,Robo de joyas y equipos electrónicos.,TALLER-017,TALLER-017,210,155,1,0,ESM-1234,COND-ESM-1234,False,True,False,False,False,24,ROBO,
SIN-0045,POL-0045,ASEG-0087,Hogar,Daño Estructural,2025-02-06,2025-02-07,12863,Ibarra,Siniestro reportado con documentación.,PROV-015,PROV-015,190,175,1,0,,,False,True,False,False,False,24,DA_O_ESTRUCTURAL,
SIN-0046,POL-0046,ASEG-0034,Vehiculos,Robo de Accesorios,2024-11-22,2024-11-27,10446,Quito,Robo de accesorios en zona residencial.,TALLER-005,TALLER-005,26,339,5,0,IBR-3847,COND-IBR-3847,False,True,False,False,False,24,ROBO_DE_ACCESORIOS,
SIN-0047,POL-0047,ASEG-0028,Vehiculos,Responsabilidad Civil,2024-07-21,2024-07-23,4448,Esmeraldas,Colisión en rotonda con vehículo de tercero.,TALLER-011,TALLER-011,14,351,2,2,TNB-1029,COND-TNB-1029,True,True,False,False,False,24,RESPONSABILIDAD_CIVIL,
SIN-0048,POL-0048,ASEG-0180,Vehiculos,Responsabilidad Civil,2025-03-20,2025-03-20,2396,Loja,Accidente en vía rápida con daño a tercero.,TALLER-016,TALLER-016,265,100,0,0,PIC-3847,COND-PIC-3847,True,True,False,False,False,24,RESPONSABILIDAD_CIVIL,
SIN-0049,POL-0049,ASEG-0041,Vehiculos,Responsabilidad Civil,2025-02-12,2025-02-12,5348,Ambato,Accidente en vía rápida con daño a tercero.,TALLER-017,TALLER-017,39,326,0,0,SDO-1847,COND-SDO-1847,True,True,False,False,False,24,RESPONSABILIDAD_CIVIL,
SIN-0050,POL-0050,ASEG-0070,Vehiculos,Robo,2025-01-02,2025-01-04,1172,Esmeraldas,Robo de joyas y equipos electrónicos.,TALLER-007,TALLER-007,309,56,2,0,TNB-0192,COND-TNB-0192,False,True,False,False,False,24,ROBO,
SIN-0051,POL-0051,ASEG-0196,Vehiculos,Responsabilidad Civil,2024-08-23,2024-08-25,4250,Ambato,"Impacto posterior en intersección, tercero no identificado.",TALLER-003,TALLER-003,68,297,2,0,ESM-1234,COND-ESM-1234,True,True,False,False,False,24,RESPONSABILIDAD_CIVIL,
SIN-0052,POL-0052,ASEG-0005,Vehiculos,Pérdida Total,2025-03-09,2025-03-10,1456,Guayaquil,Daños irreparables por colisión frontal.,TALLER-015,TALLER-015,273,92,1,0,IBR-7291,COND-IBR-7291,False,True,False,False,False,24,P_RDIDA_TOTAL,
SIN-0053,POL-0053,ASEG-0063,Salud,Urgencias,2024-08-01,2024-08-05,52343,Portoviejo,Siniestro reportado con documentación.,PROV-019,PROV-019,8,357,4,0,,,False,True,False,False,False,24,URGENCIAS,
SIN-0054,POL-0054,ASEG-0066,Vehiculos,Robo,2024-11-18,2024-11-19,5367,Cuenca,Robo con violencia en domicilio.,TALLER-013,TALLER-013,14,351,1,0,PDO-1029,COND-PDO-1029,False,True,False,False,False,24,ROBO,
SIN-0055,POL-0055,ASEG-0039,Vehiculos,Pérdida Total,2024-11-20,2024-11-20,10204,Guayaquil,Vehículo destruido en accidente de tránsito.,TALLER-003,TALLER-003,84,281,0,1,TNB-0192,COND-TNB-0192,False,True,False,False,False,24,P_RDIDA_TOTAL,
SIN-0056,POL-0056,ASEG-0119,Vehiculos,Robo de Accesorios,2025-02-18,2025-02-28,5881,Esmeraldas,Hospitalización por cuadro febril agudo.,TALLER-003,TALLER-003,36,329,10,0,GYE-7384,COND-GYE-7384,False,True,False,False,False,24,ROBO_DE_ACCESORIOS,
SIN-0057,POL-0057,ASEG-0113,Vehiculos,Robo de Accesorios,2024-11-23,2024-11-23,6184,Esmeraldas,Daños irreparables por colisión frontal.,TALLER-888,TALLER-888,15,350,0,1,ESM-1234,COND-ESM-1234,False,True,False,False,False,24,ROBO_DE_ACCESORIOS,
SIN-0058,POL-0058,ASEG-0021,Vehiculos,Robo de Accesorios,2024-07-28,2024-07-29,8554,Cuenca,Robo de airbags y pantalla en parqueadero.,TALLER-003,TALLER-003,30,335,1,0,CHB-9918,COND-CHB-9918,False,True,False,False,False,24,ROBO_DE_ACCESORIOS,
SIN-0059,POL-0059,ASEG-0131,Vehiculos,Responsabilidad Civil,2025-05-08,2025-05-08,1735,Quito,Raspón lateral a vehículo estacionado.,TALLER-002,TALLER-002,308,57,0,0,TNB-7291,COND-TNB-7291,True,True,False,False,False,24,RESPONSABILIDAD_CIVIL,
SIN-0060,POL-0060,ASEG-0153,Hogar,Daño Estructural,2024-04-07,2024-04-08,7550,Cuenca,Siniestro reportado con documentación.,PROV-018,PROV-018,14,351,1,0,,,False,True,False,False,False,24,DA_O_ESTRUCTURAL,
SIN-0061,POL-0061,ASEG-0137,Vehiculos,Robo,2024-09-22,2024-09-23,10206,Ambato,Sustracción de bienes durante ausencia del hogar.,TALLER-777,TALLER-777,25,340,1,0,IBR-1029,COND-IBR-1029,False,True,False,False,False,24,ROBO,
SIN-0062,POL-0062,ASEG-0073,Hogar,Robo,2025-02-26,2025-02-26,3931,Cuenca,Sustracción de bienes durante ausencia del hogar.,PROV-020,PROV-020,283,82,0,0,,,False,True,False,False,False,24,ROBO,
SIN-0063,POL-0063,ASEG-0061,Vehiculos,Pérdida Total,2024-07-30,2024-08-04,14241,Guayaquil,Daños irreparables por colisión frontal.,TALLER-888,TALLER-888,20,345,5,2,LOJ-5523,COND-LOJ-5523,False,True,False,False,False,24,P_RDIDA_TOTAL,
SIN-0064,POL-0064,ASEG-0039,Vehiculos,Robo de Accesorios,2025-04-29,2025-04-29,4666,Portoviejo,Robo de airbags y pantalla en parqueadero.,TALLER-020,TALLER-020,214,151,0,2,PDO-1029,COND-PDO-1029,False,True,False,False,False,24,ROBO_DE_ACCESORIOS,
SIN-0065,POL-0065,ASEG-0162,Vehiculos,Robo de Accesorios,2024-12-29,2024-12-29,1401,Portoviejo,Robo de airbags y pantalla en parqueadero.,TALLER-003,TALLER-003,240,125,0,0,PIC-9182,COND-PIC-9182,False,True,False,False,False,24,ROBO_DE_ACCESORIOS,
SIN-0066,POL-0066,ASEG-0100,Vehiculos,Pérdida Total,2025-01-28,2025-01-29,3990,Quito,Daños irreparables por colisión frontal.,TALLER-005,TALLER-005,68,297,1,2,PIC-7291,COND-PIC-7291,False,True,False,False,False,24,P_RDIDA_TOTAL,
SIN-0067,POL-0067,ASEG-0165,Vehiculos,Robo,2025-01-05,2025-01-06,10383,Riobamba,Robo con violencia en domicilio.,TALLER-013,TALLER-013,14,351,1,0,LOJ-5523,COND-LOJ-5523,False,True,False,False,False,24,ROBO,
SIN-0068,POL-0068,ASEG-0065,Vehiculos,Choque,2025-01-10,2025-01-11,3817,Manta,"Golpe trasero en cola de tráfico, testigos presentes.",TALLER-013,TALLER-013,229,136,1,0,PDO-1029,COND-PDO-1029,False,True,False,False,False,24,CHOQUE,
SIN-0069,POL-0069,ASEG-0095,Hogar,Rotura de Cristales,2024-07-13,2024-07-15,3282,Ambato,Siniestro reportado con documentación.,PROV-020,PROV-020,152,213,2,0,,,False,True,False,False,False,24,ROTURA_DE_CRISTALES,
SIN-0070,POL-0070,ASEG-0115,Salud,Hospitalización,2024-12-20,2025-01-03,41859,Loja,Hospitalización de emergencia por apendicitis.,PROV-016,PROV-016,40,325,14,0,,,False,True,False,False,False,24,HOSPITALIZACI_N,
SIN-0071,POL-0071,ASEG-0009,Vehiculos,Robo,2024-06-03,2024-06-16,10604,Guayaquil,Robo con violencia en domicilio.,TALLER-777,TALLER-777,34,331,13,0,LOJ-2847,COND-LOJ-2847,False,True,False,False,False,24,ROBO,
SIN-0072,POL-0072,ASEG-0064,Salud,Hospitalización,2025-05-11,2025-05-12,9859,Quito,Hospitalización por cuadro febril agudo.,HOSP-002,HOSP-002,120,245,1,0,,,False,True,False,False,False,24,HOSPITALIZACI_N,
SIN-0073,POL-0073,ASEG-0116,Vehiculos,Robo,2024-03-27,2024-03-28,5849,Riobamba,Sustracción de bienes durante ausencia del hogar.,TALLER-008,TALLER-008,42,323,1,1,RIO-2918,COND-RIO-2918,False,True,False,False,False,24,ROBO,
SIN-0074,POL-0074,ASEG-0093,Vehiculos,Robo de Accesorios,2024-09-04,2024-09-05,12540,Portoviejo,Robo de accesorios en zona residencial.,TALLER-003,TALLER-003,59,306,1,0,RIO-2918,COND-RIO-2918,False,True,False,False,False,24,ROBO_DE_ACCESORIOS,
SIN-0075,POL-0075,ASEG-0116,Hogar,Daño Estructural,2024-09-08,2024-09-10,5387,Esmeraldas,Siniestro reportado con documentación.,PROV-018,PROV-018,75,290,2,2,,,False,True,False,False,False,24,DA_O_ESTRUCTURAL,
SIN-0076,POL-0076,ASEG-0182,Hogar,Incendio,2025-04-10,2025-04-10,7297,Loja,Incendio estructural por fuga de gas.,PROV-016,PROV-016,200,165,0,0,,,False,True,False,False,False,24,INCENDIO,
SIN-0077,POL-0077,ASEG-0145,Vehiculos,Choque,2024-02-25,2024-02-27,3789,Quito,"Accidente múltiple de madrugada, daños en carrocería.",TALLER-012,TALLER-012,14,351,2,0,IBR-3847,COND-IBR-3847,False,True,False,False,False,24,CHOQUE,
SIN-0078,POL-0078,ASEG-0063,Vehiculos,Cristales,2025-03-13,2025-03-14,3091,Ibarra,Rotura de parabrisas por impacto de piedra.,TALLER-015,TALLER-015,285,80,1,1,ESM-4847,COND-ESM-4847,False,True,False,False,False,24,CRISTALES,
SIN-0079,POL-0079,ASEG-0132,Vehiculos,Robo de Accesorios,2024-12-15,2024-12-15,2384,Guayaquil,Robo de airbags y pantalla en parqueadero.,TALLER-006,TALLER-006,186,179,0,0,ESM-4847,COND-ESM-4847,False,True,False,False,False,24,ROBO_DE_ACCESORIOS,
SIN-0080,POL-0080,ASEG-0049,Vehiculos,Robo,2024-11-30,2024-11-30,6180,Riobamba,Sustracción de bienes durante ausencia del hogar.,TALLER-002,TALLER-002,71,294,0,0,PIC-3847,COND-PIC-3847,False,True,False,False,False,24,ROBO,
SIN-0081,POL-0081,ASEG-0153,Vehiculos,Cristales,2024-10-01,2024-10-02,9889,Riobamba,Vidrio lateral roto por vandalismo.,TALLER-015,TALLER-015,128,237,1,1,TNB-4918,COND-TNB-4918,False,True,False,False,False,24,CRISTALES,
SIN-0082,POL-0082,ASEG-0099,Vehiculos,Robo de Accesorios,2025-02-12,2025-02-14,18989,Riobamba,Robo de airbags y pantalla en parqueadero.,TALLER-777,TALLER-777,17,348,2,0,MNT-5834,COND-MNT-5834,False,True,False,False,False,24,ROBO_DE_ACCESORIOS,
SIN-0083,POL-0083,ASEG-0012,Salud,Hospitalización,2025-05-16,2025-05-18,3892,Cuenca,Internación por accidente doméstico.,HOSP-005,HOSP-005,136,229,2,0,,,False,True,False,False,False,24,HOSPITALIZACI_N,
SIN-0084,POL-0084,ASEG-0130,Vehiculos,Robo de Accesorios,2024-09-21,2024-10-09,12279,Esmeraldas,Sustracción de rines y estéreo durante la noche.,TALLER-008,TALLER-008,14,351,18,1,SDO-5523,COND-SDO-5523,False,True,False,False,False,24,ROBO_DE_ACCESORIOS,
SIN-0085,POL-0085,ASEG-0038,Hogar,Incendio,2025-05-28,2025-05-29,12924,Quito,Incendio en cocina con informe de bomberos.,PROV-014,PROV-014,220,145,1,0,,,False,True,False,False,False,24,INCENDIO,
SIN-0086,POL-0086,ASEG-0144,Hogar,Daño por Agua,2025-05-19,2025-05-21,10695,Riobamba,Fuga de tubería con daños en piso y paredes.,PROV-021,PROV-021,235,130,2,0,,,False,True,False,False,False,24,DA_O_POR_AGUA,
SIN-0087,POL-0087,ASEG-0143,Vehiculos,Responsabilidad Civil,2024-08-04,2024-08-11,9511,Manta,Accidente en vía rápida con daño a tercero.,TALLER-016,TALLER-016,64,301,7,1,TNB-7291,COND-TNB-7291,True,True,False,False,False,24,RESPONSABILIDAD_CIVIL,
SIN-0088,POL-0088,ASEG-0198,Vehiculos,Robo,2024-11-03,2024-11-05,4255,Ambato,Robo con violencia en domicilio.,TALLER-005,TALLER-005,286,79,2,0,TNB-0192,COND-TNB-0192,False,True,False,False,False,24,ROBO,
SIN-0089,POL-0089,ASEG-0063,Hogar,Robo,2024-12-10,2024-12-12,12771,Esmeraldas,Sustracción de bienes durante ausencia del hogar.,PROV-020,PROV-020,229,136,2,2,,,False,True,False,False,False,24,ROBO,
SIN-0090,POL-0090,ASEG-0167,Vehiculos,Robo,2024-07-26,2024-07-31,12557,Ambato,Robo con violencia en domicilio.,TALLER-017,TALLER-017,43,322,5,0,TNB-0192,COND-TNB-0192,False,True,False,False,False,24,ROBO,
SIN-0091,POL-0091,ASEG-0048,Vehiculos,Cristales,2024-04-18,2024-04-25,4627,Ambato,Rotura de parabrisas por impacto de piedra.,TALLER-011,TALLER-011,89,276,7,0,IBR-4918,COND-IBR-4918,False,True,False,False,False,24,CRISTALES,
SIN-0092,POL-0092,ASEG-0042,Vehiculos,Cristales,2025-07-17,2025-07-18,6308,Riobamba,Vidrio lateral roto por vandalismo.,TALLER-017,TALLER-017,232,133,1,0,PIC-9182,COND-PIC-9182,False,True,False,False,False,24,CRISTALES,
SIN-0093,POL-0093,ASEG-0103,Vehiculos,Cristales,2024-05-01,2024-05-04,7965,Guayaquil,Rotura de parabrisas por impacto de piedra.,TALLER-001,TALLER-001,27,338,3,1,AZY-8812,COND-AZY-8812,False,True,False,False,False,24,CRISTALES,
SIN-0094,POL-0094,ASEG-0171,Vehiculos,Choque,2025-01-11,2025-01-13,4987,Riobamba,Impacto lateral en intersección con semáforo.,TALLER-005,TALLER-005,219,146,2,1,SDO-5523,COND-SDO-5523,False,True,False,False,False,24,CHOQUE,
SIN-0095,POL-0095,ASEG-0192,Vehiculos,Robo de Accesorios,2024-08-30,2024-09-01,13896,Loja,Robo de airbags y pantalla en parqueadero.,TALLER-004,TALLER-004,30,335,2,0,TNB-4918,COND-TNB-4918,False,True,False,False,False,24,ROBO_DE_ACCESORIOS,
SIN-0096,POL-0096,ASEG-0147,Vehiculos,Robo de Accesorios,2024-09-06,2024-09-08,1545,Cuenca,Robo de accesorios en zona residencial.,TALLER-005,TALLER-005,165,200,2,1,IBR-3847,COND-IBR-3847,False,True,False,False,False,24,ROBO_DE_ACCESORIOS,
SIN-0097,POL-0097,ASEG-0145,Vehiculos,Choque,2024-10-24,2024-10-26,1258,Esmeraldas,Colisión en tráfico urbano con parte policial y fotografías.,TALLER-003,TALLER-003,61,304,2,1,TNB-3847,COND-TNB-3847,False,True,False,False,False,24,CHOQUE,
SIN-0098,POL-0098,ASEG-0105,Hogar,Incendio,2025-04-14,2025-04-20,19558,Cuenca,Cortocircuito que causó incendio parcial.,PROV-016,PROV-016,77,288,6,0,,,False,True,False,False,False,24,INCENDIO,
SIN-0099,POL-0099,ASEG-0046,Hogar,Rotura de Cristales,2024-11-27,2024-11-27,4596,Ibarra,Siniestro reportado con documentación.,PROV-017,PROV-017,61,304,0,0,,,False,True,False,False,False,24,ROTURA_DE_CRISTALES,
SIN-0100,POL-0100,ASEG-0040,Vehiculos,Responsabilidad Civil,2025-02-21,2025-02-21,2617,Manta,"Impacto posterior en intersección, tercero no identificado.",TALLER-002,TALLER-002,46,319,0,0,TNB-4918,COND-TNB-4918,True,True,False,False,False,24,RESPONSABILIDAD_CIVIL,
SIN-0101,POL-0101,ASEG-0113,Vehiculos,Robo,2024-06-04,2024-06-22,5491,Esmeraldas,Colisión en tráfico urbano con parte policial y fotografías.,TALLER-008,TALLER-008,44,321,18,2,CHB-9918,COND-CHB-9918,False,True,False,False,False,24,ROBO,
SIN-0102,POL-0102,ASEG-0143,Hogar,Daño Estructural,2024-07-09,2024-07-15,15270,Quito,Siniestro reportado con documentación.,PROV-017,PROV-017,14,351,6,2,,,False,True,False,False,False,24,DA_O_ESTRUCTURAL,
SIN-0103,POL-0103,ASEG-0182,Vehiculos,Robo,2024-06-06,2024-06-07,3454,Riobamba,Robo con violencia en domicilio.,TALLER-003,TALLER-003,128,237,1,1,AZY-2918,COND-AZY-2918,False,True,False,False,False,24,ROBO,
SIN-0104,POL-0104,ASEG-0014,Hogar,Daño por Agua,2025-01-09,2025-01-11,34288,Ibarra,Humedad por filtración desde techo.,PROV-015,PROV-015,30,335,2,0,,,False,True,False,False,False,24,DA_O_POR_AGUA,
SIN-0105,POL-0105,ASEG-0102,Vehiculos,Robo,2025-02-11,2025-02-12,4504,Esmeraldas,Sustracción de bienes durante ausencia del hogar.,TALLER-013,TALLER-013,243,122,1,0,RIO-2918,COND-RIO-2918,False,True,False,False,False,24,ROBO,
SIN-0106,POL-0106,ASEG-0106,Vehiculos,Choque,2024-06-07,2024-06-08,5393,Portoviejo,"Golpe trasero en cola de tráfico, testigos presentes.",TALLER-013,TALLER-013,45,320,1,0,ESM-1234,COND-ESM-1234,False,True,False,False,False,24,CHOQUE,
SIN-0107,POL-0107,ASEG-0118,Vehiculos,Robo,2024-06-25,2024-06-27,4645,Loja,Robo con violencia en domicilio.,TALLER-017,TALLER-017,90,275,2,1,AZY-6647,COND-AZY-6647,False,True,False,False,False,24,ROBO,
SIN-0108,POL-0108,ASEG-0018,Hogar,Incendio,2025-02-22,2025-02-24,1494,Quito,Incendio en cocina con informe de bomberos.,PROV-022,PROV-022,307,58,2,1,,,False,True,False,False,False,24,INCENDIO,
SIN-0109,POL-0109,ASEG-0046,Vehiculos,Choque,2024-10-09,2024-10-10,7029,Guayaquil,Colisión en tráfico urbano con parte policial y fotografías.,TALLER-008,TALLER-008,14,351,1,1,MNT-7384,COND-MNT-7384,False,True,False,False,False,24,CHOQUE,
SIN-0110,POL-0110,ASEG-0024,Vehiculos,Pérdida Total,2024-10-03,2024-10-04,10246,Ibarra,Vehículo destruido en accidente de tránsito.,TALLER-002,TALLER-002,83,282,1,2,LOJ-1847,COND-LOJ-1847,False,True,False,False,False,24,P_RDIDA_TOTAL,
SIN-0111,POL-0111,ASEG-0070,Vehiculos,Choque,2025-02-14,2025-02-14,8198,Guayaquil,Colisión en tráfico urbano con parte policial y fotografías.,TALLER-016,TALLER-016,60,305,0,1,CHB-1029,COND-CHB-1029,False,True,False,False,False,24,CHOQUE,
SIN-0112,POL-0112,ASEG-0042,Hogar,Rotura de Cristales,2024-11-16,2024-11-23,18552,Manta,Siniestro reportado con documentación.,PROV-015,PROV-015,30,335,7,1,,,False,True,False,False,False,24,ROTURA_DE_CRISTALES,
SIN-0113,POL-0113,ASEG-0008,Vehiculos,Cristales,2024-10-25,2024-10-28,8834,Ambato,Rotura de parabrisas por impacto de piedra.,TALLER-003,TALLER-003,68,297,3,0,MNT-2918,COND-MNT-2918,False,True,False,False,False,24,CRISTALES,
SIN-0114,POL-0114,ASEG-0183,Vehiculos,Cristales,2025-03-16,2025-03-17,7747,Cuenca,Parabrisas fisurado en autopista.,TALLER-018,TALLER-018,62,303,1,0,MNT-2918,COND-MNT-2918,False,True,False,False,False,24,CRISTALES,
SIN-0115,POL-0115,ASEG-0027,Vehiculos,Choque,2024-08-26,2024-09-01,7830,Guayaquil,"Golpe trasero en cola de tráfico, testigos presentes.",TALLER-006,TALLER-006,57,308,6,0,AZY-6647,COND-AZY-6647,False,True,False,False,False,24,CHOQUE,
SIN-0116,POL-0116,ASEG-0036,Salud,Consulta Externa,2024-12-04,2024-12-05,18044,Ambato,Siniestro reportado con documentación.,HOSP-005,HOSP-005,201,164,1,0,,,False,True,False,False,False,24,CONSULTA_EXTERNA,
SIN-0117,POL-0117,ASEG-0028,Hogar,Incendio,2024-03-19,2024-03-26,10866,Ambato,Incendio en cocina con informe de bomberos.,PROV-021,PROV-021,75,290,7,3,,,False,True,False,False,False,24,INCENDIO,
SIN-0118,POL-0118,ASEG-0082,Vehiculos,Responsabilidad Civil,2025-07-09,2025-07-10,4067,Riobamba,Colisión en rotonda con vehículo de tercero.,TALLER-018,TALLER-018,261,104,1,0,CHB-4472,COND-CHB-4472,True,True,False,False,False,24,RESPONSABILIDAD_CIVIL,
SIN-0119,POL-0119,ASEG-0075,Vehiculos,Cristales,2025-02-02,2025-02-04,5337,Guayaquil,Parabrisas fisurado en autopista.,TALLER-016,TALLER-016,189,176,2,1,TNB-7291,COND-TNB-7291,False,True,False,False,False,24,CRISTALES,
SIN-0120,POL-0120,ASEG-0140,Vehiculos,Choque,2025-02-04,2025-02-17,12830,Loja,"Golpe trasero en cola de tráfico, testigos presentes.",TALLER-016,TALLER-016,41,324,13,0,LOJ-0294,COND-LOJ-0294,False,True,False,False,False,24,CHOQUE,PTACP20260739281
SIN-0121,POL-0121,ASEG-0003,Vehiculos,Choque,2024-06-29,2024-07-05,13659,Ambato,"Golpe trasero en cola de tráfico, testigos presentes.",TALLER-015,TALLER-015,67,298,6,0,GYE-2918,COND-GYE-2918,False,True,False,False,False,24,CHOQUE,
SIN-0122,POL-0122,ASEG-0076,Vehiculos,Pérdida Total,2024-08-12,2024-08-14,2822,Guayaquil,Vehículo destruido en accidente de tránsito.,TALLER-003,TALLER-003,165,200,2,0,MNT-7384,COND-MNT-7384,False,True,False,False,False,24,P_RDIDA_TOTAL,
SIN-0123,POL-0123,ASEG-0006,Salud,Consulta Externa,2025-01-21,2025-01-22,17563,Guayaquil,Siniestro reportado con documentación.,PROV-016,PROV-016,40,325,1,0,,,False,True,False,False,False,24,CONSULTA_EXTERNA,
SIN-0124,POL-0124,ASEG-0008,Vehiculos,Cristales,2024-09-27,2024-09-27,8213,Portoviejo,Rotura de parabrisas por impacto de piedra.,TALLER-015,TALLER-015,169,196,0,1,TNB-4918,COND-TNB-4918,False,True,False,False,False,24,CRISTALES,
SIN-0125,POL-0125,ASEG-0030,Vehiculos,Responsabilidad Civil,2024-12-01,2024-12-02,10696,Riobamba,Colisión en rotonda con vehículo de tercero.,TALLER-003,TALLER-003,65,300,1,0,RIO-2918,COND-RIO-2918,True,True,False,False,False,24,RESPONSABILIDAD_CIVIL,
SIN-0126,POL-0126,ASEG-0031,Hogar,Incendio,2024-11-13,2024-11-14,5513,Ambato,Cortocircuito que causó incendio parcial.,PROV-022,PROV-022,258,107,1,0,,,False,True,False,False,False,24,INCENDIO,
SIN-0127,POL-0127,ASEG-0036,Vehiculos,Robo,2024-10-21,2024-10-22,11227,Loja,Sustracción de bienes durante ausencia del hogar.,TALLER-017,TALLER-017,64,301,1,1,AZY-8812,COND-AZY-8812,False,True,False,False,False,24,ROBO,
SIN-0128,POL-0128,ASEG-0182,Vehiculos,Pérdida Total,2024-04-19,2024-04-20,3510,Riobamba,Vehículo totalmente siniestrado en volcamiento.,TALLER-020,TALLER-020,24,341,1,2,AZY-2918,COND-AZY-2918,False,True,False,False,False,24,P_RDIDA_TOTAL,
SIN-0129,POL-0129,ASEG-0147,Vehiculos,Choque,2025-04-22,2025-04-24,3628,Ambato,"Golpe trasero en cola de tráfico, testigos presentes.",TALLER-012,TALLER-012,81,284,2,2,GYE-7384,COND-GYE-7384,False,True,False,False,False,24,CHOQUE,
SIN-0130,POL-0130,ASEG-0090,Vehiculos,Choque,2024-03-15,2024-03-17,6984,Riobamba,"Accidente múltiple de madrugada, daños en carrocería.",TALLER-002,TALLER-002,14,351,2,0,CHB-5523,COND-CHB-5523,False,True,False,False,False,24,CHOQUE,
SIN-0131,POL-0131,ASEG-0153,Vehiculos,Robo de Accesorios,2025-05-03,2025-05-05,1720,Cuenca,Sustracción de rines y estéreo durante la noche.,TALLER-011,TALLER-011,323,42,2,2,LOJ-1847,COND-LOJ-1847,False,True,False,False,False,24,ROBO_DE_ACCESORIOS,
SIN-0132,POL-0132,ASEG-0064,Vehiculos,Robo,2024-05-20,2024-05-26,10378,Loja,Robo con violencia en domicilio.,TALLER-016,TALLER-016,14,351,6,1,GYE-4837,COND-GYE-4837,False,True,False,False,False,24,ROBO,
SIN-0133,POL-0133,ASEG-0178,Vehiculos,Responsabilidad Civil,2024-10-17,2024-10-30,13950,Riobamba,Raspón lateral a vehículo estacionado.,TALLER-007,TALLER-007,41,324,13,0,CHB-9918,COND-CHB-9918,True,True,False,False,False,24,RESPONSABILIDAD_CIVIL,
SIN-0134,POL-0134,ASEG-0073,Salud,Consulta Externa,2025-06-14,2025-06-16,1765,Esmeraldas,Siniestro reportado con documentación.,HOSP-001,HOSP-001,235,130,2,1,,,False,True,False,False,False,24,CONSULTA_EXTERNA,
SIN-0135,POL-0135,ASEG-0001,Vehiculos,Pérdida Total,2025-07-06,2025-07-06,1711,Manta,Vehículo totalmente siniestrado en volcamiento.,TALLER-002,TALLER-002,200,165,0,0,SDO-5523,COND-SDO-5523,False,True,False,False,False,24,P_RDIDA_TOTAL,
SIN-0136,POL-0136,ASEG-0186,Vehiculos,Cristales,2025-06-07,2025-06-07,1327,Manta,Parabrisas fisurado en autopista.,TALLER-004,TALLER-004,304,61,0,0,MNT-5834,COND-MNT-5834,False,True,False,False,False,24,CRISTALES,
SIN-0137,POL-0137,ASEG-0123,Vehiculos,Choque,2025-02-20,2025-02-21,962,Manta,Colisión en tráfico urbano con parte policial y fotografías.,TALLER-005,TALLER-005,220,145,1,0,LOJ-8834,COND-LOJ-8834,False,True,False,False,False,24,CHOQUE,
SIN-0138,POL-0138,ASEG-0113,Vehiculos,Responsabilidad Civil,2024-12-19,2024-12-19,5476,Manta,Colisión en rotonda con vehículo de tercero.,TALLER-013,TALLER-013,32,333,0,3,AZY-5573,COND-AZY-5573,True,True,False,False,False,24,RESPONSABILIDAD_CIVIL,
SIN-0139,POL-0139,ASEG-0071,Hogar,Robo,2024-10-24,2024-10-25,16184,Manta,Robo de joyas y equipos electrónicos.,PROV-018,PROV-018,14,351,1,0,,,False,True,False,False,False,24,ROBO,
SIN-0140,POL-0140,ASEG-0127,Salud,Urgencias,2024-07-08,2024-07-09,4705,Guayaquil,Siniestro reportado con documentación.,HOSP-005,HOSP-005,66,299,1,0,,,False,True,False,False,False,24,URGENCIAS,
SIN-0141,POL-0141,ASEG-0198,Vehiculos,Choque,2025-01-25,2025-01-26,2977,Quito,Impacto lateral en intersección con semáforo.,TALLER-003,TALLER-003,90,275,1,1,AZY-8812,COND-AZY-8812,False,True,False,False,False,24,CHOQUE,
SIN-0142,POL-0142,ASEG-0022,Salud,Consulta Externa,2025-05-03,2025-05-04,10587,Guayaquil,Siniestro reportado con documentación.,HOSP-004,HOSP-004,227,138,1,0,,,False,True,False,False,False,24,CONSULTA_EXTERNA,
SIN-0143,POL-0143,ASEG-0063,Vehiculos,Choque,2024-03-09,2024-03-17,19732,Ibarra,"Accidente múltiple de madrugada, daños en carrocería.",TALLER-011,TALLER-011,9,356,8,3,PIC-2847,COND-PIC-2847,False,True,False,False,False,24,CHOQUE,
SIN-0144,POL-0144,ASEG-0198,Vehiculos,Choque,2024-11-14,2024-11-15,3377,Loja,Colisión en tráfico urbano con parte policial y fotografías.,TALLER-006,TALLER-006,99,266,1,2,GYE-8371,COND-GYE-8371,False,True,False,False,False,24,CHOQUE,
SIN-0145,POL-0145,ASEG-0059,Vehiculos,Cristales,2024-03-25,2024-03-26,3338,Esmeraldas,Vidrio lateral roto por vandalismo.,TALLER-017,TALLER-017,83,282,1,0,ESM-4847,COND-ESM-4847,False,True,False,False,False,24,CRISTALES,
SIN-0146,POL-0146,ASEG-0107,Vehiculos,Cristales,2024-08-12,2024-08-12,2514,Loja,Vidrio lateral roto por vandalismo.,TALLER-012,TALLER-012,86,279,0,0,IBR-1029,COND-IBR-1029,False,True,False,False,False,24,CRISTALES,
SIN-0147,POL-0147,ASEG-0023,Hogar,Rotura de Cristales,2024-01-19,2024-01-19,11427,Riobamba,Siniestro reportado con documentación.,PROV-022,PROV-022,14,351,0,0,,,False,True,False,False,False,24,ROTURA_DE_CRISTALES,
SIN-0148,POL-0148,ASEG-0002,Vehiculos,Pérdida Total,2024-05-16,2024-05-28,12218,Quito,Vehículo totalmente siniestrado en volcamiento.,TALLER-017,TALLER-017,17,348,12,0,AZY-8812,COND-AZY-8812,False,True,False,False,False,24,P_RDIDA_TOTAL,
SIN-0149,POL-0149,ASEG-0024,Vehiculos,Choque,2024-10-17,2024-10-22,20829,Manta,Sustracción de rines y estéreo durante la noche.,TALLER-002,TALLER-002,24,341,5,3,GYE-1029,COND-GYE-1029,False,True,False,False,False,24,CHOQUE,
SIN-0150,POL-0150,ASEG-0081,Salud,Urgencias,2024-11-21,2024-11-21,13986,Loja,Siniestro reportado con documentación.,HOSP-003,HOSP-003,163,202,0,0,,,False,True,False,False,False,24,URGENCIAS,
SIN-0151,POL-0151,ASEG-0198,Vehiculos,Robo,2024-06-20,2024-06-20,13745,Riobamba,Sustracción de bienes durante ausencia del hogar.,TALLER-008,TALLER-008,14,351,0,3,LOJ-1847,COND-LOJ-1847,False,True,False,False,False,24,ROBO,
SIN-0152,POL-0152,ASEG-0174,Vehiculos,Responsabilidad Civil,2024-04-08,2024-04-08,6022,Ambato,"Impacto posterior en intersección, tercero no identificado.",TALLER-005,TALLER-005,9,356,0,0,MNT-0847,COND-MNT-0847,True,True,False,False,False,24,RESPONSABILIDAD_CIVIL,
SIN-0153,POL-0153,ASEG-0020,Hogar,Robo,2024-11-26,2024-11-26,9160,Guayaquil,Sustracción de bienes durante ausencia del hogar.,PROV-021,PROV-021,229,136,0,0,,,False,True,False,False,False,24,ROBO,
SIN-0154,POL-0154,ASEG-0045,Vehiculos,Responsabilidad Civil,2024-05-04,2024-05-19,9795,Manta,Colisión en rotonda con vehículo de tercero.,TALLER-003,TALLER-003,29,336,15,0,CHB-9918,COND-CHB-9918,True,True,False,False,False,24,RESPONSABILIDAD_CIVIL,
SIN-0155,POL-0155,ASEG-0162,Vehiculos,Robo de Accesorios,2024-07-28,2024-07-29,6258,Quito,Robo de accesorios en zona residencial.,TALLER-001,TALLER-001,14,351,1,1,SDO-5523,COND-SDO-5523,False,True,False,False,False,24,ROBO_DE_ACCESORIOS,
SIN-0156,POL-0156,ASEG-0121,Salud,Maternidad,2025-02-23,2025-03-07,35207,Loja,Siniestro reportado con documentación.,PROV-014,PROV-014,27,338,12,0,,,False,True,False,False,False,24,MATERNIDAD,
SIN-0157,POL-0157,ASEG-0045,Vehiculos,Robo,2024-11-13,2024-11-15,8973,Manta,Sustracción de bienes durante ausencia del hogar.,TALLER-020,TALLER-020,14,351,2,1,ESM-4847,COND-ESM-4847,False,True,False,False,False,24,ROBO,
SIN-0158,POL-0158,ASEG-0126,Vehiculos,Choque,2024-11-28,2024-11-28,4376,Guayaquil,Colisión en tráfico urbano con parte policial y fotografías.,TALLER-013,TALLER-013,304,61,0,0,LOJ-1847,COND-LOJ-1847,False,True,False,False,False,24,CHOQUE,
SIN-0159,POL-0159,ASEG-0151,Salud,Cirugía,2025-06-15,2025-06-17,6548,Guayaquil,Intervención de urgencia con facturas adjuntas.,HOSP-004,HOSP-004,262,103,2,0,,,False,True,False,False,False,24,CIRUG_A,
SIN-0160,POL-0160,ASEG-0182,Vehiculos,Robo de Accesorios,2024-07-26,2024-08-03,14665,Portoviejo,Colisión en rotonda con vehículo de tercero.,TALLER-999,TALLER-999,25,340,8,3,LOJ-5523,COND-LOJ-5523,False,True,False,False,False,24,ROBO_DE_ACCESORIOS,
SIN-0161,POL-0161,ASEG-0164,Vehiculos,Robo de Accesorios,2025-05-06,2025-05-07,4835,Guayaquil,Robo de accesorios en zona residencial.,TALLER-018,TALLER-018,237,128,1,0,TNB-1029,COND-TNB-1029,False,True,False,False,False,24,ROBO_DE_ACCESORIOS,
SIN-0162,POL-0162,ASEG-0064,Vehiculos,Cristales,2024-09-12,2024-09-18,10072,Guayaquil,Vidrio lateral roto por vandalismo.,TALLER-015,TALLER-015,76,289,6,2,GYE-1029,COND-GYE-1029,False,True,False,False,False,24,CRISTALES,
SIN-0163,POL-0163,ASEG-0123,Vehiculos,Robo de Accesorios,2024-03-31,2024-04-02,11488,Manta,Robo de airbags y pantalla en parqueadero.,TALLER-777,TALLER-777,7,358,2,1,LOJ-5523,COND-LOJ-5523,False,True,False,False,False,24,ROBO_DE_ACCESORIOS,
SIN-0164,POL-0164,ASEG-0181,Vehiculos,Choque,2025-02-25,2025-02-25,5274,Ibarra,Impacto lateral en intersección con semáforo.,TALLER-012,TALLER-012,87,278,0,0,SDO-5523,COND-SDO-5523,False,True,False,False,False,24,CHOQUE,
SIN-0165,POL-0165,ASEG-0013,Vehiculos,Pérdida Total,2025-07-13,2025-07-13,7785,Portoviejo,Vehículo totalmente siniestrado en volcamiento.,TALLER-007,TALLER-007,278,87,0,0,GYE-2918,COND-GYE-2918,False,True,False,False,False,24,P_RDIDA_TOTAL,
SIN-0166,POL-0166,ASEG-0021,Vehiculos,Pérdida Total,2024-07-01,2024-07-14,21175,Guayaquil,Rotura de parabrisas por impacto de piedra.,TALLER-002,TALLER-002,25,340,13,1,LOJ-2847,COND-LOJ-2847,False,True,False,False,False,24,P_RDIDA_TOTAL,
SIN-0167,POL-0167,ASEG-0145,Vehiculos,Choque,2025-10-18,2025-10-20,650,Cuenca,"Accidente múltiple de madrugada, daños en carrocería.",TALLER-008,TALLER-008,271,94,2,2,GYE-7384,COND-GYE-7384,False,True,False,False,False,24,CHOQUE,
SIN-0168,POL-0168,ASEG-0102,Vehiculos,Cristales,2024-10-09,2024-10-10,29499,Quito,Rotura de parabrisas por impacto de piedra.,TALLER-002,TALLER-002,25,340,1,1,LOJ-1847,COND-LOJ-1847,False,True,False,False,False,24,CRISTALES,
SIN-0169,POL-0169,ASEG-0153,Hogar,Daño por Agua,2025-03-26,2025-03-26,23403,Loja,Fuga de tubería con daños en piso y paredes.,PROV-015,PROV-015,78,287,0,3,,,False,True,False,False,False,24,DA_O_POR_AGUA,
SIN-0170,POL-0170,ASEG-0146,Hogar,Rotura de Cristales,2025-04-21,2025-04-22,5136,Portoviejo,Siniestro reportado con documentación.,PROV-021,PROV-021,88,277,1,1,,,False,True,False,False,False,24,ROTURA_DE_CRISTALES,
SIN-0171,POL-0171,ASEG-0104,Vehiculos,Robo,2024-11-20,2024-12-03,8955,Portoviejo,Robo con violencia en domicilio.,TALLER-012,TALLER-012,13,352,13,0,MNT-2918,COND-MNT-2918,False,True,False,False,False,24,ROBO,
SIN-0172,POL-0172,ASEG-0059,Vehiculos,Robo,2025-10-15,2025-10-17,2926,Ambato,Robo con violencia en domicilio.,TALLER-015,TALLER-015,273,92,2,1,AZY-5573,COND-AZY-5573,False,True,False,False,False,24,ROBO,
SIN-0173,POL-0173,ASEG-0017,Hogar,Daño por Agua,2024-10-07,2024-10-07,7630,Esmeraldas,Humedad por filtración desde techo.,PROV-014,PROV-014,74,291,0,1,,,False,True,False,False,False,24,DA_O_POR_AGUA,
SIN-0174,POL-0174,ASEG-0071,Vehiculos,Responsabilidad Civil,2024-11-29,2024-11-29,6238,Riobamba,Raspón lateral a vehículo estacionado.,TALLER-015,TALLER-015,75,290,0,1,SDO-1847,COND-SDO-1847,True,True,False,False,False,24,RESPONSABILIDAD_CIVIL,
SIN-0175,POL-0175,ASEG-0073,Vehiculos,Choque,2024-03-14,2024-03-16,5736,Ibarra,Impacto lateral en intersección con semáforo.,TALLER-001,TALLER-001,48,317,2,2,PIC-2847,COND-PIC-2847,False,True,False,False,False,24,CHOQUE,
SIN-0176,POL-0176,ASEG-0154,Vehiculos,Choque,2024-11-25,2024-11-26,11674,Manta,Colisión en tráfico urbano con parte policial y fotografías.,TALLER-016,TALLER-016,200,165,1,0,LOJ-1847,COND-LOJ-1847,False,True,False,False,False,24,CHOQUE,
SIN-0177,POL-0177,ASEG-0131,Vehiculos,Cristales,2025-02-06,2025-02-07,13356,Loja,Rotura de parabrisas por impacto de piedra.,TALLER-012,TALLER-012,115,250,1,1,AZY-1847,COND-AZY-1847,False,True,False,False,False,24,CRISTALES,
SIN-0178,POL-0178,ASEG-0015,Vehiculos,Robo de Accesorios,2024-12-18,2024-12-19,10157,Ibarra,Robo de airbags y pantalla en parqueadero.,TALLER-007,TALLER-007,14,351,1,0,PIC-3847,COND-PIC-3847,False,True,False,False,False,24,ROBO_DE_ACCESORIOS,
SIN-0179,POL-0179,ASEG-0176,Hogar,Rotura de Cristales,2024-12-18,2024-12-23,12263,Riobamba,Rotura de parabrisas por impacto de piedra.,PROV-019,PROV-019,9,356,5,0,,,False,True,False,False,False,24,ROTURA_DE_CRISTALES,
SIN-0180,POL-0180,ASEG-0108,Salud,Consulta Externa,2024-06-02,2024-06-13,34510,Loja,Sustracción de bienes durante ausencia del hogar.,PROV-022,PROV-022,20,345,11,0,,,False,True,False,False,False,24,CONSULTA_EXTERNA,
SIN-0181,POL-0181,ASEG-0036,Vehiculos,Robo,2024-08-22,2024-08-31,17119,Loja,Sustracción de bienes durante ausencia del hogar.,TALLER-013,TALLER-013,25,340,9,2,IBR-1029,COND-IBR-1029,False,True,False,False,False,24,ROBO,
SIN-0182,POL-0182,ASEG-0195,Vehiculos,Robo,2025-04-11,2025-04-13,4801,Portoviejo,Robo de joyas y equipos electrónicos.,TALLER-002,TALLER-002,75,290,2,0,IBR-7291,COND-IBR-7291,False,True,False,False,False,24,ROBO,
SIN-0183,POL-0183,ASEG-0004,Vehiculos,Responsabilidad Civil,2024-06-10,2024-06-11,3073,Esmeraldas,"Impacto posterior en intersección, tercero no identificado.",TALLER-003,TALLER-003,64,301,1,1,IBR-4918,COND-IBR-4918,True,True,False,False,False,24,RESPONSABILIDAD_CIVIL,
SIN-0184,POL-0184,ASEG-0075,Salud,Urgencias,2024-12-15,2024-12-26,27462,Esmeraldas,Siniestro reportado con documentación.,PROV-014,PROV-014,44,321,11,2,,,False,True,False,False,False,24,URGENCIAS,
SIN-0185,POL-0185,ASEG-0032,Hogar,Daño por Agua,2024-10-03,2024-10-05,12456,Quito,Inundación por lluvias intensas.,PROV-020,PROV-020,84,281,2,0,,,False,True,False,False,False,24,DA_O_POR_AGUA,
SIN-0186,POL-0186,ASEG-0141,Vehiculos,Responsabilidad Civil,2025-03-08,2025-03-10,5185,Riobamba,"Impacto posterior en intersección, tercero no identificado.",TALLER-005,TALLER-005,73,292,2,0,AZY-6647,COND-AZY-6647,True,True,False,False,False,24,RESPONSABILIDAD_CIVIL,
SIN-0187,POL-0187,ASEG-0073,Vehiculos,Choque,2024-11-22,2024-11-23,6627,Guayaquil,Impacto lateral en intersección con semáforo.,TALLER-020,TALLER-020,72,293,1,3,IBR-3847,COND-IBR-3847,False,True,False,False,False,24,CHOQUE,
SIN-0188,POL-0188,ASEG-0004,Salud,Hospitalización,2024-11-29,2024-11-30,68769,Guayaquil,Hospitalización por cuadro febril agudo.,PROV-021,PROV-021,40,325,1,2,,,False,True,False,False,False,24,HOSPITALIZACI_N,
SIN-0189,POL-0189,ASEG-0093,Vehiculos,Cristales,2024-09-12,2024-09-14,3650,Loja,Parabrisas fisurado en autopista.,TALLER-011,TALLER-011,37,328,2,1,SDO-5523,COND-SDO-5523,False,True,False,False,False,24,CRISTALES,
SIN-0190,POL-0190,ASEG-0096,Vehiculos,Responsabilidad Civil,2024-11-11,2024-11-13,8095,Cuenca,"Impacto posterior en intersección, tercero no identificado.",TALLER-005,TALLER-005,257,108,2,0,MNT-0847,COND-MNT-0847,True,True,False,False,False,24,RESPONSABILIDAD_CIVIL,
SIN-0191,POL-0191,ASEG-0027,Vehiculos,Pérdida Total,2025-05-16,2025-05-17,11809,Portoviejo,Vehículo destruido en accidente de tránsito.,TALLER-020,TALLER-020,254,111,1,1,MNT-2918,COND-MNT-2918,False,True,False,False,False,24,P_RDIDA_TOTAL,
SIN-0192,POL-0192,ASEG-0113,Vehiculos,Choque,2024-06-24,2024-07-11,8666,Guayaquil,Robo con violencia en domicilio.,TALLER-020,TALLER-020,42,323,17,4,PDO-1029,COND-PDO-1029,False,True,False,False,False,24,CHOQUE,
SIN-0193,POL-0193,ASEG-0143,Vehiculos,Robo de Accesorios,2024-03-28,2024-03-29,7074,Quito,Sustracción de rines y estéreo durante la noche.,TALLER-016,TALLER-016,82,283,1,3,AZY-6647,COND-AZY-6647,False,True,False,False,False,24,ROBO_DE_ACCESORIOS,
SIN-0194,POL-0194,ASEG-0118,Salud,Urgencias,2024-12-15,2024-12-16,945,Portoviejo,Siniestro reportado con documentación.,HOSP-001,HOSP-001,120,245,1,2,,,False,True,False,False,False,24,URGENCIAS,
SIN-0195,POL-0195,ASEG-0168,Vehiculos,Cristales,2024-08-04,2024-08-22,10543,Riobamba,Impacto lateral en intersección con semáforo.,TALLER-008,TALLER-008,42,323,18,0,PIC-7291,COND-PIC-7291,False,True,False,False,False,24,CRISTALES,
SIN-0196,POL-0196,ASEG-0141,Vehiculos,Robo de Accesorios,2025-05-05,2025-05-07,2077,Loja,Robo de accesorios en zona residencial.,TALLER-016,TALLER-016,131,234,2,1,IBR-4918,COND-IBR-4918,False,True,False,False,False,24,ROBO_DE_ACCESORIOS,
SIN-0197,POL-0197,ASEG-0184,Vehiculos,Responsabilidad Civil,2025-04-10,2025-04-17,6536,Guayaquil,Accidente en vía rápida con daño a tercero.,TALLER-002,TALLER-002,78,287,7,1,MNT-5834,COND-MNT-5834,True,True,False,False,False,24,RESPONSABILIDAD_CIVIL,
SIN-0198,POL-0198,ASEG-0131,Vehiculos,Robo,2024-06-10,2024-06-17,6201,Portoviejo,Robo de joyas y equipos electrónicos.,TALLER-012,TALLER-012,73,292,7,2,IBR-1029,COND-IBR-1029,False,True,False,False,False,24,ROBO,
SIN-0199,POL-0199,ASEG-0106,Vehiculos,Robo de Accesorios,2024-07-18,2024-07-20,13728,Esmeraldas,Robo de airbags y pantalla en parqueadero.,TALLER-006,TALLER-006,46,319,2,1,LOJ-2847,COND-LOJ-2847,False,True,False,False,False,24,ROBO_DE_ACCESORIOS,
SIN-0200,POL-0200,ASEG-0182,Hogar,Robo,2024-10-19,2024-10-22,13525,Loja,Vehículo destruido en accidente de tránsito.,PROV-018,PROV-018,5,360,3,4,,,False,True,False,False,False,24,ROBO,
SIN-0201,POL-0201,ASEG-0038,Vehiculos,Choque,2024-05-24,2024-06-09,15011,Ambato,"Golpe trasero en cola de tráfico, testigos presentes.",TALLER-012,TALLER-012,40,325,16,1,AZY-2918,COND-AZY-2918,False,True,False,False,False,24,CHOQUE,
SIN-0202,POL-0202,ASEG-0176,Vehiculos,Responsabilidad Civil,2024-11-09,2024-11-09,2631,Esmeraldas,Accidente en vía rápida con daño a tercero.,TALLER-007,TALLER-007,286,79,0,1,PDO-1029,COND-PDO-1029,True,True,False,False,False,24,RESPONSABILIDAD_CIVIL,
SIN-0203,POL-0203,ASEG-0175,Hogar,Robo,2025-01-02,2025-01-03,3733,Cuenca,Robo de joyas y equipos electrónicos.,PROV-021,PROV-021,279,86,1,0,,,False,True,False,False,False,24,ROBO,
SIN-0204,POL-0204,ASEG-0040,Salud,Consulta Externa,2024-02-10,2024-02-11,39815,Portoviejo,Siniestro reportado con documentación.,PROV-022,PROV-022,14,351,1,1,,,False,True,False,False,False,24,CONSULTA_EXTERNA,
SIN-0205,POL-0205,ASEG-0140,Vehiculos,Robo de Accesorios,2024-10-03,2024-10-04,2591,Ibarra,Robo de accesorios en zona residencial.,TALLER-004,TALLER-004,229,136,1,1,LOJ-8834,COND-LOJ-8834,False,True,False,False,False,24,ROBO_DE_ACCESORIOS,
SIN-0206,POL-0206,ASEG-0062,Salud,Maternidad,2024-08-30,2024-08-31,6736,Portoviejo,Siniestro reportado con documentación.,HOSP-005,HOSP-005,118,247,1,0,,,False,True,False,False,False,24,MATERNIDAD,
SIN-0207,POL-0207,ASEG-0012,Vehiculos,Responsabilidad Civil,2024-08-15,2024-08-17,8815,Manta,Accidente en vía rápida con daño a tercero.,TALLER-004,TALLER-004,63,302,2,1,PDO-1029,COND-PDO-1029,True,True,False,False,False,24,RESPONSABILIDAD_CIVIL,
SIN-0208,POL-0208,ASEG-0192,Vehiculos,Cristales,2024-04-19,2024-04-19,3582,Cuenca,Vidrio lateral roto por vandalismo.,TALLER-017,TALLER-017,97,268,0,1,ESM-4847,COND-ESM-4847,False,True,False,False,False,24,CRISTALES,
SIN-0209,POL-0209,ASEG-0111,Vehiculos,Responsabilidad Civil,2024-08-01,2024-08-03,5468,Quito,Raspón lateral a vehículo estacionado.,TALLER-004,TALLER-004,14,351,2,1,PIC-7291,COND-PIC-7291,True,True,False,False,False,24,RESPONSABILIDAD_CIVIL,
SIN-0210,POL-0210,ASEG-0073,Vehiculos,Pérdida Total,2024-08-28,2024-08-29,4559,Ibarra,Vehículo totalmente siniestrado en volcamiento.,TALLER-015,TALLER-015,38,327,1,4,MNT-7384,COND-MNT-7384,False,True,False,False,False,24,P_RDIDA_TOTAL,
SIN-0211,POL-0211,ASEG-0032,Hogar,Robo,2025-01-31,2025-02-01,12039,Quito,Robo de joyas y equipos electrónicos.,PROV-016,PROV-016,103,262,1,1,,,False,True,False,False,False,24,ROBO,
SIN-0212,POL-0212,ASEG-0050,Hogar,Robo,2025-10-01,2025-10-03,7958,Cuenca,Robo de joyas y equipos electrónicos.,PROV-019,PROV-019,296,69,2,1,,,False,True,False,False,False,24,ROBO,
SIN-0213,POL-0213,ASEG-0026,Salud,Consulta Externa,2024-09-08,2024-09-10,8156,Portoviejo,Siniestro reportado con documentación.,HOSP-002,HOSP-002,216,149,2,0,,,False,True,False,False,False,24,CONSULTA_EXTERNA,
SIN-0214,POL-0214,ASEG-0057,Vehiculos,Cristales,2024-06-04,2024-06-09,8408,Ibarra,Vidrio lateral roto por vandalismo.,TALLER-003,TALLER-003,14,351,5,0,MNT-2918,COND-MNT-2918,False,True,False,False,False,24,CRISTALES,
SIN-0215,POL-0215,ASEG-0138,Salud,Cirugía,2025-03-20,2025-03-22,29854,Ambato,Intervención de urgencia con facturas adjuntas.,HOSP-001,HOSP-001,69,296,2,0,,,False,True,False,False,False,24,CIRUG_A,
SIN-0216,POL-0216,ASEG-0168,Hogar,Incendio,2024-10-11,2024-10-18,7547,Loja,Incendio estructural por fuga de gas.,PROV-016,PROV-016,84,281,7,1,,,False,True,False,False,False,24,INCENDIO,
SIN-0217,POL-0217,ASEG-0115,Vehiculos,Robo,2024-10-23,2024-11-04,25159,Cuenca,Robo de joyas y equipos electrónicos.,TALLER-015,TALLER-015,7,358,12,1,AZY-3841,COND-AZY-3841,False,True,False,False,False,24,ROBO,PTACP20261003847
SIN-0218,POL-0218,ASEG-0167,Salud,Consulta Externa,2025-07-08,2025-07-10,6676,Guayaquil,Siniestro reportado con documentación.,HOSP-005,HOSP-005,194,171,2,1,,,False,True,False,False,False,24,CONSULTA_EXTERNA,
SIN-0219,POL-0219,ASEG-0133,Salud,Urgencias,2024-07-20,2024-07-21,21349,Loja,Siniestro reportado con documentación.,PROV-016,PROV-016,25,340,1,0,,,False,True,False,False,False,24,URGENCIAS,
SIN-0220,POL-0220,ASEG-0107,Vehiculos,Responsabilidad Civil,2024-09-28,2024-09-28,7659,Guayaquil,Colisión en rotonda con vehículo de tercero.,TALLER-005,TALLER-005,25,340,0,1,TNB-0192,COND-TNB-0192,True,True,False,False,False,24,RESPONSABILIDAD_CIVIL,
SIN-0221,POL-0221,ASEG-0047,Vehiculos,Robo de Accesorios,2024-12-07,2024-12-10,23728,Ibarra,Sustracción de bienes durante ausencia del hogar.,TALLER-005,TALLER-005,35,330,3,0,GYE-2918,COND-GYE-2918,False,True,False,False,False,24,ROBO_DE_ACCESORIOS,
SIN-0222,POL-0222,ASEG-0043,Salud,Consulta Externa,2025-03-08,2025-03-08,15258,Riobamba,Siniestro reportado con documentación.,HOSP-005,HOSP-005,127,238,0,0,,,False,True,False,False,False,24,CONSULTA_EXTERNA,
SIN-0223,POL-0223,ASEG-0158,Vehiculos,Robo de Accesorios,2025-02-02,2025-02-04,1133,Quito,Sustracción de rines y estéreo durante la noche.,TALLER-017,TALLER-017,126,239,2,1,CHB-5523,COND-CHB-5523,False,True,False,False,False,24,ROBO_DE_ACCESORIOS,
SIN-0224,POL-0224,ASEG-0059,Hogar,Daño Estructural,2024-07-26,2024-07-29,32683,Ibarra,Siniestro reportado con documentación.,PROV-018,PROV-018,28,337,3,2,,,False,True,False,False,False,24,DA_O_ESTRUCTURAL,
SIN-0225,POL-0225,ASEG-0182,Vehiculos,Cristales,2024-11-14,2024-11-24,15375,Quito,Vidrio lateral roto por vandalismo.,TALLER-999,TALLER-999,23,342,10,5,PDO-1029,COND-PDO-1029,False,True,False,False,False,24,CRISTALES,
SIN-0226,POL-0226,ASEG-0194,Salud,Cirugía,2025-08-12,2025-08-13,16610,Ibarra,Cirugía programada con historia clínica.,HOSP-001,HOSP-001,307,58,1,1,,,False,True,False,False,False,24,CIRUG_A,
SIN-0227,POL-0227,ASEG-0180,Vehiculos,Robo,2024-07-14,2024-07-14,8419,Guayaquil,Robo de joyas y equipos electrónicos.,TALLER-017,TALLER-017,86,279,0,1,RIO-2918,COND-RIO-2918,False,True,False,False,False,24,ROBO,
SIN-0228,POL-0228,ASEG-0057,Vehiculos,Responsabilidad Civil,2024-11-27,2024-12-12,6020,Guayaquil,Sustracción de bienes durante ausencia del hogar.,TALLER-012,TALLER-012,20,345,15,1,TNB-3847,COND-TNB-3847,True,True,False,False,False,24,RESPONSABILIDAD_CIVIL,
SIN-0229,POL-0229,ASEG-0173,Vehiculos,Choque,2024-11-19,2024-11-20,1616,Loja,"Accidente múltiple de madrugada, daños en carrocería.",TALLER-003,TALLER-003,201,164,1,0,PIC-7291,COND-PIC-7291,False,True,False,False,False,24,CHOQUE,
SIN-0230,POL-0230,ASEG-0089,Salud,Consulta Externa,2025-01-07,2025-01-08,7426,Manta,Siniestro reportado con documentación.,HOSP-001,HOSP-001,62,303,1,0,,,False,True,False,False,False,24,CONSULTA_EXTERNA,
SIN-0231,POL-0231,ASEG-0178,Salud,Urgencias,2024-10-29,2024-11-05,20934,Ibarra,Siniestro reportado con documentación.,PROV-017,PROV-017,14,351,7,1,,,False,True,False,False,False,24,URGENCIAS,
SIN-0232,POL-0232,ASEG-0106,Hogar,Daño por Agua,2025-04-26,2025-04-26,5205,Esmeraldas,Inundación por lluvias intensas.,PROV-021,PROV-021,207,158,0,2,,,False,True,False,False,False,24,DA_O_POR_AGUA,
SIN-0233,POL-0233,ASEG-0147,Vehiculos,Responsabilidad Civil,2025-02-12,2025-02-13,14260,Cuenca,Impacto lateral en intersección con semáforo.,TALLER-004,TALLER-004,26,339,1,3,ESM-4847,COND-ESM-4847,True,True,False,False,False,24,RESPONSABILIDAD_CIVIL,
SIN-0234,POL-0234,ASEG-0124,Hogar,Daño por Agua,2024-07-12,2024-07-13,27901,Portoviejo,Sustracción de bienes durante ausencia del hogar.,PROV-020,PROV-020,32,333,1,0,,,False,True,False,False,False,24,DA_O_POR_AGUA,
SIN-0235,POL-0235,ASEG-0101,Vehiculos,Cristales,2024-10-25,2024-10-25,1955,Cuenca,Vidrio lateral roto por vandalismo.,TALLER-006,TALLER-006,64,301,0,0,PIC-7291,COND-PIC-7291,False,True,False,False,False,24,CRISTALES,
SIN-0236,POL-0236,ASEG-0069,Hogar,Daño Estructural,2025-03-25,2025-03-27,4742,Portoviejo,Siniestro reportado con documentación.,PROV-017,PROV-017,274,91,2,0,,,False,True,False,False,False,24,DA_O_ESTRUCTURAL,
SIN-0237,POL-0237,ASEG-0143,Vehiculos,Pérdida Total,2024-06-22,2024-06-23,6751,Ibarra,Daños irreparables por colisión frontal.,TALLER-013,TALLER-013,73,292,1,4,GYE-8371,COND-GYE-8371,False,True,False,False,False,24,P_RDIDA_TOTAL,
SIN-0238,POL-0238,ASEG-0065,Salud,Maternidad,2024-07-13,2024-07-14,14912,Portoviejo,Siniestro reportado con documentación.,HOSP-003,HOSP-003,170,195,1,1,,,False,True,False,False,False,24,MATERNIDAD,
SIN-0239,POL-0239,ASEG-0006,Vehiculos,Pérdida Total,2024-09-01,2024-09-02,12618,Guayaquil,Daños irreparables por colisión frontal.,TALLER-016,TALLER-016,65,300,1,1,PIC-9182,COND-PIC-9182,False,True,False,False,False,24,P_RDIDA_TOTAL,
SIN-0240,POL-0240,ASEG-0162,Vehiculos,Robo,2024-12-07,2024-12-07,7194,Cuenca,Robo con violencia en domicilio.,TALLER-011,TALLER-011,14,351,0,2,IBR-4918,COND-IBR-4918,False,True,False,False,False,24,ROBO,
SIN-0241,POL-0241,ASEG-0070,Hogar,Daño Estructural,2025-06-11,2025-06-11,3194,Loja,Siniestro reportado con documentación.,PROV-017,PROV-017,145,220,0,2,,,False,True,False,False,False,24,DA_O_ESTRUCTURAL,
SIN-0242,POL-0242,ASEG-0025,Vehiculos,Choque,2025-01-17,2025-01-17,829,Riobamba,"Accidente múltiple de madrugada, daños en carrocería.",TALLER-008,TALLER-008,102,263,0,0,PIC-1234,COND-PIC-1234,False,True,False,False,False,24,CHOQUE,
SIN-0243,POL-0243,ASEG-0161,Vehiculos,Robo,2024-10-10,2024-10-17,5303,Cuenca,Robo con violencia en domicilio.,TALLER-006,TALLER-006,14,351,7,0,MNT-5834,COND-MNT-5834,False,True,False,False,False,24,ROBO,
SIN-0244,POL-0244,ASEG-0162,Vehiculos,Cristales,2024-09-10,2024-09-11,11039,Portoviejo,Rotura de parabrisas por impacto de piedra.,TALLER-001,TALLER-001,31,334,1,3,PIC-2847,COND-PIC-2847,False,True,False,False,False,24,CRISTALES,
SIN-0245,POL-0245,ASEG-0074,Vehiculos,Pérdida Total,2024-03-09,2024-03-10,7119,Esmeraldas,Daños irreparables por colisión frontal.,TALLER-017,TALLER-017,64,301,1,0,AZY-1847,COND-AZY-1847,False,True,False,False,False,24,P_RDIDA_TOTAL,
SIN-0246,POL-0246,ASEG-0064,Vehiculos,Robo,2024-09-04,2024-09-05,4109,Ibarra,Sustracción de bienes durante ausencia del hogar.,TALLER-018,TALLER-018,54,311,1,3,CHB-9918,COND-CHB-9918,False,True,False,False,False,24,ROBO,
SIN-0247,POL-0247,ASEG-0180,Vehiculos,Robo de Accesorios,2024-06-16,2024-06-16,3113,Riobamba,Sustracción de rines y estéreo durante la noche.,TALLER-008,TALLER-008,71,294,0,2,TNB-1029,COND-TNB-1029,False,True,False,False,False,24,ROBO_DE_ACCESORIOS,
SIN-0248,POL-0248,ASEG-0127,Salud,Cirugía,2025-04-10,2025-04-11,2120,Loja,Intervención de urgencia con facturas adjuntas.,HOSP-001,HOSP-001,250,115,1,1,,,False,True,False,False,False,24,CIRUG_A,
SIN-0249,POL-0249,ASEG-0140,Vehiculos,Pérdida Total,2024-05-22,2024-05-25,8757,Cuenca,Vehículo totalmente siniestrado en volcamiento.,TALLER-018,TALLER-018,44,321,3,2,GYE-8371,COND-GYE-8371,False,True,False,False,False,24,P_RDIDA_TOTAL,
SIN-0250,POL-0250,ASEG-0122,Vehiculos,Pérdida Total,2025-05-06,2025-05-06,3621,Ambato,Vehículo totalmente siniestrado en volcamiento.,TALLER-004,TALLER-004,326,39,0,0,GYE-1029,COND-GYE-1029,False,True,False,False,False,24,P_RDIDA_TOTAL,
SIN-0251,POL-0251,ASEG-0084,Vehiculos,Choque,2024-08-09,2024-08-11,11399,Cuenca,"Accidente múltiple de madrugada, daños en carrocería.",TALLER-020,TALLER-020,80,285,2,1,PIC-1234,COND-PIC-1234,False,True,False,False,False,24,CHOQUE,
SIN-0252,POL-0252,ASEG-0016,Hogar,Daño por Agua,2025-06-22,2025-06-23,12715,Cuenca,Humedad por filtración desde techo.,PROV-017,PROV-017,179,186,1,0,,,False,True,False,False,False,24,DA_O_POR_AGUA,
SIN-0253,POL-0253,ASEG-0092,Salud,Cirugía,2024-03-04,2024-03-06,25317,Ambato,Cirugía programada con historia clínica.,PROV-022,PROV-022,43,322,2,0,,,False,True,False,False,False,24,CIRUG_A,
SIN-0254,POL-0254,ASEG-0116,Salud,Consulta Externa,2024-10-18,2024-10-18,15097,Ambato,Siniestro reportado con documentación.,PROV-015,PROV-015,14,351,0,3,,,False,True,False,False,False,24,CONSULTA_EXTERNA,
SIN-0255,POL-0255,ASEG-0135,Salud,Urgencias,2024-10-29,2024-10-29,18608,Esmeraldas,Siniestro reportado con documentación.,HOSP-001,HOSP-001,224,141,0,0,,,False,True,False,False,False,24,URGENCIAS,
SIN-0256,POL-0256,ASEG-0050,Vehiculos,Choque,2025-04-28,2025-04-28,6345,Quito,"Golpe trasero en cola de tráfico, testigos presentes.",TALLER-020,TALLER-020,191,174,0,2,RIO-2918,COND-RIO-2918,False,True,False,False,False,24,CHOQUE,
SIN-0257,POL-0257,ASEG-0093,Vehiculos,Robo de Accesorios,2024-09-25,2024-09-27,1316,Ibarra,Sustracción de rines y estéreo durante la noche.,TALLER-004,TALLER-004,80,285,2,2,PIC-1234,COND-PIC-1234,False,True,False,False,False,24,ROBO_DE_ACCESORIOS,
SIN-0258,POL-0258,ASEG-0049,Salud,Cirugía,2025-01-12,2025-01-27,27558,Esmeraldas,Sustracción de bienes durante ausencia del hogar.,PROV-016,PROV-016,41,324,15,1,,,False,True,False,False,False,24,CIRUG_A,
SIN-0259,POL-0259,ASEG-0169,Vehiculos,Robo,2024-12-16,2024-12-29,15323,Esmeraldas,Sustracción de bienes durante ausencia del hogar.,TALLER-016,TALLER-016,43,322,13,1,PDO-1029,COND-PDO-1029,False,True,False,False,False,24,ROBO,
SIN-0260,POL-0260,ASEG-0115,Vehiculos,Pérdida Total,2025-01-26,2025-01-27,2601,Quito,Vehículo totalmente siniestrado en volcamiento.,TALLER-011,TALLER-011,20,345,1,2,GYE-4837,COND-GYE-4837,False,True,False,False,False,24,P_RDIDA_TOTAL,
SIN-0261,POL-0261,ASEG-0025,Vehiculos,Choque,2025-01-04,2025-01-04,1957,Riobamba,"Accidente múltiple de madrugada, daños en carrocería.",TALLER-003,TALLER-003,187,178,0,1,CHB-1029,COND-CHB-1029,False,True,False,False,False,24,CHOQUE,
SIN-0262,POL-0262,ASEG-0045,Hogar,Daño Estructural,2024-10-30,2024-10-30,14628,Portoviejo,Siniestro reportado con documentación.,PROV-020,PROV-020,255,110,0,2,,,False,True,False,False,False,24,DA_O_ESTRUCTURAL,
SIN-0263,POL-0263,ASEG-0163,Vehiculos,Cristales,2024-06-12,2024-06-13,2349,Ibarra,Parabrisas fisurado en autopista.,TALLER-018,TALLER-018,136,229,1,0,TNB-0192,COND-TNB-0192,False,True,False,False,False,24,CRISTALES,
SIN-0264,POL-0264,ASEG-0057,Vehiculos,Pérdida Total,2024-10-13,2024-10-15,898,Ambato,Vehículo totalmente siniestrado en volcamiento.,TALLER-005,TALLER-005,85,280,2,2,AZY-6647,COND-AZY-6647,False,True,False,False,False,24,P_RDIDA_TOTAL,
SIN-0265,POL-0265,ASEG-0125,Vehiculos,Pérdida Total,2024-05-09,2024-05-10,10169,Portoviejo,Daños irreparables por colisión frontal.,TALLER-004,TALLER-004,29,336,1,1,GYE-4837,COND-GYE-4837,False,True,False,False,False,24,P_RDIDA_TOTAL,
SIN-0266,POL-0266,ASEG-0094,Hogar,Daño por Agua,2025-01-15,2025-01-15,7316,Manta,Fuga de tubería con daños en piso y paredes.,PROV-021,PROV-021,216,149,0,0,,,False,True,False,False,False,24,DA_O_POR_AGUA,
SIN-0267,POL-0267,ASEG-0176,Salud,Consulta Externa,2025-04-19,2025-04-19,33596,Cuenca,Siniestro reportado con documentación.,HOSP-003,HOSP-003,87,278,0,2,,,False,True,False,False,False,24,CONSULTA_EXTERNA,
SIN-0268,POL-0268,ASEG-0116,Hogar,Daño Estructural,2024-07-30,2024-08-17,15088,Quito,"Accidente múltiple de madrugada, daños en carrocería.",PROV-022,PROV-022,42,323,18,4,,,False,True,False,False,False,24,DA_O_ESTRUCTURAL,
SIN-0269,POL-0269,ASEG-0179,Hogar,Rotura de Cristales,2024-10-12,2024-10-14,11680,Ambato,Siniestro reportado con documentación.,PROV-018,PROV-018,258,107,2,1,,,False,True,False,False,False,24,ROTURA_DE_CRISTALES,
SIN-0270,POL-0270,ASEG-0098,Vehiculos,Robo de Accesorios,2024-11-12,2024-11-12,5694,Guayaquil,Robo de accesorios en zona residencial.,TALLER-012,TALLER-012,155,210,0,0,AZY-5573,COND-AZY-5573,False,True,False,False,False,24,ROBO_DE_ACCESORIOS,
SIN-0271,POL-0271,ASEG-0191,Vehiculos,Robo,2025-05-08,2025-05-09,5931,Quito,Robo de joyas y equipos electrónicos.,TALLER-011,TALLER-011,316,49,1,0,PIC-2847,COND-PIC-2847,False,True,False,False,False,24,ROBO,
SIN-0272,POL-0272,ASEG-0101,Vehiculos,Cristales,2024-04-04,2024-04-11,12973,Cuenca,Rotura de parabrisas por impacto de piedra.,TALLER-018,TALLER-018,50,315,7,1,LOJ-2847,COND-LOJ-2847,False,True,False,False,False,24,CRISTALES,
SIN-0273,POL-0273,ASEG-0168,Vehiculos,Robo,2025-08-28,2025-08-28,6190,Portoviejo,Robo con violencia en domicilio.,TALLER-013,TALLER-013,328,37,0,2,GYE-1029,COND-GYE-1029,False,True,False,False,False,24,ROBO,
SIN-0274,POL-0274,ASEG-0048,Hogar,Daño por Agua,2025-02-20,2025-02-21,11634,Cuenca,Humedad por filtración desde techo.,PROV-018,PROV-018,44,321,1,1,,,False,True,False,False,False,24,DA_O_POR_AGUA,
SIN-0275,POL-0275,ASEG-0060,Vehiculos,Cristales,2025-05-15,2025-05-17,3063,Quito,Rotura de parabrisas por impacto de piedra.,TALLER-005,TALLER-005,317,48,2,0,LOJ-1847,COND-LOJ-1847,False,True,False,False,False,24,CRISTALES,
SIN-0276,POL-0276,ASEG-0009,Vehiculos,Pérdida Total,2024-06-15,2024-06-15,13089,Quito,Daños irreparables por colisión frontal.,TALLER-013,TALLER-013,28,337,0,1,SDO-5523,COND-SDO-5523,False,True,False,False,False,24,P_RDIDA_TOTAL,
SIN-0277,POL-0277,ASEG-0110,Vehiculos,Pérdida Total,2025-10-01,2025-10-03,7978,Quito,Vehículo totalmente siniestrado en volcamiento.,TALLER-008,TALLER-008,328,37,2,0,MNT-2918,COND-MNT-2918,False,True,False,False,False,24,P_RDIDA_TOTAL,
SIN-0278,POL-0278,ASEG-0189,Vehiculos,Choque,2024-08-15,2024-08-17,15721,Esmeraldas,Robo de joyas y equipos electrónicos.,TALLER-002,TALLER-002,29,336,2,0,MNT-2918,COND-MNT-2918,False,True,False,False,False,24,CHOQUE,
SIN-0279,POL-0279,ASEG-0185,Vehiculos,Robo de Accesorios,2024-06-13,2024-06-18,9378,Guayaquil,Robo de accesorios en zona residencial.,TALLER-007,TALLER-007,72,293,5,0,GYE-2918,COND-GYE-2918,False,True,False,False,False,24,ROBO_DE_ACCESORIOS,
SIN-0280,POL-0280,ASEG-0065,Hogar,Daño por Agua,2025-10-19,2025-10-21,10190,Cuenca,Inundación por lluvias intensas.,PROV-020,PROV-020,290,75,2,2,,,False,True,False,False,False,24,DA_O_POR_AGUA,
SIN-0281,POL-0281,ASEG-0197,Vehiculos,Robo,2025-01-10,2025-01-11,4072,Loja,Robo de joyas y equipos electrónicos.,TALLER-004,TALLER-004,86,279,1,0,PIC-3847,COND-PIC-3847,False,True,False,False,False,24,ROBO,
SIN-0282,POL-0282,ASEG-0160,Vehiculos,Responsabilidad Civil,2024-10-23,2024-10-25,3438,Quito,"Impacto posterior en intersección, tercero no identificado.",TALLER-018,TALLER-018,62,303,2,1,CHB-5523,COND-CHB-5523,True,True,False,False,False,24,RESPONSABILIDAD_CIVIL,
SIN-0283,POL-0283,ASEG-0141,Vehiculos,Responsabilidad Civil,2025-04-20,2025-04-20,5126,Portoviejo,"Impacto posterior en intersección, tercero no identificado.",TALLER-013,TALLER-013,154,211,0,2,MNT-2918,COND-MNT-2918,True,True,False,False,False,24,RESPONSABILIDAD_CIVIL,
SIN-0284,POL-0284,ASEG-0107,Hogar,Incendio,2025-02-14,2025-02-17,8868,Cuenca,Cortocircuito que causó incendio parcial.,PROV-015,PROV-015,66,299,3,2,,,False,True,False,False,False,24,INCENDIO,
SIN-0285,POL-0285,ASEG-0075,Vehiculos,Pérdida Total,2024-03-30,2024-03-30,10669,Cuenca,Vehículo totalmente siniestrado en volcamiento.,TALLER-020,TALLER-020,27,338,0,3,GYE-7384,COND-GYE-7384,False,True,False,False,False,24,P_RDIDA_TOTAL,
SIN-0286,POL-0286,ASEG-0110,Vehiculos,Robo de Accesorios,2024-08-03,2024-08-05,11877,Loja,Robo de accesorios en zona residencial.,TALLER-008,TALLER-008,83,282,2,1,LOJ-5523,COND-LOJ-5523,False,True,False,False,False,24,ROBO_DE_ACCESORIOS,
SIN-0287,POL-0287,ASEG-0001,Hogar,Robo,2024-11-07,2024-11-08,14895,Quito,Robo de joyas y equipos electrónicos.,PROV-014,PROV-014,73,292,1,1,,,False,True,False,False,False,24,ROBO,
SIN-0288,POL-0288,ASEG-0066,Vehiculos,Choque,2024-06-16,2024-06-17,14099,Ambato,"Accidente múltiple de madrugada, daños en carrocería.",TALLER-006,TALLER-006,14,351,1,1,MNT-5834,COND-MNT-5834,False,True,False,False,False,24,CHOQUE,
SIN-0289,POL-0289,ASEG-0173,Vehiculos,Pérdida Total,2024-02-02,2024-02-05,4257,Riobamba,Vehículo totalmente siniestrado en volcamiento.,TALLER-001,TALLER-001,14,351,3,1,PIC-3847,COND-PIC-3847,False,True,False,False,False,24,P_RDIDA_TOTAL,
SIN-0290,POL-0290,ASEG-0091,Vehiculos,Choque,2024-10-14,2024-10-16,934,Cuenca,Colisión en tráfico urbano con parte policial y fotografías.,TALLER-013,TALLER-013,144,221,2,0,PIC-2847,COND-PIC-2847,False,True,False,False,False,24,CHOQUE,
SIN-0291,POL-0291,ASEG-0106,Vehiculos,Choque,2024-05-17,2024-05-17,18733,Riobamba,Robo con violencia en domicilio.,TALLER-001,TALLER-001,16,349,0,3,AZY-8812,COND-AZY-8812,False,True,False,False,False,24,CHOQUE,
SIN-0292,POL-0292,ASEG-0124,Vehiculos,Cristales,2024-06-26,2024-07-10,12995,Esmeraldas,Parabrisas fisurado en autopista.,TALLER-012,TALLER-012,19,346,14,1,PIC-2847,COND-PIC-2847,False,True,False,False,False,24,CRISTALES,
SIN-0293,POL-0293,ASEG-0086,Vehiculos,Pérdida Total,2024-04-21,2024-04-23,10144,Quito,Daños irreparables por colisión frontal.,TALLER-013,TALLER-013,59,306,2,0,CHB-9918,COND-CHB-9918,False,True,False,False,False,24,P_RDIDA_TOTAL,
SIN-0294,POL-0294,ASEG-0070,Hogar,Incendio,2024-08-17,2024-08-18,5173,Cuenca,Incendio en cocina con informe de bomberos.,PROV-017,PROV-017,89,276,1,3,,,False,True,False,False,False,24,INCENDIO,
SIN-0295,POL-0295,ASEG-0157,Vehiculos,Responsabilidad Civil,2024-11-08,2024-11-08,602,Esmeraldas,Raspón lateral a vehículo estacionado.,TALLER-015,TALLER-015,85,280,0,0,IBR-4918,COND-IBR-4918,True,True,False,False,False,24,RESPONSABILIDAD_CIVIL,
SIN-0296,POL-0296,ASEG-0183,Vehiculos,Cristales,2024-12-05,2024-12-05,8015,Esmeraldas,Parabrisas fisurado en autopista.,TALLER-008,TALLER-008,299,66,0,1,IBR-7291,COND-IBR-7291,False,True,False,False,False,24,CRISTALES,
SIN-0297,POL-0297,ASEG-0094,Hogar,Daño Estructural,2025-01-13,2025-01-22,20920,Cuenca,Siniestro reportado con documentación.,PROV-018,PROV-018,20,345,9,1,,,False,True,False,False,False,24,DA_O_ESTRUCTURAL,
SIN-0298,POL-0298,ASEG-0183,Hogar,Robo,2025-08-03,2025-08-04,5512,Loja,Sustracción de bienes durante ausencia del hogar.,PROV-020,PROV-020,296,69,1,2,,,False,True,False,False,False,24,ROBO,
SIN-0299,POL-0299,ASEG-0178,Vehiculos,Robo de Accesorios,2025-02-06,2025-02-06,2158,Ibarra,Robo de airbags y pantalla en parqueadero.,TALLER-004,TALLER-004,180,185,0,2,TNB-3847,COND-TNB-3847,False,True,False,False,False,24,ROBO_DE_ACCESORIOS,
SIN-0300,POL-0300,ASEG-0084,Vehiculos,Robo de Accesorios,2024-12-08,2024-12-10,4275,Guayaquil,Sustracción de rines y estéreo durante la noche.,TALLER-003,TALLER-003,115,250,2,2,IBR-4918,COND-IBR-4918,False,True,False,False,False,24,ROBO_DE_ACCESORIOS,
SIN-0301,POL-0301,ASEG-0097,Vehiculos,Robo,2024-09-02,2024-09-04,9937,Cuenca,Sustracción de bienes durante ausencia del hogar.,TALLER-012,TALLER-012,14,351,2,0,MNT-0847,COND-MNT-0847,False,True,False,False,False,24,ROBO,
SIN-0302,POL-0302,ASEG-0012,Vehiculos,Robo de Accesorios,2025-06-07,2025-06-07,7421,Quito,Sustracción de rines y estéreo durante la noche.,TALLER-004,TALLER-004,210,155,0,2,LOJ-1847,COND-LOJ-1847,False,True,False,False,False,24,ROBO_DE_ACCESORIOS,
SIN-0303,POL-0303,ASEG-0056,Hogar,Rotura de Cristales,2025-08-25,2025-08-27,2777,Ibarra,Siniestro reportado con documentación.,PROV-020,PROV-020,282,83,2,0,,,False,True,False,False,False,24,ROTURA_DE_CRISTALES,
SIN-0304,POL-0304,ASEG-0018,Vehiculos,Choque,2024-12-15,2024-12-19,6345,Guayaquil,Sustracción de bienes durante ausencia del hogar.,TALLER-888,TALLER-888,18,347,4,2,GYE-4837,COND-GYE-4837,False,True,False,False,False,24,CHOQUE,
SIN-0305,POL-0305,ASEG-0074,Vehiculos,Pérdida Total,2025-01-15,2025-01-15,16886,Manta,Inundación por lluvias intensas.,TALLER-005,TALLER-005,16,349,0,1,MNT-5834,COND-MNT-5834,False,True,False,False,False,24,P_RDIDA_TOTAL,
SIN-0306,POL-0306,ASEG-0067,Vehiculos,Choque,2024-11-22,2024-11-24,4528,Esmeraldas,"Golpe trasero en cola de tráfico, testigos presentes.",TALLER-001,TALLER-001,14,351,2,0,TNB-1029,COND-TNB-1029,False,True,False,False,False,24,CHOQUE,
SIN-0307,POL-0307,ASEG-0074,Vehiculos,Cristales,2024-09-30,2024-10-02,6823,Loja,Rotura de parabrisas por impacto de piedra.,TALLER-006,TALLER-006,58,307,2,2,AZY-1847,COND-AZY-1847,False,True,False,False,False,24,CRISTALES,
SIN-0308,POL-0308,ASEG-0095,Vehiculos,Robo de Accesorios,2024-12-14,2024-12-15,3879,Quito,Robo de airbags y pantalla en parqueadero.,TALLER-006,TALLER-006,202,163,1,1,PIC-2847,COND-PIC-2847,False,True,False,False,False,24,ROBO_DE_ACCESORIOS,
SIN-0309,POL-0309,ASEG-0085,Vehiculos,Pérdida Total,2024-08-29,2024-08-31,3250,Loja,Daños irreparables por colisión frontal.,TALLER-020,TALLER-020,152,213,2,0,MNT-5834,COND-MNT-5834,False,True,False,False,False,24,P_RDIDA_TOTAL,
SIN-0310,POL-0310,ASEG-0031,Vehiculos,Cristales,2025-02-09,2025-02-09,4674,Riobamba,Parabrisas fisurado en autopista.,TALLER-008,TALLER-008,34,331,0,1,PIC-2847,COND-PIC-2847,False,True,False,False,False,24,CRISTALES,
SIN-0311,POL-0311,ASEG-0061,Vehiculos,Responsabilidad Civil,2024-10-06,2024-10-22,13708,Cuenca,Inundación por lluvias intensas.,TALLER-999,TALLER-999,8,357,16,3,ESM-1234,COND-ESM-1234,True,True,False,False,False,24,RESPONSABILIDAD_CIVIL,
SIN-0312,POL-0312,ASEG-0013,Vehiculos,Responsabilidad Civil,2024-09-20,2024-09-22,7824,Portoviejo,"Impacto posterior en intersección, tercero no identificado.",TALLER-001,TALLER-001,63,302,2,1,GYE-2918,COND-GYE-2918,True,True,False,False,False,24,RESPONSABILIDAD_CIVIL,
SIN-0313,POL-0313,ASEG-0053,Vehiculos,Choque,2024-03-17,2024-03-19,14461,Esmeraldas,Colisión en tráfico urbano con parte policial y fotografías.,TALLER-004,TALLER-004,23,342,2,0,MNT-0847,COND-MNT-0847,False,True,False,False,False,24,CHOQUE,
SIN-0314,POL-0314,ASEG-0078,Vehiculos,Robo,2025-03-28,2025-03-30,4823,Ibarra,Sustracción de bienes durante ausencia del hogar.,TALLER-011,TALLER-011,116,249,2,0,AZY-8812,COND-AZY-8812,False,True,False,False,False,24,ROBO,
SIN-0315,POL-0315,ASEG-0033,Salud,Cirugía,2024-08-19,2024-08-20,2970,Guayaquil,Cirugía programada con historia clínica.,HOSP-005,HOSP-005,90,275,1,1,,,False,True,False,False,False,24,CIRUG_A,
SIN-0316,POL-0316,ASEG-0014,Hogar,Incendio,2025-02-11,2025-02-11,8239,Esmeraldas,Cortocircuito que causó incendio parcial.,PROV-014,PROV-014,14,351,0,1,,,False,True,False,False,False,24,INCENDIO,
SIN-0317,POL-0317,ASEG-0084,Vehiculos,Cristales,2024-04-14,2024-04-16,9278,Quito,Rotura de parabrisas por impacto de piedra.,TALLER-003,TALLER-003,85,280,2,3,LOJ-5523,COND-LOJ-5523,False,True,False,False,False,24,CRISTALES,
SIN-0318,POL-0318,ASEG-0050,Vehiculos,Cristales,2024-03-19,2024-04-04,20960,Riobamba,Daños irreparables por colisión frontal.,TALLER-012,TALLER-012,16,349,16,3,LOJ-2847,COND-LOJ-2847,False,True,False,False,False,24,CRISTALES,
SIN-0319,POL-0319,ASEG-0085,Vehiculos,Robo,2025-03-08,2025-03-12,6986,Ambato,Sustracción de bienes durante ausencia del hogar.,TALLER-008,TALLER-008,76,289,4,1,IBR-3847,COND-IBR-3847,False,True,False,False,False,24,ROBO,
SIN-0320,POL-0320,ASEG-0070,Vehiculos,Cristales,2024-09-18,2024-09-20,18920,Ambato,Vidrio lateral roto por vandalismo.,TALLER-777,TALLER-777,6,359,2,4,PIC-3847,COND-PIC-3847,False,True,False,False,False,24,CRISTALES,
SIN-0321,POL-0321,ASEG-0095,Vehiculos,Robo de Accesorios,2024-04-15,2024-04-16,2348,Manta,Sustracción de rines y estéreo durante la noche.,TALLER-006,TALLER-006,69,296,1,2,AZY-1847,COND-AZY-1847,False,True,False,False,False,24,ROBO_DE_ACCESORIOS,
SIN-0322,POL-0322,ASEG-0013,Vehiculos,Pérdida Total,2024-05-12,2024-05-16,14316,Portoviejo,Rotura de parabrisas por impacto de piedra.,TALLER-013,TALLER-013,45,320,4,2,TNB-1029,COND-TNB-1029,False,True,False,False,False,24,P_RDIDA_TOTAL,
SIN-0323,POL-0323,ASEG-0042,Hogar,Incendio,2025-03-11,2025-03-12,3833,Quito,Incendio estructural por fuga de gas.,PROV-016,PROV-016,132,233,1,2,,,False,True,False,False,False,24,INCENDIO,
SIN-0324,POL-0324,ASEG-0100,Vehiculos,Robo,2024-09-20,2024-09-24,4739,Quito,Robo con violencia en domicilio.,TALLER-008,TALLER-008,14,351,4,3,LOJ-5523,COND-LOJ-5523,False,True,False,False,False,24,ROBO,
SIN-0325,POL-0325,ASEG-0077,Salud,Cirugía,2024-12-29,2025-01-02,8711,Riobamba,Cirugía programada con historia clínica.,PROV-022,PROV-022,50,315,4,0,,,False,True,False,False,False,24,CIRUG_A,
SIN-0326,POL-0326,ASEG-0099,Vehiculos,Cristales,2024-06-30,2024-07-03,3019,Manta,Vidrio lateral roto por vandalismo.,TALLER-013,TALLER-013,40,325,3,1,IBR-3847,COND-IBR-3847,False,True,False,False,False,24,CRISTALES,
SIN-0327,POL-0327,ASEG-0014,Vehiculos,Cristales,2025-08-21,2025-08-21,1637,Quito,Parabrisas fisurado en autopista.,TALLER-007,TALLER-007,323,42,0,2,MNT-2918,COND-MNT-2918,False,True,False,False,False,24,CRISTALES,
SIN-0328,POL-0328,ASEG-0030,Hogar,Robo,2024-10-05,2024-10-06,1052,Loja,Robo con violencia en domicilio.,PROV-016,PROV-016,162,203,1,1,,,False,True,False,False,False,24,ROBO,
SIN-0329,POL-0329,ASEG-0023,Salud,Urgencias,2024-04-15,2024-04-15,13543,Loja,Siniestro reportado con documentación.,PROV-021,PROV-021,36,329,0,1,,,False,True,False,False,False,24,URGENCIAS,
SIN-0330,POL-0330,ASEG-0029,Salud,Consulta Externa,2024-04-25,2024-04-26,71358,Portoviejo,Impacto lateral en intersección con semáforo.,PROV-014,PROV-014,35,330,1,1,,,False,True,False,False,False,24,CONSULTA_EXTERNA,
SIN-0331,POL-0331,ASEG-0075,Vehiculos,Robo,2024-06-09,2024-06-12,11640,Portoviejo,Sustracción de bienes durante ausencia del hogar.,TALLER-004,TALLER-004,84,281,3,4,AZY-1847,COND-AZY-1847,False,True,False,False,False,24,ROBO,
SIN-0332,POL-0332,ASEG-0011,Hogar,Rotura de Cristales,2025-08-20,2025-08-21,17982,Quito,Siniestro reportado con documentación.,PROV-021,PROV-021,243,122,1,0,,,False,True,False,False,False,24,ROTURA_DE_CRISTALES,
SIN-0333,POL-0333,ASEG-0060,Salud,Cirugía,2024-04-18,2024-04-18,19670,Ibarra,Intervención de urgencia con facturas adjuntas.,PROV-020,PROV-020,14,351,0,1,,,False,True,False,False,False,24,CIRUG_A,
SIN-0334,POL-0334,ASEG-0088,Vehiculos,Choque,2024-07-09,2024-07-13,3314,Portoviejo,"Accidente múltiple de madrugada, daños en carrocería.",TALLER-999,TALLER-999,19,346,4,0,AZY-1847,COND-AZY-1847,False,True,False,False,False,24,CHOQUE,
SIN-0335,POL-0335,ASEG-0070,Vehiculos,Choque,2025-02-17,2025-03-07,16440,Riobamba,"Accidente múltiple de madrugada, daños en carrocería.",TALLER-888,TALLER-888,36,329,18,5,CHB-4472,COND-CHB-4472,False,True,False,False,False,24,CHOQUE,
SIN-0336,POL-0336,ASEG-0080,Vehiculos,Responsabilidad Civil,2024-09-04,2024-09-05,1788,Guayaquil,Colisión en rotonda con vehículo de tercero.,TALLER-020,TALLER-020,151,214,1,1,MNT-5834,COND-MNT-5834,True,True,False,False,False,24,RESPONSABILIDAD_CIVIL,
SIN-0337,POL-0337,ASEG-0038,Vehiculos,Pérdida Total,2024-05-17,2024-05-18,1225,Esmeraldas,Daños irreparables por colisión frontal.,TALLER-017,TALLER-017,70,295,1,2,TNB-7291,COND-TNB-7291,False,True,False,False,False,24,P_RDIDA_TOTAL,
SIN-0338,POL-0338,ASEG-0063,Vehiculos,Robo de Accesorios,2024-11-25,2024-11-26,8771,Esmeraldas,Robo de accesorios en zona residencial.,TALLER-015,TALLER-015,49,316,1,4,ESM-4847,COND-ESM-4847,False,True,False,False,False,24,ROBO_DE_ACCESORIOS,
SIN-0339,POL-0339,ASEG-0080,Vehiculos,Robo,2024-06-01,2024-06-03,10654,Esmeraldas,Robo con violencia en domicilio.,TALLER-777,TALLER-777,6,359,2,2,PIC-1234,COND-PIC-1234,False,True,False,False,False,24,ROBO,
SIN-0340,POL-0340,ASEG-0045,Hogar,Incendio,2024-11-08,2024-11-12,20115,Loja,Cortocircuito que causó incendio parcial.,PROV-022,PROV-022,83,282,4,3,,,False,True,False,False,False,24,INCENDIO,
SIN-0341,POL-0341,ASEG-0061,Vehiculos,Responsabilidad Civil,2025-02-26,2025-02-26,5314,Portoviejo,Raspón lateral a vehículo estacionado.,TALLER-008,TALLER-008,81,284,0,4,PIC-9182,COND-PIC-9182,True,True,False,False,False,24,RESPONSABILIDAD_CIVIL,
SIN-0342,POL-0342,ASEG-0042,Vehiculos,Choque,2024-12-24,2024-12-26,7304,Portoviejo,"Golpe trasero en cola de tráfico, testigos presentes.",TALLER-016,TALLER-016,30,335,2,3,IBR-7291,COND-IBR-7291,False,True,False,False,False,24,CHOQUE,
SIN-0343,POL-0343,ASEG-0078,Vehiculos,Robo de Accesorios,2024-04-05,2024-04-08,7459,Esmeraldas,Robo de airbags y pantalla en parqueadero.,TALLER-003,TALLER-003,67,298,3,1,LOJ-8834,COND-LOJ-8834,False,True,False,False,False,24,ROBO_DE_ACCESORIOS,
SIN-0344,POL-0344,ASEG-0095,Vehiculos,Pérdida Total,2024-06-05,2024-06-16,9873,Riobamba,Siniestro reportado con documentación.,TALLER-013,TALLER-013,9,356,11,3,CHB-2847,COND-CHB-2847,False,True,False,False,False,24,P_RDIDA_TOTAL,PTACP20260918473
SIN-0345,POL-0345,ASEG-0001,Salud,Urgencias,2024-09-12,2024-09-13,12651,Ambato,Siniestro reportado con documentación.,PROV-018,PROV-018,43,322,1,2,,,False,True,False,False,False,24,URGENCIAS,
SIN-0346,POL-0346,ASEG-0004,Salud,Hospitalización,2024-06-08,2024-06-23,38705,Cuenca,Hospitalización de emergencia por apendicitis.,PROV-015,PROV-015,25,340,15,3,,,False,True,False,False,False,24,HOSPITALIZACI_N,
SIN-0347,POL-0347,ASEG-0075,Hogar,Daño Estructural,2024-09-23,2024-10-10,20307,Portoviejo,Robo con violencia en domicilio.,PROV-014,PROV-014,43,322,17,5,,,False,True,False,False,False,24,DA_O_ESTRUCTURAL,
SIN-0348,POL-0348,ASEG-0046,Vehiculos,Robo,2024-05-26,2024-05-30,9356,Quito,Impacto lateral en intersección con semáforo.,TALLER-999,TALLER-999,7,358,4,2,CHB-4472,COND-CHB-4472,False,True,False,False,False,24,ROBO,
SIN-0349,POL-0349,ASEG-0035,Vehiculos,Cristales,2024-03-19,2024-03-21,18832,Loja,Robo con violencia en domicilio.,TALLER-777,TALLER-777,29,336,2,0,CHB-5523,COND-CHB-5523,False,True,False,False,False,24,CRISTALES,
SIN-0350,POL-0350,ASEG-0054,Vehiculos,Pérdida Total,2024-10-05,2024-10-07,4499,Guayaquil,Daños irreparables por colisión frontal.,TALLER-006,TALLER-006,219,146,2,0,PIC-9182,COND-PIC-9182,False,True,False,False,False,24,P_RDIDA_TOTAL,
SIN-0351,POL-0351,ASEG-0096,Vehiculos,Choque,2024-08-20,2024-08-20,2570,Manta,"Golpe trasero en cola de tráfico, testigos presentes.",TALLER-020,TALLER-020,167,198,0,1,IBR-7291,COND-IBR-7291,False,True,False,False,False,24,CHOQUE,
SIN-0352,POL-0352,ASEG-0026,Vehiculos,Choque,2025-06-10,2025-06-10,8783,Quito,"Accidente múltiple de madrugada, daños en carrocería.",TALLER-007,TALLER-007,189,176,0,1,AZY-6647,COND-AZY-6647,False,True,False,False,False,24,CHOQUE,
SIN-0353,POL-0353,ASEG-0012,Vehiculos,Robo,2024-10-28,2024-11-01,16041,Ambato,Robo con violencia en domicilio.,TALLER-006,TALLER-006,5,360,4,3,PIC-9182,COND-PIC-9182,False,True,False,False,False,24,ROBO,
SIN-0354,POL-0354,ASEG-0065,Vehiculos,Cristales,2024-09-09,2024-09-10,12899,Riobamba,Rotura de parabrisas por impacto de piedra.,TALLER-004,TALLER-004,65,300,1,3,GYE-7384,COND-GYE-7384,False,True,False,False,False,24,CRISTALES,
SIN-0355,POL-0355,ASEG-0064,Hogar,Daño por Agua,2024-12-10,2024-12-16,15701,Ambato,Fuga de tubería con daños en piso y paredes.,PROV-017,PROV-017,59,306,6,4,,,False,True,False,False,False,24,DA_O_POR_AGUA,
SIN-0356,POL-0356,ASEG-0087,Hogar,Daño por Agua,2024-10-17,2024-10-19,2994,Cuenca,Inundación por lluvias intensas.,PROV-016,PROV-016,284,81,2,1,,,False,True,False,False,False,24,DA_O_POR_AGUA,
SIN-0357,POL-0357,ASEG-0044,Vehiculos,Robo,2025-06-05,2025-06-06,3540,Portoviejo,Robo con violencia en domicilio.,TALLER-015,TALLER-015,315,50,1,0,MNT-7384,COND-MNT-7384,False,True,False,False,False,24,ROBO,
SIN-0358,POL-0358,ASEG-0063,Vehiculos,Robo de Accesorios,2024-03-22,2024-03-22,14358,Ambato,Robo de accesorios en zona residencial.,TALLER-888,TALLER-888,6,359,0,5,GYE-1029,COND-GYE-1029,False,True,False,False,False,24,ROBO_DE_ACCESORIOS,
SIN-0359,POL-0359,ASEG-0098,Vehiculos,Choque,2025-12-07,2025-12-08,6559,Esmeraldas,Colisión en tráfico urbano con parte policial y fotografías.,TALLER-002,TALLER-002,314,51,1,1,SDO-5523,COND-SDO-5523,False,True,False,False,False,24,CHOQUE,
SIN-0360,POL-0360,ASEG-0058,Vehiculos,Responsabilidad Civil,2025-03-17,2025-03-19,5414,Ibarra,Accidente en vía rápida con daño a tercero.,TALLER-020,TALLER-020,215,150,2,0,CHB-9918,COND-CHB-9918,True,True,False,False,False,24,RESPONSABILIDAD_CIVIL,
SIN-0361,POL-0361,ASEG-0072,Vehiculos,Robo,2024-03-25,2024-03-26,10046,Esmeraldas,Robo con violencia en domicilio.,TALLER-015,TALLER-015,56,309,1,0,ESM-1234,COND-ESM-1234,False,True,False,False,False,24,ROBO,
SIN-0362,POL-0362,ASEG-0098,Vehiculos,Cristales,2024-07-25,2024-08-12,8249,Loja,Siniestro reportado con documentación.,TALLER-003,TALLER-003,12,353,18,2,LOJ-8834,COND-LOJ-8834,False,True,False,False,False,24,CRISTALES,
SIN-0363,POL-0363,ASEG-0069,Salud,Consulta Externa,2024-11-11,2024-11-13,28862,Quito,Siniestro reportado con documentación.,PROV-015,PROV-015,80,285,2,1,,,False,True,False,False,False,24,CONSULTA_EXTERNA,
SIN-0364,POL-0364,ASEG-0089,Vehiculos,Cristales,2024-08-18,2024-08-19,8015,Manta,Vidrio lateral roto por vandalismo.,TALLER-007,TALLER-007,58,307,1,1,MNT-5834,COND-MNT-5834,False,True,False,False,False,24,CRISTALES,
SIN-0365,POL-0365,ASEG-0039,Salud,Maternidad,2024-05-17,2024-06-03,40824,Ibarra,Siniestro reportado con documentación.,PROV-019,PROV-019,22,343,17,3,,,False,True,False,False,False,24,MATERNIDAD,
SIN-0366,POL-0366,ASEG-0085,Salud,Maternidad,2024-04-26,2024-04-26,23487,Loja,Siniestro reportado con documentación.,PROV-021,PROV-021,14,351,0,2,,,False,True,False,False,False,24,MATERNIDAD,
SIN-0367,POL-0367,ASEG-0082,Vehiculos,Robo de Accesorios,2025-03-14,2025-03-15,7350,Portoviejo,Robo de accesorios en zona residencial.,TALLER-017,TALLER-017,45,320,1,1,TNB-1029,COND-TNB-1029,False,True,False,False,False,24,ROBO_DE_ACCESORIOS,
SIN-0368,POL-0368,ASEG-0082,Vehiculos,Robo,2024-11-12,2024-11-13,1826,Ibarra,Robo con violencia en domicilio.,TALLER-018,TALLER-018,180,185,1,2,LOJ-2847,COND-LOJ-2847,False,True,False,False,False,24,ROBO,
SIN-0369,POL-0369,ASEG-0055,Vehiculos,Cristales,2024-11-01,2024-11-03,3649,Quito,Vidrio lateral roto por vandalismo.,TALLER-002,TALLER-002,202,163,2,0,MNT-7384,COND-MNT-7384,False,True,False,False,False,24,CRISTALES,
SIN-0370,POL-0370,ASEG-0009,Vehiculos,Pérdida Total,2024-12-17,2024-12-21,6324,Loja,Humedad por filtración desde techo.,TALLER-011,TALLER-011,8,357,4,2,TNB-7291,COND-TNB-7291,False,True,False,False,False,24,P_RDIDA_TOTAL,
SIN-0371,POL-0371,ASEG-0099,Vehiculos,Responsabilidad Civil,2024-11-09,2024-11-09,12968,Loja,Raspón lateral a vehículo estacionado.,TALLER-002,TALLER-002,14,351,0,2,AZY-5573,COND-AZY-5573,True,True,False,False,False,24,RESPONSABILIDAD_CIVIL,
SIN-0372,POL-0372,ASEG-0041,Vehiculos,Robo de Accesorios,2024-10-01,2024-10-13,6110,Ibarra,Sustracción de rines y estéreo durante la noche.,TALLER-002,TALLER-002,31,334,12,1,RIO-2918,COND-RIO-2918,False,True,False,False,False,24,ROBO_DE_ACCESORIOS,
SIN-0373,POL-0373,ASEG-0033,Hogar,Rotura de Cristales,2024-10-07,2024-10-09,15665,Ibarra,Siniestro reportado con documentación.,PROV-018,PROV-018,122,243,2,2,,,False,True,False,False,False,24,ROTURA_DE_CRISTALES,
SIN-0374,POL-0374,ASEG-0039,Hogar,Incendio,2024-08-30,2024-09-01,26043,Cuenca,Accidente en vía rápida con daño a tercero.,PROV-016,PROV-016,18,347,2,4,,,False,True,False,False,False,24,INCENDIO,
SIN-0375,POL-0375,ASEG-0078,Hogar,Rotura de Cristales,2025-01-21,2025-01-23,12114,Loja,Siniestro reportado con documentación.,PROV-019,PROV-019,154,211,2,2,,,False,True,False,False,False,24,ROTURA_DE_CRISTALES,
SIN-0376,POL-0376,ASEG-0021,Vehiculos,Robo,2025-01-14,2025-01-18,5887,Esmeraldas,Sustracción de bienes durante ausencia del hogar.,TALLER-007,TALLER-007,14,351,4,2,AZY-5573,COND-AZY-5573,False,True,False,False,False,24,ROBO,
SIN-0377,POL-0377,ASEG-0024,Vehiculos,Pérdida Total,2024-11-16,2024-11-21,14316,Ibarra,Daños irreparables por colisión frontal.,TALLER-017,TALLER-017,28,337,5,4,TNB-0192,COND-TNB-0192,False,True,False,False,False,24,P_RDIDA_TOTAL,
SIN-0378,POL-0378,ASEG-0073,Vehiculos,Choque,2025-01-15,2025-01-27,26016,Quito,Colisión en tráfico urbano con parte policial y fotografías.,TALLER-007,TALLER-007,13,352,12,5,PIC-5519,COND-PIC-5519,False,True,False,False,False,24,CHOQUE,
SIN-0379,POL-0379,ASEG-0054,Vehiculos,Robo,2024-12-30,2024-12-30,2564,Ibarra,Sustracción de bienes durante ausencia del hogar.,TALLER-013,TALLER-013,290,75,0,1,ESM-1234,COND-ESM-1234,False,True,False,False,False,24,ROBO,
SIN-0380,POL-0380,ASEG-0092,Vehiculos,Pérdida Total,2025-04-11,2025-04-11,4088,Ibarra,Vehículo totalmente siniestrado en volcamiento.,TALLER-001,TALLER-001,90,275,0,1,RIO-2918,COND-RIO-2918,False,True,False,False,False,24,P_RDIDA_TOTAL,
SIN-0381,POL-0381,ASEG-0039,Vehiculos,Pérdida Total,2024-03-26,2024-04-05,22749,Loja,Daños irreparables por colisión frontal.,TALLER-888,TALLER-888,18,347,10,5,AZY-5573,COND-AZY-5573,False,True,False,False,False,24,P_RDIDA_TOTAL,
SIN-0382,POL-0382,ASEG-0037,Salud,Consulta Externa,2025-06-17,2025-06-18,9656,Portoviejo,Siniestro reportado con documentación.,HOSP-001,HOSP-001,144,221,1,1,,,False,True,False,False,False,24,CONSULTA_EXTERNA,
SIN-0383,POL-0383,ASEG-0030,Vehiculos,Robo,2024-12-25,2024-12-26,3351,Quito,Robo de joyas y equipos electrónicos.,TALLER-004,TALLER-004,119,246,1,2,ESM-1234,COND-ESM-1234,False,True,False,False,False,24,ROBO,
SIN-0384,POL-0384,ASEG-0045,Vehiculos,Choque,2024-06-08,2024-06-08,7080,Manta,Colisión en tráfico urbano con parte policial y fotografías.,TALLER-006,TALLER-006,14,351,0,4,ESM-1234,COND-ESM-1234,False,True,False,False,False,24,CHOQUE,
SIN-0385,POL-0385,ASEG-0099,Vehiculos,Pérdida Total,2024-07-25,2024-07-25,5543,Guayaquil,Daños irreparables por colisión frontal.,TALLER-888,TALLER-888,38,327,0,3,PIC-9182,COND-PIC-9182,False,True,False,False,False,24,P_RDIDA_TOTAL,
SIN-0386,POL-0386,ASEG-0077,Hogar,Robo,2024-05-28,2024-05-28,14745,Loja,Sustracción de bienes durante ausencia del hogar.,PROV-022,PROV-022,126,239,0,1,,,False,True,False,False,False,24,ROBO,
SIN-0387,POL-0387,ASEG-0052,Salud,Consulta Externa,2024-05-31,2024-06-05,33169,Cuenca,Siniestro reportado con documentación.,PROV-018,PROV-018,29,336,5,0,,,False,True,False,False,False,24,CONSULTA_EXTERNA,
SIN-0388,POL-0388,ASEG-0046,Vehiculos,Cristales,2024-09-19,2024-09-19,14947,Guayaquil,Rotura de parabrisas por impacto de piedra.,TALLER-017,TALLER-017,74,291,0,3,AZY-6647,COND-AZY-6647,False,True,False,False,False,24,CRISTALES,
SIN-0389,POL-0389,ASEG-0060,Hogar,Incendio,2025-04-06,2025-04-07,14418,Cuenca,Incendio estructural por fuga de gas.,PROV-018,PROV-018,208,157,1,2,,,False,True,False,False,False,24,INCENDIO,
SIN-0390,POL-0390,ASEG-0038,Salud,Maternidad,2024-10-25,2024-10-27,12098,Quito,Daños irreparables por colisión frontal.,PROV-015,PROV-015,16,349,2,3,,,False,True,False,False,False,24,MATERNIDAD,
SIN-0391,POL-0391,ASEG-0051,Vehiculos,Choque,2024-10-03,2024-10-03,4992,Guayaquil,Colisión en tráfico urbano con parte policial y fotografías.,TALLER-004,TALLER-004,63,302,0,0,GYE-7384,COND-GYE-7384,False,True,False,False,False,24,CHOQUE,
SIN-0392,POL-0392,ASEG-0051,Salud,Hospitalización,2024-06-02,2024-06-04,39328,Quito,Hospitalización por cuadro febril agudo.,PROV-015,PROV-015,66,299,2,1,,,False,True,False,False,False,24,HOSPITALIZACI_N,
SIN-0393,POL-0393,ASEG-0025,Vehiculos,Choque,2025-05-05,2025-05-07,5778,Quito,"Golpe trasero en cola de tráfico, testigos presentes.",TALLER-012,TALLER-012,134,231,2,2,TNB-3847,COND-TNB-3847,False,True,False,False,False,24,CHOQUE,
SIN-0394,POL-0394,ASEG-0061,Hogar,Daño Estructural,2024-03-11,2024-03-13,17733,Quito,Siniestro reportado con documentación.,PROV-019,PROV-019,11,354,2,5,,,False,True,False,False,False,24,DA_O_ESTRUCTURAL,
SIN-0395,POL-0395,ASEG-0005,Salud,Urgencias,2024-12-01,2024-12-01,21632,Ibarra,Siniestro reportado con documentación.,PROV-020,PROV-020,87,278,0,1,,,False,True,False,False,False,24,URGENCIAS,
SIN-0396,POL-0396,ASEG-0064,Salud,Maternidad,2024-09-13,2024-09-17,38151,Loja,Siniestro reportado con documentación.,PROV-021,PROV-021,27,338,4,5,,,False,True,False,False,False,24,MATERNIDAD,
SIN-0397,POL-0397,ASEG-0087,Vehiculos,Cristales,2024-12-11,2024-12-13,1332,Loja,Rotura de parabrisas por impacto de piedra.,TALLER-020,TALLER-020,104,261,2,2,IBR-7291,COND-IBR-7291,False,True,False,False,False,24,CRISTALES,
SIN-0398,POL-0398,ASEG-0072,Vehiculos,Choque,2025-05-15,2025-05-15,3212,Quito,"Accidente múltiple de madrugada, daños en carrocería.",TALLER-020,TALLER-020,317,48,0,1,TNB-7291,COND-TNB-7291,False,True,False,False,False,24,CHOQUE,
SIN-0399,POL-0399,ASEG-0099,Hogar,Robo,2024-06-04,2024-06-04,14822,Esmeraldas,Robo de joyas y equipos electrónicos.,PROV-015,PROV-015,19,346,0,4,,,False,True,False,False,False,24,ROBO,
SIN-0400,POL-0400,ASEG-0081,Vehiculos,Choque,2024-07-18,2024-07-18,4405,Manta,Colisión en tráfico urbano con parte policial y fotografías.,TALLER-018,TALLER-018,14,351,0,1,AZY-8812,COND-AZY-8812,False,True,False,False,False,24,CHOQUE,
SIN-0401,POL-0401,ASEG-0061,Vehiculos,Responsabilidad Civil,2024-10-30,2024-10-31,9397,Ambato,Colisión en tráfico urbano con parte policial y fotografías.,TALLER-018,TALLER-018,45,320,1,6,TNB-2291,COND-TNB-2291,True,True,False,False,False,24,RESPONSABILIDAD_CIVIL,
SIN-0402,POL-0402,ASEG-0004,Vehiculos,Pérdida Total,2025-03-30,2025-03-31,2460,Cuenca,Vehículo totalmente siniestrado en volcamiento.,TALLER-005,TALLER-005,60,305,1,4,LOJ-5523,COND-LOJ-5523,False,True,False,False,False,24,P_RDIDA_TOTAL,
SIN-0403,POL-0403,ASEG-0081,Vehiculos,Cristales,2024-06-14,2024-06-15,7654,Esmeraldas,Parabrisas fisurado en autopista.,TALLER-016,TALLER-016,14,351,1,2,AZY-2918,COND-AZY-2918,False,True,False,False,False,24,CRISTALES,
SIN-0404,POL-0404,ASEG-0070,Salud,Maternidad,2024-12-16,2024-12-26,29108,Portoviejo,Siniestro reportado con documentación.,PROV-015,PROV-015,17,348,10,6,,,False,True,False,False,False,24,MATERNIDAD,
SIN-0405,POL-0405,ASEG-0003,Vehiculos,Choque,2024-11-26,2024-11-27,7697,Esmeraldas,"Accidente múltiple de madrugada, daños en carrocería.",TALLER-004,TALLER-004,27,338,1,1,SDO-1847,COND-SDO-1847,False,True,False,False,False,24,CHOQUE,
SIN-0406,POL-0406,ASEG-0059,Vehiculos,Responsabilidad Civil,2025-02-26,2025-03-15,19060,Manta,Colisión en rotonda con vehículo de tercero.,TALLER-999,TALLER-999,41,324,17,3,AZY-1847,COND-AZY-1847,True,True,False,False,False,24,RESPONSABILIDAD_CIVIL,
SIN-0407,POL-0407,ASEG-0059,Vehiculos,Choque,2025-02-15,2025-02-21,10711,Cuenca,"Accidente múltiple de madrugada, daños en carrocería.",TALLER-016,TALLER-016,47,318,6,4,PIC-1234,COND-PIC-1234,False,True,False,False,False,24,CHOQUE,
SIN-0408,POL-0408,ASEG-0082,Vehiculos,Pérdida Total,2025-01-23,2025-01-24,7382,Riobamba,Vehículo destruido en accidente de tránsito.,TALLER-004,TALLER-004,36,329,1,3,PIC-1234,COND-PIC-1234,False,True,False,False,False,24,P_RDIDA_TOTAL,
SIN-0409,POL-0409,ASEG-0061,Vehiculos,Choque,2024-11-20,2024-11-22,15193,Cuenca,"Golpe trasero en cola de tráfico, testigos presentes.",TALLER-888,TALLER-888,38,327,2,7,LOJ-2847,COND-LOJ-2847,False,True,False,False,False,24,CHOQUE,
SIN-0410,POL-0410,ASEG-0019,Vehiculos,Robo,2025-02-24,2025-02-24,2746,Portoviejo,Sustracción de bienes durante ausencia del hogar.,TALLER-002,TALLER-002,205,160,0,0,SDO-1847,COND-SDO-1847,False,True,False,False,False,24,ROBO,
SIN-0411,POL-0411,ASEG-0073,Vehiculos,Pérdida Total,2025-03-10,2025-03-25,13937,Loja,Parabrisas fisurado en autopista.,TALLER-888,TALLER-888,34,331,15,6,AZY-1847,COND-AZY-1847,False,True,False,False,False,24,P_RDIDA_TOTAL,
SIN-0412,POL-0412,ASEG-0050,Vehiculos,Robo,2024-07-06,2024-07-08,8623,Ibarra,Robo con violencia en domicilio.,TALLER-012,TALLER-012,14,351,2,4,TNB-3847,COND-TNB-3847,False,True,False,False,False,24,ROBO,
SIN-0413,POL-0413,ASEG-0083,Vehiculos,Robo de Accesorios,2024-07-01,2024-07-04,17329,Guayaquil,Sustracción de rines y estéreo durante la noche.,TALLER-011,TALLER-011,84,281,3,2,GYE-2918,COND-GYE-2918,False,True,False,False,False,24,ROBO_DE_ACCESORIOS,
SIN-0414,POL-0414,ASEG-0091,Salud,Maternidad,2024-05-06,2024-05-07,2972,Riobamba,Siniestro reportado con documentación.,HOSP-004,HOSP-004,83,282,1,1,,,False,True,False,False,False,24,MATERNIDAD,
SIN-0415,POL-0415,ASEG-0013,Salud,Maternidad,2024-08-06,2024-08-08,13951,Cuenca,Siniestro reportado con documentación.,PROV-014,PROV-014,72,293,2,3,,,False,True,False,False,False,24,MATERNIDAD,
SIN-0416,POL-0416,ASEG-0041,Vehiculos,Robo,2024-06-26,2024-06-30,16031,Ibarra,Sustracción de bienes durante ausencia del hogar.,TALLER-016,TALLER-016,12,353,4,2,PIC-7291,COND-PIC-7291,False,True,False,False,False,24,ROBO,
SIN-0417,POL-0417,ASEG-0071,Salud,Urgencias,2024-11-12,2024-11-13,5606,Guayaquil,Siniestro reportado con documentación.,HOSP-003,HOSP-003,69,296,1,2,,,False,True,False,False,False,24,URGENCIAS,
SIN-0418,POL-0418,ASEG-0011,Salud,Maternidad,2025-02-25,2025-02-25,20532,Manta,Hospitalización por cuadro febril agudo.,PROV-018,PROV-018,21,344,0,1,,,False,True,False,False,False,24,MATERNIDAD,
SIN-0419,POL-0419,ASEG-0035,Vehiculos,Robo de Accesorios,2024-12-21,2024-12-23,16973,Ambato,Sustracción de bienes durante ausencia del hogar.,TALLER-011,TALLER-011,7,358,2,1,SDO-1847,COND-SDO-1847,False,True,False,False,False,24,ROBO_DE_ACCESORIOS,
SIN-0420,POL-0420,ASEG-0088,Hogar,Daño por Agua,2025-09-01,2025-09-02,17327,Ambato,Inundación por lluvias intensas.,PROV-014,PROV-014,224,141,1,1,,,False,True,False,False,False,24,DA_O_POR_AGUA,
SIN-0421,POL-0421,ASEG-0002,Vehiculos,Cristales,2024-08-28,2024-08-30,15154,Cuenca,Vidrio lateral roto por vandalismo.,TALLER-004,TALLER-004,29,336,2,1,AZY-2918,COND-AZY-2918,False,True,False,False,False,24,CRISTALES,
SIN-0422,POL-0422,ASEG-0050,Vehiculos,Robo,2024-03-20,2024-03-21,10787,Quito,Robo de joyas y equipos electrónicos.,TALLER-999,TALLER-999,16,349,1,5,SDO-5523,COND-SDO-5523,False,True,False,False,False,24,ROBO,
SIN-0423,POL-0423,ASEG-0064,Vehiculos,Cristales,2024-05-12,2024-05-16,6372,Portoviejo,Robo con violencia en domicilio.,TALLER-999,TALLER-999,25,340,4,6,IBR-3847,COND-IBR-3847,False,True,False,False,False,24,CRISTALES,
SIN-0424,POL-0424,ASEG-0096,Vehiculos,Choque,2024-05-25,2024-06-12,17881,Cuenca,"Golpe trasero en cola de tráfico, testigos presentes.",TALLER-002,TALLER-002,13,352,18,2,TNB-0192,COND-TNB-0192,False,True,False,False,False,24,CHOQUE,
SIN-0425,POL-0425,ASEG-0016,Hogar,Rotura de Cristales,2025-03-03,2025-03-03,5305,Riobamba,Siniestro reportado con documentación.,PROV-019,PROV-019,174,191,0,1,,,False,True,False,False,False,24,ROTURA_DE_CRISTALES,
SIN-0426,POL-0426,ASEG-0089,Vehiculos,Pérdida Total,2024-08-24,2024-08-24,5569,Guayaquil,Vehículo destruido en accidente de tránsito.,TALLER-011,TALLER-011,109,256,0,2,CHB-9918,COND-CHB-9918,False,True,False,False,False,24,P_RDIDA_TOTAL,
SIN-0427,POL-0427,ASEG-0031,Vehiculos,Responsabilidad Civil,2024-06-26,2024-07-04,27160,Quito,Robo de joyas y equipos electrónicos.,TALLER-003,TALLER-003,7,358,8,2,PIC-8847,COND-PIC-8847,True,True,False,False,False,24,RESPONSABILIDAD_CIVIL,
SIN-0428,POL-0428,ASEG-0039,Vehiculos,Robo de Accesorios,2024-02-21,2024-02-22,7026,Ibarra,Sustracción de bienes durante ausencia del hogar.,TALLER-001,TALLER-001,18,347,1,6,AZY-8812,COND-AZY-8812,False,True,False,False,False,24,ROBO_DE_ACCESORIOS,
SIN-0429,POL-0429,ASEG-0044,Vehiculos,Cristales,2024-12-10,2024-12-10,1895,Quito,Vidrio lateral roto por vandalismo.,TALLER-011,TALLER-011,112,253,0,1,IBR-1029,COND-IBR-1029,False,True,False,False,False,24,CRISTALES,
SIN-0430,POL-0430,ASEG-0093,Vehiculos,Robo de Accesorios,2024-06-29,2024-07-04,8397,Riobamba,Robo de airbags y pantalla en parqueadero.,TALLER-020,TALLER-020,85,280,5,3,TNB-0192,COND-TNB-0192,False,True,False,False,False,24,ROBO_DE_ACCESORIOS,
SIN-0431,POL-0431,ASEG-0038,Hogar,Daño por Agua,2024-11-25,2024-11-29,16596,Quito,Humedad por filtración desde techo.,PROV-019,PROV-019,64,301,4,4,,,False,True,False,False,False,24,DA_O_POR_AGUA,
SIN-0432,POL-0432,ASEG-0089,Vehiculos,Cristales,2025-01-15,2025-01-16,8180,Riobamba,Rotura de parabrisas por impacto de piedra.,TALLER-020,TALLER-020,73,292,1,3,TNB-0192,COND-TNB-0192,False,True,False,False,False,24,CRISTALES,
SIN-0433,POL-0433,ASEG-0089,Vehiculos,Robo,2024-11-29,2024-12-03,8086,Riobamba,Robo de joyas y equipos electrónicos.,TALLER-003,TALLER-003,14,351,4,4,MNT-2918,COND-MNT-2918,False,True,False,False,False,24,ROBO,
SIN-0434,POL-0434,ASEG-0019,Vehiculos,Responsabilidad Civil,2024-06-23,2024-06-23,3342,Riobamba,Colisión en rotonda con vehículo de tercero.,TALLER-008,TALLER-008,75,290,0,1,LOJ-1847,COND-LOJ-1847,True,True,False,False,False,24,RESPONSABILIDAD_CIVIL,
SIN-0435,POL-0435,ASEG-0023,Vehiculos,Responsabilidad Civil,2024-02-26,2024-02-27,4552,Guayaquil,"Impacto posterior en intersección, tercero no identificado.",TALLER-017,TALLER-017,46,319,1,2,TNB-4918,COND-TNB-4918,True,True,False,False,False,24,RESPONSABILIDAD_CIVIL,
SIN-0436,POL-0436,ASEG-0019,Vehiculos,Robo,2025-01-12,2025-01-14,1650,Manta,Robo de joyas y equipos electrónicos.,TALLER-005,TALLER-005,279,86,2,2,MNT-0847,COND-MNT-0847,False,True,False,False,False,24,ROBO,
SIN-0437,POL-0437,ASEG-0081,Vehiculos,Responsabilidad Civil,2024-10-01,2024-10-01,11575,Cuenca,Accidente en vía rápida con daño a tercero.,TALLER-015,TALLER-015,14,351,0,3,CHB-1029,COND-CHB-1029,True,True,False,False,False,24,RESPONSABILIDAD_CIVIL,
SIN-0438,POL-0438,ASEG-0042,Vehiculos,Cristales,2024-10-10,2024-10-12,8170,Loja,Vidrio lateral roto por vandalismo.,TALLER-016,TALLER-016,14,351,2,4,LOJ-8834,COND-LOJ-8834,False,True,False,False,False,24,CRISTALES,
SIN-0439,POL-0439,ASEG-0049,Hogar,Rotura de Cristales,2024-10-21,2024-10-22,4603,Cuenca,Siniestro reportado con documentación.,PROV-020,PROV-020,103,262,1,2,,,False,True,False,False,False,24,ROTURA_DE_CRISTALES,
SIN-0440,POL-0440,ASEG-0053,Vehiculos,Responsabilidad Civil,2024-12-07,2024-12-08,3370,Riobamba,"Impacto posterior en intersección, tercero no identificado.",TALLER-011,TALLER-011,179,186,1,1,IBR-7291,COND-IBR-7291,True,True,False,False,False,24,RESPONSABILIDAD_CIVIL,
SIN-0441,POL-0441,ASEG-0010,Hogar,Daño por Agua,2024-10-20,2024-10-20,11985,Quito,Inundación por lluvias intensas.,PROV-022,PROV-022,14,351,0,1,,,False,True,False,False,False,24,DA_O_POR_AGUA,
SIN-0442,POL-0442,ASEG-0099,Vehiculos,Responsabilidad Civil,2024-08-01,2024-08-11,15464,Ambato,Accidente en vía rápida con daño a tercero.,TALLER-007,TALLER-007,36,329,10,5,LOJ-2847,COND-LOJ-2847,True,True,False,False,False,24,RESPONSABILIDAD_CIVIL,
SIN-0443,POL-0443,ASEG-0011,Vehiculos,Responsabilidad Civil,2024-10-21,2024-10-22,8761,Manta,Colisión en rotonda con vehículo de tercero.,TALLER-015,TALLER-015,75,290,1,2,CHB-9918,COND-CHB-9918,True,True,False,False,False,24,RESPONSABILIDAD_CIVIL,
SIN-0444,POL-0444,ASEG-0055,Vehiculos,Cristales,2025-03-05,2025-03-06,14831,Ibarra,Rotura de parabrisas por impacto de piedra.,TALLER-016,TALLER-016,39,326,1,1,LOJ-1847,COND-LOJ-1847,False,True,False,False,False,24,CRISTALES,
SIN-0445,POL-0445,ASEG-0009,Hogar,Rotura de Cristales,2024-04-20,2024-04-20,14586,Ibarra,Siniestro reportado con documentación.,PROV-021,PROV-021,14,351,0,3,,,False,True,False,False,False,24,ROTURA_DE_CRISTALES,
SIN-0446,POL-0446,ASEG-0009,Vehiculos,Pérdida Total,2024-07-10,2024-07-10,8263,Ambato,Vehículo totalmente siniestrado en volcamiento.,TALLER-004,TALLER-004,86,279,0,4,CHB-4472,COND-CHB-4472,False,True,False,False,False,24,P_RDIDA_TOTAL,
SIN-0447,POL-0447,ASEG-0062,Vehiculos,Cristales,2025-04-25,2025-04-27,1576,Guayaquil,Rotura de parabrisas por impacto de piedra.,TALLER-018,TALLER-018,281,84,2,1,TNB-3847,COND-TNB-3847,False,True,False,False,False,24,CRISTALES,
SIN-0448,POL-0448,ASEG-0019,Vehiculos,Pérdida Total,2024-08-06,2024-08-24,21250,Guayaquil,Siniestro reportado con documentación.,TALLER-012,TALLER-012,14,351,18,3,GYE-8834,COND-GYE-8834,False,True,False,False,False,24,P_RDIDA_TOTAL,
SIN-0449,POL-0449,ASEG-0054,Salud,Cirugía,2025-04-14,2025-04-16,16108,Cuenca,Operación electiva con autorización previa.,HOSP-003,HOSP-003,153,212,2,2,,,False,True,False,False,False,24,CIRUG_A,
SIN-0450,POL-0450,ASEG-0086,Salud,Hospitalización,2024-09-23,2024-09-25,18205,Manta,Hospitalización por cuadro febril agudo.,PROV-017,PROV-017,14,351,2,1,,,False,True,False,False,False,24,HOSPITALIZACI_N,
SIN-0451,POL-0451,ASEG-0004,Vehiculos,Choque,2024-07-29,2024-08-03,18593,Riobamba,"Golpe trasero en cola de tráfico, testigos presentes.",TALLER-777,TALLER-777,15,350,5,5,AZY-6647,COND-AZY-6647,False,True,False,False,False,24,CHOQUE,
SIN-0452,POL-0452,ASEG-0061,Hogar,Daño por Agua,2024-04-19,2024-04-24,46663,Cuenca,Fuga de tubería con daños en piso y paredes.,PROV-021,PROV-021,22,343,5,8,,,False,True,False,False,False,24,DA_O_POR_AGUA,
SIN-0453,POL-0453,ASEG-0057,Vehiculos,Cristales,2025-01-19,2025-01-25,7045,Quito,Rotura de parabrisas por impacto de piedra.,TALLER-008,TALLER-008,59,306,6,3,CHB-1029,COND-CHB-1029,False,True,False,False,False,24,CRISTALES,
SIN-0454,POL-0454,ASEG-0012,Vehiculos,Choque,2024-01-25,2024-01-30,3667,Ibarra,Impacto lateral en intersección con semáforo.,TALLER-013,TALLER-013,10,355,5,4,AZY-8812,COND-AZY-8812,False,True,False,False,False,24,CHOQUE,
SIN-0455,POL-0455,ASEG-0055,Salud,Hospitalización,2025-01-09,2025-01-11,3991,Manta,Hospitalización por cuadro febril agudo.,HOSP-005,HOSP-005,265,100,2,2,,,False,True,False,False,False,24,HOSPITALIZACI_N,
SIN-0456,POL-0456,ASEG-0028,Vehiculos,Pérdida Total,2025-02-11,2025-02-16,19311,Ambato,"Accidente múltiple de madrugada, daños en carrocería.",TALLER-005,TALLER-005,15,350,5,4,TNB-6629,COND-TNB-6629,False,True,False,False,False,24,P_RDIDA_TOTAL,
SIN-0457,POL-0457,ASEG-0043,Salud,Hospitalización,2024-11-16,2024-11-16,25781,Portoviejo,Hospitalización por cuadro febril agudo.,PROV-020,PROV-020,21,344,0,1,,,False,True,False,False,False,24,HOSPITALIZACI_N,
SIN-0458,POL-0458,ASEG-0008,Hogar,Incendio,2024-11-30,2024-11-30,7130,Loja,Cortocircuito que causó incendio parcial.,PROV-016,PROV-016,79,286,0,2,,,False,True,False,False,False,24,INCENDIO,
SIN-0459,POL-0459,ASEG-0067,Vehiculos,Pérdida Total,2025-02-02,2025-02-04,4569,Ambato,Daños irreparables por colisión frontal.,TALLER-008,TALLER-008,14,351,2,1,GYE-1029,COND-GYE-1029,False,True,False,False,False,24,P_RDIDA_TOTAL,
SIN-0460,POL-0460,ASEG-0024,Hogar,Daño Estructural,2024-02-27,2024-02-27,39584,Quito,Siniestro reportado con documentación.,PROV-017,PROV-017,24,341,0,5,,,False,True,False,False,False,24,DA_O_ESTRUCTURAL,
SIN-0461,POL-0461,ASEG-0022,Hogar,Incendio,2025-05-21,2025-05-23,7871,Manta,Incendio en cocina con informe de bomberos.,PROV-020,PROV-020,289,76,2,1,,,False,True,False,False,False,24,INCENDIO,
SIN-0462,POL-0462,ASEG-0057,Vehiculos,Pérdida Total,2024-11-22,2024-12-09,12936,Esmeraldas,Daños irreparables por colisión frontal.,TALLER-011,TALLER-011,14,351,17,4,GYE-1029,COND-GYE-1029,False,True,False,False,False,24,P_RDIDA_TOTAL,
SIN-0463,POL-0463,ASEG-0072,Salud,Maternidad,2024-06-24,2024-06-24,15731,Riobamba,Siniestro reportado con documentación.,HOSP-004,HOSP-004,139,226,0,2,,,False,True,False,False,False,24,MATERNIDAD,
SIN-0464,POL-0464,ASEG-0063,Hogar,Daño por Agua,2024-03-02,2024-03-03,20010,Portoviejo,Siniestro reportado con documentación.,PROV-019,PROV-019,25,340,1,6,,,False,True,False,False,False,24,DA_O_POR_AGUA,
SIN-0465,POL-0465,ASEG-0084,Vehiculos,Pérdida Total,2025-01-25,2025-01-27,5121,Ibarra,Vehículo destruido en accidente de tránsito.,TALLER-005,TALLER-005,14,351,2,4,IBR-4918,COND-IBR-4918,False,True,False,False,False,24,P_RDIDA_TOTAL,
SIN-0466,POL-0466,ASEG-0002,Vehiculos,Choque,2025-01-08,2025-01-09,8786,Guayaquil,"Accidente múltiple de madrugada, daños en carrocería.",TALLER-016,TALLER-016,44,321,1,2,AZY-8812,COND-AZY-8812,False,True,False,False,False,24,CHOQUE,
SIN-0467,POL-0467,ASEG-0097,Vehiculos,Cristales,2024-07-07,2024-07-08,12639,Guayaquil,Rotura de parabrisas por impacto de piedra.,TALLER-020,TALLER-020,133,232,1,1,AZY-1847,COND-AZY-1847,False,True,False,False,False,24,CRISTALES,
SIN-0468,POL-0468,ASEG-0100,Vehiculos,Cristales,2024-12-01,2024-12-01,7024,Ibarra,Rotura de parabrisas por impacto de piedra.,TALLER-018,TALLER-018,67,298,0,4,RIO-2918,COND-RIO-2918,False,True,False,False,False,24,CRISTALES,
SIN-0469,POL-0469,ASEG-0026,Vehiculos,Choque,2025-01-30,2025-02-11,11558,Cuenca,Accidente en vía rápida con daño a tercero.,TALLER-013,TALLER-013,7,358,12,2,MNT-0847,COND-MNT-0847,False,True,False,False,False,24,CHOQUE,
SIN-0470,POL-0470,ASEG-0002,Salud,Hospitalización,2025-03-07,2025-03-09,7629,Ambato,Internación por accidente doméstico.,PROV-021,PROV-021,47,318,2,3,,,False,True,False,False,False,24,HOSPITALIZACI_N,
SIN-0471,POL-0471,ASEG-0044,Hogar,Daño por Agua,2025-03-01,2025-03-02,21993,Loja,Inundación por lluvias intensas.,PROV-021,PROV-021,264,101,1,2,,,False,True,False,False,False,24,DA_O_POR_AGUA,
SIN-0472,POL-0472,ASEG-0004,Vehiculos,Robo de Accesorios,2024-11-08,2024-11-26,12680,Guayaquil,Robo de accesorios en zona residencial.,TALLER-007,TALLER-007,41,324,18,6,AZY-6647,COND-AZY-6647,False,True,False,False,False,24,ROBO_DE_ACCESORIOS,
SIN-0473,POL-0473,ASEG-0095,Hogar,Daño por Agua,2024-07-12,2024-07-13,19249,Riobamba,Humedad por filtración desde techo.,PROV-020,PROV-020,74,291,1,4,,,False,True,False,False,False,24,DA_O_POR_AGUA,
SIN-0474,POL-0474,ASEG-0092,Vehiculos,Robo,2025-01-31,2025-02-01,12557,Esmeraldas,Robo con violencia en domicilio.,TALLER-004,TALLER-004,104,261,1,2,ESM-1234,COND-ESM-1234,False,True,False,False,False,24,ROBO,
SIN-0475,POL-0475,ASEG-0032,Vehiculos,Robo,2025-02-21,2025-02-23,4771,Cuenca,Robo con violencia en domicilio.,TALLER-999,TALLER-999,32,333,2,2,TNB-4918,COND-TNB-4918,False,True,False,False,False,24,ROBO,
SIN-0476,POL-0476,ASEG-0012,Vehiculos,Cristales,2024-06-03,2024-06-21,20243,Loja,Rotura de parabrisas por impacto de piedra.,TALLER-008,TALLER-008,40,325,18,5,SDO-1847,COND-SDO-1847,False,True,False,False,False,24,CRISTALES,
SIN-0477,POL-0477,ASEG-0012,Vehiculos,Responsabilidad Civil,2024-04-23,2024-04-26,8267,Portoviejo,Daños irreparables por colisión frontal.,TALLER-777,TALLER-777,17,348,3,6,ESM-1234,COND-ESM-1234,True,True,False,False,False,24,RESPONSABILIDAD_CIVIL,
SIN-0478,POL-0478,ASEG-0069,Vehiculos,Pérdida Total,2025-01-02,2025-01-02,1796,Loja,Vehículo totalmente siniestrado en volcamiento.,TALLER-013,TALLER-013,293,72,0,2,AZY-1847,COND-AZY-1847,False,True,False,False,False,24,P_RDIDA_TOTAL,
SIN-0479,POL-0479,ASEG-0036,Vehiculos,Cristales,2024-10-10,2024-10-12,7596,Portoviejo,Rotura de parabrisas por impacto de piedra.,TALLER-002,TALLER-002,39,326,2,3,PIC-3847,COND-PIC-3847,False,True,False,False,False,24,CRISTALES,
SIN-0480,POL-0480,ASEG-0094,Vehiculos,Pérdida Total,2025-07-23,2025-07-24,5352,Ambato,Vehículo destruido en accidente de tránsito.,TALLER-012,TALLER-012,232,133,1,2,TNB-4918,COND-TNB-4918,False,True,False,False,False,24,P_RDIDA_TOTAL,
SIN-0481,POL-0481,ASEG-0013,Vehiculos,Robo,2025-02-13,2025-02-28,27510,Loja,Sustracción de bienes durante ausencia del hogar.,TALLER-007,TALLER-007,24,341,15,4,GYE-4837,COND-GYE-4837,False,True,False,False,False,24,ROBO,
SIN-0482,POL-0482,ASEG-0093,Vehiculos,Robo de Accesorios,2025-01-02,2025-01-03,8769,Guayaquil,Robo de airbags y pantalla en parqueadero.,TALLER-999,TALLER-999,20,345,1,4,AZY-1847,COND-AZY-1847,False,True,False,False,False,24,ROBO_DE_ACCESORIOS,
SIN-0483,POL-0483,ASEG-0032,Vehiculos,Choque,2024-05-17,2024-05-19,10826,Guayaquil,"Golpe trasero en cola de tráfico, testigos presentes.",TALLER-003,TALLER-003,14,351,2,3,PIC-2847,COND-PIC-2847,False,True,False,False,False,24,CHOQUE,
SIN-0484,POL-0484,ASEG-0036,Vehiculos,Cristales,2024-09-26,2024-09-27,2264,Riobamba,Parabrisas fisurado en autopista.,TALLER-020,TALLER-020,81,284,1,4,CHB-1029,COND-CHB-1029,False,True,False,False,False,24,CRISTALES,
SIN-0485,POL-0485,ASEG-0039,Vehiculos,Robo de Accesorios,2024-03-11,2024-03-25,11892,Cuenca,Robo de airbags y pantalla en parqueadero.,TALLER-020,TALLER-020,20,345,14,7,GYE-2918,COND-GYE-2918,False,True,False,False,False,24,ROBO_DE_ACCESORIOS,
SIN-0486,POL-0486,ASEG-0097,Vehiculos,Robo,2025-01-15,2025-01-16,2784,Guayaquil,Robo de joyas y equipos electrónicos.,TALLER-002,TALLER-002,288,77,1,2,CHB-5523,COND-CHB-5523,False,True,False,False,False,24,ROBO,
SIN-0487,POL-0487,ASEG-0047,Vehiculos,Robo de Accesorios,2025-06-25,2025-06-26,1779,Cuenca,Sustracción de rines y estéreo durante la noche.,TALLER-007,TALLER-007,325,40,1,1,SDO-1847,COND-SDO-1847,False,True,False,False,False,24,ROBO_DE_ACCESORIOS,
SIN-0488,POL-0488,ASEG-0031,Salud,Hospitalización,2024-05-17,2024-05-18,18712,Manta,Hospitalización de emergencia por apendicitis.,PROV-018,PROV-018,65,300,1,3,,,False,True,False,False,False,24,HOSPITALIZACI_N,
SIN-0489,POL-0489,ASEG-0052,Salud,Urgencias,2024-07-03,2024-07-05,25393,Guayaquil,Siniestro reportado con documentación.,PROV-022,PROV-022,54,311,2,1,,,False,True,False,False,False,24,URGENCIAS,
SIN-0490,POL-0490,ASEG-0020,Vehiculos,Responsabilidad Civil,2025-01-27,2025-01-27,2563,Ibarra,Raspón lateral a vehículo estacionado.,TALLER-015,TALLER-015,198,167,0,1,GYE-2918,COND-GYE-2918,True,True,False,False,False,24,RESPONSABILIDAD_CIVIL,
SIN-0491,POL-0491,ASEG-0029,Vehiculos,Responsabilidad Civil,2024-06-12,2024-06-12,7449,Quito,Raspón lateral a vehículo estacionado.,TALLER-004,TALLER-004,113,252,0,2,TNB-0192,COND-TNB-0192,True,True,False,False,False,24,RESPONSABILIDAD_CIVIL,
SIN-0492,POL-0492,ASEG-0071,Hogar,Daño por Agua,2024-03-26,2024-04-12,6669,Portoviejo,Siniestro reportado con documentación.,PROV-016,PROV-016,35,330,17,3,,,False,True,False,False,False,24,DA_O_POR_AGUA,
SIN-0493,POL-0493,ASEG-0093,Vehiculos,Cristales,2025-02-02,2025-02-04,7448,Loja,Vidrio lateral roto por vandalismo.,TALLER-777,TALLER-777,36,329,2,5,PIC-1234,COND-PIC-1234,False,True,False,False,False,24,CRISTALES,
SIN-0494,POL-0494,ASEG-0012,Vehiculos,Cristales,2024-03-15,2024-03-15,11051,Guayaquil,Robo de joyas y equipos electrónicos.,TALLER-005,TALLER-005,35,330,0,7,LOJ-2847,COND-LOJ-2847,False,True,False,False,False,24,CRISTALES,
SIN-0495,POL-0495,ASEG-0052,Vehiculos,Choque,2024-05-02,2024-05-04,2471,Portoviejo,Colisión en tráfico urbano con parte policial y fotografías.,TALLER-008,TALLER-008,25,340,2,2,CHB-4472,COND-CHB-4472,False,True,False,False,False,24,CHOQUE,
SIN-0496,POL-0496,ASEG-0018,Vehiculos,Robo de Accesorios,2024-02-10,2024-02-12,12105,Loja,Sustracción de rines y estéreo durante la noche.,TALLER-012,TALLER-012,14,351,2,3,GYE-8371,COND-GYE-8371,False,True,False,False,False,24,ROBO_DE_ACCESORIOS,
SIN-0497,POL-0497,ASEG-0095,Hogar,Rotura de Cristales,2024-05-26,2024-05-26,13112,Ibarra,Colisión en rotonda con vehículo de tercero.,PROV-018,PROV-018,35,330,0,5,,,False,True,False,False,False,24,ROTURA_DE_CRISTALES,
SIN-0498,POL-0498,ASEG-0046,Vehiculos,Choque,2024-08-28,2024-09-01,8438,Guayaquil,"Golpe trasero en cola de tráfico, testigos presentes.",TALLER-012,TALLER-012,20,345,4,4,PIC-9182,COND-PIC-9182,False,True,False,False,False,24,CHOQUE,
SIN-0499,POL-0499,ASEG-0069,Vehiculos,Responsabilidad Civil,2024-09-26,2024-09-26,6602,Guayaquil,"Impacto posterior en intersección, tercero no identificado.",TALLER-013,TALLER-013,45,320,0,3,ESM-1234,COND-ESM-1234,True,True,False,False,False,24,RESPONSABILIDAD_CIVIL,
SIN-0500,POL-0500,ASEG-0086,Vehiculos,Robo,2025-10-15,2025-10-17,3117,Riobamba,Robo de joyas y equipos electrónicos.,TALLER-005,TALLER-005,313,52,2,2,LOJ-2847,COND-LOJ-2847,False,True,False,False,False,24,ROBO,
